  0
SECTION
  2
HEADER
  9
$ACADVER
  1
AC1009
  9
$INSBASE
 10
0.000000
 20
0.000000
  9
$LIMMIN
 10
-191.778890
 20
-237.877096
  9
$LIMMAX
 10
380.929388
 20
350.900492
  9
$EXTMIN
 10
-191.778890
 20
-237.877096
  9
$EXTMAX
 10
380.929388
 20
350.900492
  9
$ATTMODE
 70
0
  9
$LUNITS
 70
2
  9
$LUPREC
 70
2
  9
$THICKNESS
 40
2.367280
  0
ENDSEC
  0
SECTION
  2
TABLES
  0
TABLE
  2
LTYPE
 70
1
  0
LTYPE
  3
Solid Line
  2
CONTINUOUS
 70
0
 72
65
 73
0
 40
0.000000
  0
ENDTAB
  0
TABLE
  2
LAYER
 70
7
  0
LAYER
  2
BG_SOLDERMASK_TOP
 70
0
 62
230
  6
CONTINUOUS
  0
LAYER
  2
BG_SILKSCREEN_TOP
 70
0
 62
7
  6
CONTINUOUS
  0
LAYER
  2
BG_OUTLINE
 70
0
 62
5
  6
CONTINUOUS
  0
LAYER
  2
PG_NEW-SILK-TOP
 70
0
 62
6
  6
CONTINUOUS
  0
LAYER
  2
PG_SOLDERMASK_TOP
 70
0
 62
230
  6
CONTINUOUS
  0
LAYER
  2
PG_SILKSCREEN_TOP
 70
0
 62
7
  6
CONTINUOUS
  0
LAYER
  2
PIN_TOP
 70
0
 62
92
  6
CONTINUOUS
  0
ENDTAB
  0
TABLE
  2
STYLE
 70
1
  0
STYLE
  2
STANDARD
 70
0
 40
0.000000
 41
1.000000
 50
0.000000
 71
0
 42
0.200000
  3
txt
  0
ENDTAB
  0
ENDSEC
  0
SECTION
  2
BLOCKS
  0
BLOCK
  8
0
  2
FIGURE_CIRCLE
 70
0
 10
0.000000
 20
0.000000
  0
CIRCLE
  8
0
 10
0.000000
 20
0.000000
 40
0.500000
  0
ENDBLK
  0
BLOCK
  8
0
  2
FIGURE_SQUARE
 70
0
 10
0.000000
 20
0.000000
  0
POLYLINE
  8
0
 66
1
 70
1
 40
0.000000
 41
0.000000
 39
0.000000
  0
VERTEX
  8
0
 10
-0.500000
 20
-0.500000
 40
0.000000
 41
0.000000
 42
0.000000
  0
VERTEX
  8
0
 10
-0.500000
 20
0.500000
 40
0.000000
 41
0.000000
 42
0.000000
  0
VERTEX
  8
0
 10
0.500000
 20
0.500000
 40
0.000000
 41
0.000000
 42
0.000000
  0
VERTEX
  8
0
 10
0.500000
 20
-0.500000
 40
0.000000
 41
0.000000
 42
0.000000
  0
SEQEND
  0
ENDBLK
  0
BLOCK
  8
0
  2
FIGURE_HEX
 70
0
 10
0.000000
 20
0.000000
  0
POLYLINE
  8
0
 66
1
 70
1
 40
0.000000
 41
0.000000
 39
0.000000
  0
VERTEX
  8
0
 10
-0.500000
 20
0.000000
 40
0.000000
 41
0.000000
 42
0.000000
  0
VERTEX
  8
0
 10
-0.250000
 20
0.500000
 40
0.000000
 41
0.000000
 42
0.000000
  0
VERTEX
  8
0
 10
0.250000
 20
0.500000
 40
0.000000
 41
0.000000
 42
0.000000
  0
VERTEX
  8
0
 10
0.500000
 20
0.000000
 40
0.000000
 41
0.000000
 42
0.000000
  0
VERTEX
  8
0
 10
0.250000
 20
-0.500000
 40
0.000000
 41
0.000000
 42
0.000000
  0
VERTEX
  8
0
 10
-0.250000
 20
-0.500000
 40
0.000000
 41
0.000000
 42
0.000000
  0
SEQEND
  0
ENDBLK
  0
BLOCK
  8
0
  2
FIGURE_OCT
 70
0
 10
0.000000
 20
0.000000
  0
POLYLINE
  8
0
 66
1
 70
1
 40
0.000000
 41
0.000000
 39
0.000000
  0
VERTEX
  8
0
 10
-0.500000
 20
-0.207100
 40
0.000000
 41
0.000000
 42
0.000000
  0
VERTEX
  8
0
 10
-0.500000
 20
0.207100
 40
0.000000
 41
0.000000
 42
0.000000
  0
VERTEX
  8
0
 10
-0.207100
 20
0.500000
 40
0.000000
 41
0.000000
 42
0.000000
  0
VERTEX
  8
0
 10
0.207100
 20
0.500000
 40
0.000000
 41
0.000000
 42
0.000000
  0
VERTEX
  8
0
 10
0.500000
 20
0.207100
 40
0.000000
 41
0.000000
 42
0.000000
  0
VERTEX
  8
0
 10
0.500000
 20
-0.207100
 40
0.000000
 41
0.000000
 42
0.000000
  0
VERTEX
  8
0
 10
0.207100
 20
-0.500000
 40
0.000000
 41
0.000000
 42
0.000000
  0
VERTEX
  8
0
 10
-0.207100
 20
-0.500000
 40
0.000000
 41
0.000000
 42
0.000000
  0
SEQEND
  0
ENDBLK
  0
BLOCK
  8
0
  2
FIGURE_OBLONG
 70
0
 10
0.000000
 20
0.000000
  0
POLYLINE
  8
0
 66
1
 70
1
 40
0.000000
 41
0.000000
 39
0.000000
  0
VERTEX
  8
0
 10
-0.500000
 20
-0.125000
 40
0.000000
 41
0.000000
 42
0.000000
  0
VERTEX
  8
0
 10
-0.500000
 20
0.125000
 40
0.000000
 41
0.000000
 42
0.000000
  0
VERTEX
  8
0
 10
-0.416000
 20
0.375000
 40
0.000000
 41
0.000000
 42
0.000000
  0
VERTEX
  8
0
 10
-0.250000
 20
0.500000
 40
0.000000
 41
0.000000
 42
0.000000
  0
VERTEX
  8
0
 10
0.250000
 20
0.500000
 40
0.000000
 41
0.000000
 42
0.000000
  0
VERTEX
  8
0
 10
0.416000
 20
0.375000
 40
0.000000
 41
0.000000
 42
0.000000
  0
VERTEX
  8
0
 10
0.500000
 20
0.125000
 40
0.000000
 41
0.000000
 42
0.000000
  0
VERTEX
  8
0
 10
0.500000
 20
-0.125000
 40
0.000000
 41
0.000000
 42
0.000000
  0
VERTEX
  8
0
 10
0.416000
 20
-0.375000
 40
0.000000
 41
0.000000
 42
0.000000
  0
VERTEX
  8
0
 10
0.250000
 20
-0.500000
 40
0.000000
 41
0.000000
 42
0.000000
  0
VERTEX
  8
0
 10
-0.250000
 20
-0.500000
 40
0.000000
 41
0.000000
 42
0.000000
  0
VERTEX
  8
0
 10
-0.416000
 20
-0.375000
 40
0.000000
 41
0.000000
 42
0.000000
  0
SEQEND
  0
ENDBLK
  0
BLOCK
  8
0
  2
FIGURE_TRI
 70
0
 10
0.000000
 20
0.000000
  0
POLYLINE
  8
0
 66
1
 70
1
 40
0.000000
 41
0.000000
 39
0.000000
  0
VERTEX
  8
0
 10
-0.500000
 20
-0.500000
 40
0.000000
 41
0.000000
 42
0.000000
  0
VERTEX
  8
0
 10
0.000000
 20
0.500000
 40
0.000000
 41
0.000000
 42
0.000000
  0
VERTEX
  8
0
 10
0.500000
 20
-0.500000
 40
0.000000
 41
0.000000
 42
0.000000
  0
SEQEND
  0
ENDBLK
  0
BLOCK
  8
0
  2
FIGURE_CROSS
 70
0
 10
0.000000
 20
0.000000
  0
POLYLINE
  8
0
 66
1
 70
0
 40
0.000000
 41
0.000000
 39
0.000000
  0
VERTEX
  8
0
 10
-0.500000
 20
0.000000
 40
0.000000
 41
0.000000
 42
0.000000
  0
VERTEX
  8
0
 10
0.500000
 20
0.000000
 40
0.000000
 41
0.000000
 42
0.000000
  0
SEQEND
  0
POLYLINE
  8
0
 66
1
 70
0
 40
0.000000
 41
0.000000
 39
0.000000
  0
VERTEX
  8
0
 10
0.000000
 20
0.500000
 40
0.000000
 41
0.000000
 42
0.000000
  0
VERTEX
  8
0
 10
0.000000
 20
-0.500000
 40
0.000000
 41
0.000000
 42
0.000000
  0
SEQEND
  0
ENDBLK
  0
BLOCK
  8
0
  2
FIGURE_DIAMOND
 70
0
 10
0.000000
 20
0.000000
  0
POLYLINE
  8
0
 66
1
 70
1
 40
0.000000
 41
0.000000
 39
0.000000
  0
VERTEX
  8
0
 10
-0.500000
 20
0.000000
 40
0.000000
 41
0.000000
 42
0.000000
  0
VERTEX
  8
0
 10
0.000000
 20
0.500000
 40
0.000000
 41
0.000000
 42
0.000000
  0
VERTEX
  8
0
 10
0.500000
 20
0.000000
 40
0.000000
 41
0.000000
 42
0.000000
  0
VERTEX
  8
0
 10
0.000000
 20
-0.500000
 40
0.000000
 41
0.000000
 42
0.000000
  0
SEQEND
  0
ENDBLK
  0
ENDSEC
  0
SECTION
  2
ENTITIES
  0
POLYLINE
  8
PIN_TOP
 66
1
 70
1
 40
0.000000
 41
0.000000
 39
0.000000
  0
VERTEX
  8
PIN_TOP
 10
69.253100
 20
48.304196
 40
0.000000
 41
0.000000
 42
0.000000
  0
VERTEX
  8
PIN_TOP
 10
69.253100
 20
49.396396
 40
0.000000
 41
0.000000
 42
0.000000
  0
VERTEX
  8
PIN_TOP
 10
69.761100
 20
49.396396
 40
0.000000
 41
0.000000
 42
0.000000
  0
VERTEX
  8
PIN_TOP
 10
69.761100
 20
48.304196
 40
0.000000
 41
0.000000
 42
0.000000
  0
SEQEND
  0
POLYLINE
  8
PIN_TOP
 66
1
 70
1
 40
0.000000
 41
0.000000
 39
0.000000
  0
VERTEX
  8
PIN_TOP
 10
70.053200
 20
48.304196
 40
0.000000
 41
0.000000
 42
0.000000
  0
VERTEX
  8
PIN_TOP
 10
70.053200
 20
49.396396
 40
0.000000
 41
0.000000
 42
0.000000
  0
VERTEX
  8
PIN_TOP
 10
70.561200
 20
49.396396
 40
0.000000
 41
0.000000
 42
0.000000
  0
VERTEX
  8
PIN_TOP
 10
70.561200
 20
48.304196
 40
0.000000
 41
0.000000
 42
0.000000
  0
SEQEND
  0
POLYLINE
  8
PIN_TOP
 66
1
 70
1
 40
0.000000
 41
0.000000
 39
0.000000
  0
VERTEX
  8
PIN_TOP
 10
70.853300
 20
48.304196
 40
0.000000
 41
0.000000
 42
0.000000
  0
VERTEX
  8
PIN_TOP
 10
70.853300
 20
49.396396
 40
0.000000
 41
0.000000
 42
0.000000
  0
VERTEX
  8
PIN_TOP
 10
71.361300
 20
49.396396
 40
0.000000
 41
0.000000
 42
0.000000
  0
VERTEX
  8
PIN_TOP
 10
71.361300
 20
48.304196
 40
0.000000
 41
0.000000
 42
0.000000
  0
SEQEND
  0
POLYLINE
  8
PIN_TOP
 66
1
 70
1
 40
0.000000
 41
0.000000
 39
0.000000
  0
VERTEX
  8
PIN_TOP
 10
71.810372
 20
46.599348
 40
0.000000
 41
0.000000
 42
0.000000
  0
VERTEX
  8
PIN_TOP
 10
71.810372
 20
48.301148
 40
0.000000
 41
0.000000
 42
0.000000
  0
VERTEX
  8
PIN_TOP
 10
73.004172
 20
48.301148
 40
0.000000
 41
0.000000
 42
0.000000
  0
VERTEX
  8
PIN_TOP
 10
73.004172
 20
46.599348
 40
0.000000
 41
0.000000
 42
0.000000
  0
SEQEND
  0
POLYLINE
  8
PIN_TOP
 66
1
 70
1
 40
0.000000
 41
0.000000
 39
0.000000
  0
VERTEX
  8
PIN_TOP
 10
67.610228
 20
46.599348
 40
0.000000
 41
0.000000
 42
0.000000
  0
VERTEX
  8
PIN_TOP
 10
67.610228
 20
48.301148
 40
0.000000
 41
0.000000
 42
0.000000
  0
VERTEX
  8
PIN_TOP
 10
68.804028
 20
48.301148
 40
0.000000
 41
0.000000
 42
0.000000
  0
VERTEX
  8
PIN_TOP
 10
68.804028
 20
46.599348
 40
0.000000
 41
0.000000
 42
0.000000
  0
SEQEND
  0
POLYLINE
  8
PG_NEW-SILK-TOP
 66
1
 70
0
 40
0.000000
 41
0.000000
 39
0.000000
  0
VERTEX
  8
PG_NEW-SILK-TOP
 10
72.707246
 20
46.200314
 40
0.152400
 41
0.152400
 42
0.000000
  0
VERTEX
  8
PG_NEW-SILK-TOP
 10
72.707246
 20
46.389544
 40
0.152400
 41
0.152400
 42
0.000000
  0
SEQEND
  0
POLYLINE
  8
PG_NEW-SILK-TOP
 66
1
 70
0
 40
0.000000
 41
0.000000
 39
0.000000
  0
VERTEX
  8
PG_NEW-SILK-TOP
 10
72.707246
 20
49.000410
 40
0.152400
 41
0.152400
 42
0.000000
  0
VERTEX
  8
PG_NEW-SILK-TOP
 10
72.707246
 20
48.498760
 40
0.152400
 41
0.152400
 42
0.000000
  0
SEQEND
  0
POLYLINE
  8
PG_NEW-SILK-TOP
 66
1
 70
0
 40
0.000000
 41
0.000000
 39
0.000000
  0
VERTEX
  8
PG_NEW-SILK-TOP
 10
67.957192
 20
49.000410
 40
0.152400
 41
0.152400
 42
0.000000
  0
VERTEX
  8
PG_NEW-SILK-TOP
 10
67.957192
 20
48.498760
 40
0.152400
 41
0.152400
 42
0.000000
  0
SEQEND
  0
POLYLINE
  8
PG_NEW-SILK-TOP
 66
1
 70
0
 40
0.000000
 41
0.000000
 39
0.000000
  0
VERTEX
  8
PG_NEW-SILK-TOP
 10
67.957192
 20
46.200314
 40
0.152400
 41
0.152400
 42
0.000000
  0
VERTEX
  8
PG_NEW-SILK-TOP
 10
67.957192
 20
46.389544
 40
0.152400
 41
0.152400
 42
0.000000
  0
SEQEND
  0
POLYLINE
  8
PG_NEW-SILK-TOP
 66
1
 70
0
 40
0.000000
 41
0.000000
 39
0.000000
  0
VERTEX
  8
PG_NEW-SILK-TOP
 10
72.707246
 20
49.000410
 40
0.152400
 41
0.152400
 42
0.000000
  0
VERTEX
  8
PG_NEW-SILK-TOP
 10
71.528686
 20
49.000410
 40
0.152400
 41
0.152400
 42
0.000000
  0
SEQEND
  0
POLYLINE
  8
PG_NEW-SILK-TOP
 66
1
 70
0
 40
0.000000
 41
0.000000
 39
0.000000
  0
VERTEX
  8
PG_NEW-SILK-TOP
 10
67.957192
 20
49.000410
 40
0.152400
 41
0.152400
 42
0.000000
  0
VERTEX
  8
PG_NEW-SILK-TOP
 10
69.030342
 20
49.000410
 40
0.152400
 41
0.152400
 42
0.000000
  0
SEQEND
  0
POLYLINE
  8
PG_NEW-SILK-TOP
 66
1
 70
0
 40
0.000000
 41
0.000000
 39
0.000000
  0
VERTEX
  8
PG_NEW-SILK-TOP
 10
72.707246
 20
46.200314
 40
0.152400
 41
0.152400
 42
0.000000
  0
VERTEX
  8
PG_NEW-SILK-TOP
 10
67.957192
 20
46.200314
 40
0.152400
 41
0.152400
 42
0.000000
  0
SEQEND
  0
POLYLINE
  8
PIN_TOP
 66
1
 70
1
 40
0.000000
 41
0.000000
 39
0.000000
  0
VERTEX
  8
PIN_TOP
 10
73.876408
 20
59.398916
 40
0.000000
 41
0.000000
 42
0.000000
  0
VERTEX
  8
PIN_TOP
 10
73.026524
 20
59.398916
 40
0.000000
 41
0.000000
 42
0.000000
  0
VERTEX
  8
PIN_TOP
 10
73.026524
 20
59.618880
 40
0.000000
 41
0.000000
 42
0.000000
  0
VERTEX
  8
PIN_TOP
 10
73.876408
 20
59.618880
 40
0.000000
 41
0.000000
 42
0.000000
  0
SEQEND
  0
POLYLINE
  8
PIN_TOP
 66
1
 70
1
 40
0.000000
 41
0.000000
 39
0.000000
  0
VERTEX
  8
PIN_TOP
 10
75.176507
 20
59.198764
 40
0.000000
 41
0.000000
 42
0.000000
  0
VERTEX
  8
PIN_TOP
 10
74.176509
 20
59.198764
 40
0.000000
 41
0.000000
 42
0.000000
  0
VERTEX
  8
PIN_TOP
 10
74.176509
 20
59.418728
 40
0.000000
 41
0.000000
 42
0.000000
  0
VERTEX
  8
PIN_TOP
 10
75.176507
 20
59.418728
 40
0.000000
 41
0.000000
 42
0.000000
  0
SEQEND
  0
POLYLINE
  8
PIN_TOP
 66
1
 70
1
 40
0.000000
 41
0.000000
 39
0.000000
  0
VERTEX
  8
PIN_TOP
 10
73.876408
 20
58.998866
 40
0.000000
 41
0.000000
 42
0.000000
  0
VERTEX
  8
PIN_TOP
 10
73.026524
 20
58.998866
 40
0.000000
 41
0.000000
 42
0.000000
  0
VERTEX
  8
PIN_TOP
 10
73.026524
 20
59.218830
 40
0.000000
 41
0.000000
 42
0.000000
  0
VERTEX
  8
PIN_TOP
 10
73.876408
 20
59.218830
 40
0.000000
 41
0.000000
 42
0.000000
  0
SEQEND
  0
POLYLINE
  8
PIN_TOP
 66
1
 70
1
 40
0.000000
 41
0.000000
 39
0.000000
  0
VERTEX
  8
PIN_TOP
 10
75.176507
 20
58.798714
 40
0.000000
 41
0.000000
 42
0.000000
  0
VERTEX
  8
PIN_TOP
 10
74.176509
 20
58.798714
 40
0.000000
 41
0.000000
 42
0.000000
  0
VERTEX
  8
PIN_TOP
 10
74.176509
 20
59.018678
 40
0.000000
 41
0.000000
 42
0.000000
  0
VERTEX
  8
PIN_TOP
 10
75.176507
 20
59.018678
 40
0.000000
 41
0.000000
 42
0.000000
  0
SEQEND
  0
POLYLINE
  8
PIN_TOP
 66
1
 70
1
 40
0.000000
 41
0.000000
 39
0.000000
  0
VERTEX
  8
PIN_TOP
 10
73.876408
 20
58.598816
 40
0.000000
 41
0.000000
 42
0.000000
  0
VERTEX
  8
PIN_TOP
 10
73.026524
 20
58.598816
 40
0.000000
 41
0.000000
 42
0.000000
  0
VERTEX
  8
PIN_TOP
 10
73.026524
 20
58.818780
 40
0.000000
 41
0.000000
 42
0.000000
  0
VERTEX
  8
PIN_TOP
 10
73.876408
 20
58.818780
 40
0.000000
 41
0.000000
 42
0.000000
  0
SEQEND
  0
POLYLINE
  8
PIN_TOP
 66
1
 70
1
 40
0.000000
 41
0.000000
 39
0.000000
  0
VERTEX
  8
PIN_TOP
 10
75.176507
 20
58.398918
 40
0.000000
 41
0.000000
 42
0.000000
  0
VERTEX
  8
PIN_TOP
 10
74.176509
 20
58.398918
 40
0.000000
 41
0.000000
 42
0.000000
  0
VERTEX
  8
PIN_TOP
 10
74.176509
 20
58.618882
 40
0.000000
 41
0.000000
 42
0.000000
  0
VERTEX
  8
PIN_TOP
 10
75.176507
 20
58.618882
 40
0.000000
 41
0.000000
 42
0.000000
  0
SEQEND
  0
POLYLINE
  8
PIN_TOP
 66
1
 70
1
 40
0.000000
 41
0.000000
 39
0.000000
  0
VERTEX
  8
PIN_TOP
 10
73.876408
 20
58.198766
 40
0.000000
 41
0.000000
 42
0.000000
  0
VERTEX
  8
PIN_TOP
 10
73.026524
 20
58.198766
 40
0.000000
 41
0.000000
 42
0.000000
  0
VERTEX
  8
PIN_TOP
 10
73.026524
 20
58.418730
 40
0.000000
 41
0.000000
 42
0.000000
  0
VERTEX
  8
PIN_TOP
 10
73.876408
 20
58.418730
 40
0.000000
 41
0.000000
 42
0.000000
  0
SEQEND
  0
POLYLINE
  8
PIN_TOP
 66
1
 70
1
 40
0.000000
 41
0.000000
 39
0.000000
  0
VERTEX
  8
PIN_TOP
 10
75.176507
 20
57.998868
 40
0.000000
 41
0.000000
 42
0.000000
  0
VERTEX
  8
PIN_TOP
 10
74.176509
 20
57.998868
 40
0.000000
 41
0.000000
 42
0.000000
  0
VERTEX
  8
PIN_TOP
 10
74.176509
 20
58.218832
 40
0.000000
 41
0.000000
 42
0.000000
  0
VERTEX
  8
PIN_TOP
 10
75.176507
 20
58.218832
 40
0.000000
 41
0.000000
 42
0.000000
  0
SEQEND
  0
POLYLINE
  8
PIN_TOP
 66
1
 70
1
 40
0.000000
 41
0.000000
 39
0.000000
  0
VERTEX
  8
PIN_TOP
 10
73.876408
 20
57.798716
 40
0.000000
 41
0.000000
 42
0.000000
  0
VERTEX
  8
PIN_TOP
 10
73.026524
 20
57.798716
 40
0.000000
 41
0.000000
 42
0.000000
  0
VERTEX
  8
PIN_TOP
 10
73.026524
 20
58.018680
 40
0.000000
 41
0.000000
 42
0.000000
  0
VERTEX
  8
PIN_TOP
 10
73.876408
 20
58.018680
 40
0.000000
 41
0.000000
 42
0.000000
  0
SEQEND
  0
POLYLINE
  8
PIN_TOP
 66
1
 70
1
 40
0.000000
 41
0.000000
 39
0.000000
  0
VERTEX
  8
PIN_TOP
 10
75.176507
 20
57.598818
 40
0.000000
 41
0.000000
 42
0.000000
  0
VERTEX
  8
PIN_TOP
 10
74.176509
 20
57.598818
 40
0.000000
 41
0.000000
 42
0.000000
  0
VERTEX
  8
PIN_TOP
 10
74.176509
 20
57.818782
 40
0.000000
 41
0.000000
 42
0.000000
  0
VERTEX
  8
PIN_TOP
 10
75.176507
 20
57.818782
 40
0.000000
 41
0.000000
 42
0.000000
  0
SEQEND
  0
POLYLINE
  8
PIN_TOP
 66
1
 70
1
 40
0.000000
 41
0.000000
 39
0.000000
  0
VERTEX
  8
PIN_TOP
 10
73.876408
 20
57.398920
 40
0.000000
 41
0.000000
 42
0.000000
  0
VERTEX
  8
PIN_TOP
 10
73.026524
 20
57.398920
 40
0.000000
 41
0.000000
 42
0.000000
  0
VERTEX
  8
PIN_TOP
 10
73.026524
 20
57.618884
 40
0.000000
 41
0.000000
 42
0.000000
  0
VERTEX
  8
PIN_TOP
 10
73.876408
 20
57.618884
 40
0.000000
 41
0.000000
 42
0.000000
  0
SEQEND
  0
POLYLINE
  8
PIN_TOP
 66
1
 70
1
 40
0.000000
 41
0.000000
 39
0.000000
  0
VERTEX
  8
PIN_TOP
 10
75.176507
 20
57.198768
 40
0.000000
 41
0.000000
 42
0.000000
  0
VERTEX
  8
PIN_TOP
 10
74.176509
 20
57.198768
 40
0.000000
 41
0.000000
 42
0.000000
  0
VERTEX
  8
PIN_TOP
 10
74.176509
 20
57.418732
 40
0.000000
 41
0.000000
 42
0.000000
  0
VERTEX
  8
PIN_TOP
 10
75.176507
 20
57.418732
 40
0.000000
 41
0.000000
 42
0.000000
  0
SEQEND
  0
POLYLINE
  8
PIN_TOP
 66
1
 70
1
 40
0.000000
 41
0.000000
 39
0.000000
  0
VERTEX
  8
PIN_TOP
 10
73.876408
 20
56.998870
 40
0.000000
 41
0.000000
 42
0.000000
  0
VERTEX
  8
PIN_TOP
 10
73.026524
 20
56.998870
 40
0.000000
 41
0.000000
 42
0.000000
  0
VERTEX
  8
PIN_TOP
 10
73.026524
 20
57.218834
 40
0.000000
 41
0.000000
 42
0.000000
  0
VERTEX
  8
PIN_TOP
 10
73.876408
 20
57.218834
 40
0.000000
 41
0.000000
 42
0.000000
  0
SEQEND
  0
POLYLINE
  8
PIN_TOP
 66
1
 70
1
 40
0.000000
 41
0.000000
 39
0.000000
  0
VERTEX
  8
PIN_TOP
 10
75.176507
 20
56.798718
 40
0.000000
 41
0.000000
 42
0.000000
  0
VERTEX
  8
PIN_TOP
 10
74.176509
 20
56.798718
 40
0.000000
 41
0.000000
 42
0.000000
  0
VERTEX
  8
PIN_TOP
 10
74.176509
 20
57.018682
 40
0.000000
 41
0.000000
 42
0.000000
  0
VERTEX
  8
PIN_TOP
 10
75.176507
 20
57.018682
 40
0.000000
 41
0.000000
 42
0.000000
  0
SEQEND
  0
POLYLINE
  8
PIN_TOP
 66
1
 70
1
 40
0.000000
 41
0.000000
 39
0.000000
  0
VERTEX
  8
PIN_TOP
 10
73.876408
 20
56.598820
 40
0.000000
 41
0.000000
 42
0.000000
  0
VERTEX
  8
PIN_TOP
 10
73.026524
 20
56.598820
 40
0.000000
 41
0.000000
 42
0.000000
  0
VERTEX
  8
PIN_TOP
 10
73.026524
 20
56.818784
 40
0.000000
 41
0.000000
 42
0.000000
  0
VERTEX
  8
PIN_TOP
 10
73.876408
 20
56.818784
 40
0.000000
 41
0.000000
 42
0.000000
  0
SEQEND
  0
POLYLINE
  8
PIN_TOP
 66
1
 70
1
 40
0.000000
 41
0.000000
 39
0.000000
  0
VERTEX
  8
PIN_TOP
 10
75.176507
 20
56.398922
 40
0.000000
 41
0.000000
 42
0.000000
  0
VERTEX
  8
PIN_TOP
 10
74.176509
 20
56.398922
 40
0.000000
 41
0.000000
 42
0.000000
  0
VERTEX
  8
PIN_TOP
 10
74.176509
 20
56.618886
 40
0.000000
 41
0.000000
 42
0.000000
  0
VERTEX
  8
PIN_TOP
 10
75.176507
 20
56.618886
 40
0.000000
 41
0.000000
 42
0.000000
  0
SEQEND
  0
POLYLINE
  8
PIN_TOP
 66
1
 70
1
 40
0.000000
 41
0.000000
 39
0.000000
  0
VERTEX
  8
PIN_TOP
 10
73.876408
 20
56.198770
 40
0.000000
 41
0.000000
 42
0.000000
  0
VERTEX
  8
PIN_TOP
 10
73.026524
 20
56.198770
 40
0.000000
 41
0.000000
 42
0.000000
  0
VERTEX
  8
PIN_TOP
 10
73.026524
 20
56.418734
 40
0.000000
 41
0.000000
 42
0.000000
  0
VERTEX
  8
PIN_TOP
 10
73.876408
 20
56.418734
 40
0.000000
 41
0.000000
 42
0.000000
  0
SEQEND
  0
POLYLINE
  8
PIN_TOP
 66
1
 70
1
 40
0.000000
 41
0.000000
 39
0.000000
  0
VERTEX
  8
PIN_TOP
 10
75.176507
 20
55.998872
 40
0.000000
 41
0.000000
 42
0.000000
  0
VERTEX
  8
PIN_TOP
 10
74.176509
 20
55.998872
 40
0.000000
 41
0.000000
 42
0.000000
  0
VERTEX
  8
PIN_TOP
 10
74.176509
 20
56.218836
 40
0.000000
 41
0.000000
 42
0.000000
  0
VERTEX
  8
PIN_TOP
 10
75.176507
 20
56.218836
 40
0.000000
 41
0.000000
 42
0.000000
  0
SEQEND
  0
POLYLINE
  8
PIN_TOP
 66
1
 70
1
 40
0.000000
 41
0.000000
 39
0.000000
  0
VERTEX
  8
PIN_TOP
 10
73.876408
 20
55.798720
 40
0.000000
 41
0.000000
 42
0.000000
  0
VERTEX
  8
PIN_TOP
 10
73.026524
 20
55.798720
 40
0.000000
 41
0.000000
 42
0.000000
  0
VERTEX
  8
PIN_TOP
 10
73.026524
 20
56.018684
 40
0.000000
 41
0.000000
 42
0.000000
  0
VERTEX
  8
PIN_TOP
 10
73.876408
 20
56.018684
 40
0.000000
 41
0.000000
 42
0.000000
  0
SEQEND
  0
POLYLINE
  8
PIN_TOP
 66
1
 70
1
 40
0.000000
 41
0.000000
 39
0.000000
  0
VERTEX
  8
PIN_TOP
 10
77.667612
 20
55.370730
 40
0.000000
 41
0.000000
 42
0.000000
  0
VERTEX
  8
PIN_TOP
 10
78.785212
 20
55.370730
 40
0.000000
 41
0.000000
 42
-1.000000
  0
VERTEX
  8
PIN_TOP
 10
78.785212
 20
53.846730
 40
0.000000
 41
0.000000
 42
0.000000
  0
VERTEX
  8
PIN_TOP
 10
77.667612
 20
53.846730
 40
0.000000
 41
0.000000
 42
-1.000000
  0
SEQEND
  0
POLYLINE
  8
PIN_TOP
 66
1
 70
1
 40
0.000000
 41
0.000000
 39
0.000000
  0
VERTEX
  8
PIN_TOP
 10
74.297794
 20
61.570870
 40
0.000000
 41
0.000000
 42
0.000000
  0
VERTEX
  8
PIN_TOP
 10
75.415394
 20
61.570870
 40
0.000000
 41
0.000000
 42
-1.000000
  0
VERTEX
  8
PIN_TOP
 10
75.415394
 20
60.046870
 40
0.000000
 41
0.000000
 42
0.000000
  0
VERTEX
  8
PIN_TOP
 10
74.297794
 20
60.046870
 40
0.000000
 41
0.000000
 42
-1.000000
  0
SEQEND
  0
POLYLINE
  8
PIN_TOP
 66
1
 70
1
 40
0.000000
 41
0.000000
 39
0.000000
  0
VERTEX
  8
PIN_TOP
 10
77.667612
 20
61.570870
 40
0.000000
 41
0.000000
 42
0.000000
  0
VERTEX
  8
PIN_TOP
 10
78.785212
 20
61.570870
 40
0.000000
 41
0.000000
 42
-1.000000
  0
VERTEX
  8
PIN_TOP
 10
78.785212
 20
60.046870
 40
0.000000
 41
0.000000
 42
0.000000
  0
VERTEX
  8
PIN_TOP
 10
77.667612
 20
60.046870
 40
0.000000
 41
0.000000
 42
-1.000000
  0
SEQEND
  0
POLYLINE
  8
PIN_TOP
 66
1
 70
1
 40
0.000000
 41
0.000000
 39
0.000000
  0
VERTEX
  8
PIN_TOP
 10
74.297794
 20
55.370730
 40
0.000000
 41
0.000000
 42
0.000000
  0
VERTEX
  8
PIN_TOP
 10
75.415394
 20
55.370730
 40
0.000000
 41
0.000000
 42
-1.000000
  0
VERTEX
  8
PIN_TOP
 10
75.415394
 20
53.846730
 40
0.000000
 41
0.000000
 42
0.000000
  0
VERTEX
  8
PIN_TOP
 10
74.297794
 20
53.846730
 40
0.000000
 41
0.000000
 42
-1.000000
  0
SEQEND
  0
POLYLINE
  8
PG_SILKSCREEN_TOP
 66
1
 70
0
 40
0.000000
 41
0.000000
 39
0.000000
  0
VERTEX
  8
PG_SILKSCREEN_TOP
 10
73.336404
 20
54.533800
 40
0.152400
 41
0.152400
 42
0.000000
  0
VERTEX
  8
PG_SILKSCREEN_TOP
 10
73.336404
 20
55.604410
 40
0.152400
 41
0.152400
 42
0.000000
  0
SEQEND
  0
POLYLINE
  8
PG_SILKSCREEN_TOP
 66
1
 70
0
 40
0.000000
 41
0.000000
 39
0.000000
  0
VERTEX
  8
PG_SILKSCREEN_TOP
 10
73.336404
 20
61.010800
 40
0.152400
 41
0.152400
 42
0.000000
  0
VERTEX
  8
PG_SILKSCREEN_TOP
 10
73.336404
 20
59.776360
 40
0.152400
 41
0.152400
 42
0.000000
  0
SEQEND
  0
POLYLINE
  8
PG_SILKSCREEN_TOP
 66
1
 70
0
 40
0.000000
 41
0.000000
 39
0.000000
  0
VERTEX
  8
PG_SILKSCREEN_TOP
 10
73.126600
 20
60.962794
 40
0.152400
 41
0.152400
 42
0.000000
  0
VERTEX
  8
PG_SILKSCREEN_TOP
 10
73.126600
 20
59.776360
 40
0.152400
 41
0.152400
 42
0.000000
  0
SEQEND
  0
POLYLINE
  8
PG_SILKSCREEN_TOP
 66
1
 70
0
 40
0.000000
 41
0.000000
 39
0.000000
  0
VERTEX
  8
PG_SILKSCREEN_TOP
 10
73.126600
 20
54.460902
 40
0.152400
 41
0.152400
 42
0.000000
  0
VERTEX
  8
PG_SILKSCREEN_TOP
 10
73.126600
 20
55.604410
 40
0.152400
 41
0.152400
 42
0.000000
  0
SEQEND
  0
POLYLINE
  8
PG_SILKSCREEN_TOP
 66
1
 70
0
 40
0.000000
 41
0.000000
 39
0.000000
  0
VERTEX
  8
PG_SILKSCREEN_TOP
 10
80.645508
 20
54.533800
 40
0.152400
 41
0.152400
 42
0.000000
  0
VERTEX
  8
PG_SILKSCREEN_TOP
 10
80.645508
 20
61.010800
 40
0.152400
 41
0.152400
 42
0.000000
  0
SEQEND
  0
POLYLINE
  8
PG_SILKSCREEN_TOP
 66
1
 70
0
 40
0.000000
 41
0.000000
 39
0.000000
  0
VERTEX
  8
PG_SILKSCREEN_TOP
 10
80.645508
 20
61.010800
 40
0.152400
 41
0.152400
 42
0.000000
  0
VERTEX
  8
PG_SILKSCREEN_TOP
 10
73.336404
 20
61.010800
 40
0.152400
 41
0.152400
 42
0.000000
  0
SEQEND
  0
POLYLINE
  8
PG_SILKSCREEN_TOP
 66
1
 70
0
 40
0.000000
 41
0.000000
 39
0.000000
  0
VERTEX
  8
PG_SILKSCREEN_TOP
 10
73.336404
 20
54.533800
 40
0.152400
 41
0.152400
 42
0.000000
  0
VERTEX
  8
PG_SILKSCREEN_TOP
 10
80.645508
 20
54.533800
 40
0.152400
 41
0.152400
 42
0.000000
  0
SEQEND
  0
POLYLINE
  8
PG_SILKSCREEN_TOP
 66
1
 70
0
 40
0.000000
 41
0.000000
 39
0.000000
  0
VERTEX
  8
PG_SILKSCREEN_TOP
 10
73.133458
 20
54.458870
 40
0.152400
 41
0.152400
 42
0.000000
  0
VERTEX
  8
PG_SILKSCREEN_TOP
 10
80.625442
 20
54.458870
 40
0.152400
 41
0.152400
 42
0.000000
  0
SEQEND
  0
POLYLINE
  8
PG_SILKSCREEN_TOP
 66
1
 70
0
 40
0.000000
 41
0.000000
 39
0.000000
  0
VERTEX
  8
PG_SILKSCREEN_TOP
 10
73.134474
 20
60.958730
 40
0.152400
 41
0.152400
 42
0.000000
  0
VERTEX
  8
PG_SILKSCREEN_TOP
 10
80.629506
 20
60.958730
 40
0.152400
 41
0.152400
 42
0.000000
  0
SEQEND
  0
POLYLINE
  8
PG_SILKSCREEN_TOP
 66
1
 70
0
 40
0.000000
 41
0.000000
 39
0.000000
  0
VERTEX
  8
PG_SILKSCREEN_TOP
 10
80.626458
 20
54.459886
 40
0.152400
 41
0.152400
 42
0.000000
  0
VERTEX
  8
PG_SILKSCREEN_TOP
 10
80.626458
 20
60.961778
 40
0.152400
 41
0.152400
 42
0.000000
  0
SEQEND
  0
POLYLINE
  8
PG_SILKSCREEN_TOP
 66
1
 70
0
 40
0.000000
 41
0.000000
 39
0.000000
  0
VERTEX
  8
PG_SILKSCREEN_TOP
 10
79.926434
 20
54.461918
 40
0.152400
 41
0.152400
 42
0.000000
  0
VERTEX
  8
PG_SILKSCREEN_TOP
 10
79.926434
 20
60.959746
 40
0.152400
 41
0.152400
 42
0.000000
  0
SEQEND
  0
CIRCLE
  8
PIN_TOP
 10
70.923658
 20
92.603320
 40
0.135001
  0
CIRCLE
  8
PIN_TOP
 10
70.923658
 20
91.803220
 40
0.135001
  0
CIRCLE
  8
PIN_TOP
 10
70.923658
 20
91.003374
 40
0.135001
  0
CIRCLE
  8
PIN_TOP
 10
70.923658
 20
90.203274
 40
0.135001
  0
CIRCLE
  8
PIN_TOP
 10
70.923658
 20
89.403174
 40
0.135001
  0
CIRCLE
  8
PIN_TOP
 10
70.923658
 20
87.003382
 40
0.135001
  0
CIRCLE
  8
PIN_TOP
 10
70.923658
 20
86.203282
 40
0.135001
  0
CIRCLE
  8
PIN_TOP
 10
70.923658
 20
85.403182
 40
0.135001
  0
CIRCLE
  8
PIN_TOP
 10
70.923658
 20
84.603336
 40
0.135001
  0
CIRCLE
  8
PIN_TOP
 10
70.923658
 20
83.803236
 40
0.135001
  0
CIRCLE
  8
PIN_TOP
 10
70.273672
 20
92.603320
 40
0.135001
  0
CIRCLE
  8
PIN_TOP
 10
70.273672
 20
91.803220
 40
0.135001
  0
CIRCLE
  8
PIN_TOP
 10
70.273672
 20
91.003374
 40
0.135001
  0
CIRCLE
  8
PIN_TOP
 10
70.273672
 20
90.203274
 40
0.135001
  0
CIRCLE
  8
PIN_TOP
 10
70.273672
 20
89.403174
 40
0.135001
  0
CIRCLE
  8
PIN_TOP
 10
70.273672
 20
87.003382
 40
0.135001
  0
CIRCLE
  8
PIN_TOP
 10
70.273672
 20
86.203282
 40
0.135001
  0
CIRCLE
  8
PIN_TOP
 10
70.273672
 20
85.403182
 40
0.135001
  0
CIRCLE
  8
PIN_TOP
 10
70.273672
 20
84.603336
 40
0.135001
  0
CIRCLE
  8
PIN_TOP
 10
70.273672
 20
83.803236
 40
0.135001
  0
CIRCLE
  8
PIN_TOP
 10
69.623686
 20
92.603320
 40
0.135001
  0
CIRCLE
  8
PIN_TOP
 10
69.623686
 20
91.803220
 40
0.135001
  0
CIRCLE
  8
PIN_TOP
 10
69.623686
 20
91.003374
 40
0.135001
  0
CIRCLE
  8
PIN_TOP
 10
69.623686
 20
90.203274
 40
0.135001
  0
CIRCLE
  8
PIN_TOP
 10
69.623686
 20
89.403174
 40
0.135001
  0
CIRCLE
  8
PIN_TOP
 10
69.623686
 20
87.003382
 40
0.135001
  0
CIRCLE
  8
PIN_TOP
 10
69.623686
 20
86.203282
 40
0.135001
  0
CIRCLE
  8
PIN_TOP
 10
69.623686
 20
85.403182
 40
0.135001
  0
CIRCLE
  8
PIN_TOP
 10
69.623686
 20
84.603336
 40
0.135001
  0
CIRCLE
  8
PIN_TOP
 10
69.623686
 20
83.803236
 40
0.135001
  0
CIRCLE
  8
PIN_TOP
 10
68.973700
 20
92.603320
 40
0.135001
  0
CIRCLE
  8
PIN_TOP
 10
68.973700
 20
91.803220
 40
0.135001
  0
CIRCLE
  8
PIN_TOP
 10
68.973700
 20
91.003374
 40
0.135001
  0
CIRCLE
  8
PIN_TOP
 10
68.973700
 20
90.203274
 40
0.135001
  0
CIRCLE
  8
PIN_TOP
 10
68.973700
 20
89.403174
 40
0.135001
  0
CIRCLE
  8
PIN_TOP
 10
68.973700
 20
87.003382
 40
0.135001
  0
CIRCLE
  8
PIN_TOP
 10
68.973700
 20
86.203282
 40
0.135001
  0
CIRCLE
  8
PIN_TOP
 10
68.973700
 20
85.403182
 40
0.135001
  0
CIRCLE
  8
PIN_TOP
 10
68.973700
 20
84.603336
 40
0.135001
  0
CIRCLE
  8
PIN_TOP
 10
68.973700
 20
83.803236
 40
0.135001
  0
CIRCLE
  8
PIN_TOP
 10
68.323714
 20
92.603320
 40
0.135001
  0
CIRCLE
  8
PIN_TOP
 10
68.323714
 20
91.803220
 40
0.135001
  0
CIRCLE
  8
PIN_TOP
 10
68.323714
 20
91.003374
 40
0.135001
  0
CIRCLE
  8
PIN_TOP
 10
68.323714
 20
90.203274
 40
0.135001
  0
CIRCLE
  8
PIN_TOP
 10
68.323714
 20
89.403174
 40
0.135001
  0
CIRCLE
  8
PIN_TOP
 10
68.323714
 20
87.003382
 40
0.135001
  0
CIRCLE
  8
PIN_TOP
 10
68.323714
 20
86.203282
 40
0.135001
  0
CIRCLE
  8
PIN_TOP
 10
68.323714
 20
85.403182
 40
0.135001
  0
CIRCLE
  8
PIN_TOP
 10
68.323714
 20
84.603336
 40
0.135001
  0
CIRCLE
  8
PIN_TOP
 10
68.323714
 20
83.803236
 40
0.135001
  0
CIRCLE
  8
PIN_TOP
 10
67.673728
 20
92.603320
 40
0.135001
  0
CIRCLE
  8
PIN_TOP
 10
67.673728
 20
91.803220
 40
0.135001
  0
CIRCLE
  8
PIN_TOP
 10
67.673728
 20
91.003374
 40
0.135001
  0
CIRCLE
  8
PIN_TOP
 10
67.673728
 20
90.203274
 40
0.135001
  0
CIRCLE
  8
PIN_TOP
 10
67.673728
 20
89.403174
 40
0.135001
  0
CIRCLE
  8
PIN_TOP
 10
67.673728
 20
87.003382
 40
0.135001
  0
CIRCLE
  8
PIN_TOP
 10
67.673728
 20
86.203282
 40
0.135001
  0
CIRCLE
  8
PIN_TOP
 10
67.673728
 20
85.403182
 40
0.135001
  0
CIRCLE
  8
PIN_TOP
 10
67.673728
 20
84.603336
 40
0.135001
  0
CIRCLE
  8
PIN_TOP
 10
67.673728
 20
83.803236
 40
0.135001
  0
CIRCLE
  8
PIN_TOP
 10
67.023742
 20
92.603320
 40
0.135001
  0
CIRCLE
  8
PIN_TOP
 10
67.023742
 20
91.803220
 40
0.135001
  0
CIRCLE
  8
PIN_TOP
 10
67.023742
 20
91.003374
 40
0.135001
  0
CIRCLE
  8
PIN_TOP
 10
67.023742
 20
90.203274
 40
0.135001
  0
CIRCLE
  8
PIN_TOP
 10
67.023742
 20
89.403174
 40
0.135001
  0
CIRCLE
  8
PIN_TOP
 10
67.023742
 20
87.003382
 40
0.135001
  0
CIRCLE
  8
PIN_TOP
 10
67.023742
 20
86.203282
 40
0.135001
  0
CIRCLE
  8
PIN_TOP
 10
67.023742
 20
85.403182
 40
0.135001
  0
CIRCLE
  8
PIN_TOP
 10
67.023742
 20
84.603336
 40
0.135001
  0
CIRCLE
  8
PIN_TOP
 10
67.023742
 20
83.803236
 40
0.135001
  0
CIRCLE
  8
PIN_TOP
 10
66.373756
 20
92.603320
 40
0.135001
  0
CIRCLE
  8
PIN_TOP
 10
66.373756
 20
91.803220
 40
0.135001
  0
CIRCLE
  8
PIN_TOP
 10
66.373756
 20
91.003374
 40
0.135001
  0
CIRCLE
  8
PIN_TOP
 10
66.373756
 20
90.203274
 40
0.135001
  0
CIRCLE
  8
PIN_TOP
 10
66.373756
 20
89.403174
 40
0.135001
  0
CIRCLE
  8
PIN_TOP
 10
66.373756
 20
87.003382
 40
0.135001
  0
CIRCLE
  8
PIN_TOP
 10
66.373756
 20
86.203282
 40
0.135001
  0
CIRCLE
  8
PIN_TOP
 10
66.373756
 20
85.403182
 40
0.135001
  0
CIRCLE
  8
PIN_TOP
 10
66.373756
 20
84.603336
 40
0.135001
  0
CIRCLE
  8
PIN_TOP
 10
66.373756
 20
83.803236
 40
0.135001
  0
CIRCLE
  8
PIN_TOP
 10
65.723770
 20
92.603320
 40
0.135001
  0
CIRCLE
  8
PIN_TOP
 10
65.723770
 20
91.803220
 40
0.135001
  0
CIRCLE
  8
PIN_TOP
 10
65.723770
 20
91.003374
 40
0.135001
  0
CIRCLE
  8
PIN_TOP
 10
65.723770
 20
90.203274
 40
0.135001
  0
CIRCLE
  8
PIN_TOP
 10
65.723770
 20
89.403174
 40
0.135001
  0
CIRCLE
  8
PIN_TOP
 10
65.723770
 20
87.003382
 40
0.135001
  0
CIRCLE
  8
PIN_TOP
 10
65.723770
 20
86.203282
 40
0.135001
  0
CIRCLE
  8
PIN_TOP
 10
65.723770
 20
85.403182
 40
0.135001
  0
CIRCLE
  8
PIN_TOP
 10
65.723770
 20
84.603336
 40
0.135001
  0
CIRCLE
  8
PIN_TOP
 10
65.723770
 20
83.803236
 40
0.135001
  0
CIRCLE
  8
PIN_TOP
 10
65.073784
 20
92.603320
 40
0.135001
  0
CIRCLE
  8
PIN_TOP
 10
65.073784
 20
91.803220
 40
0.135001
  0
CIRCLE
  8
PIN_TOP
 10
65.073784
 20
91.003374
 40
0.135001
  0
CIRCLE
  8
PIN_TOP
 10
65.073784
 20
90.203274
 40
0.135001
  0
CIRCLE
  8
PIN_TOP
 10
65.073784
 20
89.403174
 40
0.135001
  0
CIRCLE
  8
PIN_TOP
 10
65.073784
 20
87.003382
 40
0.135001
  0
CIRCLE
  8
PIN_TOP
 10
65.073784
 20
86.203282
 40
0.135001
  0
CIRCLE
  8
PIN_TOP
 10
65.073784
 20
85.403182
 40
0.135001
  0
CIRCLE
  8
PIN_TOP
 10
65.073784
 20
84.603336
 40
0.135001
  0
CIRCLE
  8
PIN_TOP
 10
65.073784
 20
83.803236
 40
0.135001
  0
CIRCLE
  8
PIN_TOP
 10
63.123572
 20
92.603320
 40
0.135001
  0
CIRCLE
  8
PIN_TOP
 10
63.123572
 20
91.803220
 40
0.135001
  0
CIRCLE
  8
PIN_TOP
 10
63.123572
 20
91.003374
 40
0.135001
  0
CIRCLE
  8
PIN_TOP
 10
63.123572
 20
90.203274
 40
0.135001
  0
CIRCLE
  8
PIN_TOP
 10
63.123572
 20
89.403174
 40
0.135001
  0
CIRCLE
  8
PIN_TOP
 10
63.123572
 20
87.003382
 40
0.135001
  0
CIRCLE
  8
PIN_TOP
 10
63.123572
 20
86.203282
 40
0.135001
  0
CIRCLE
  8
PIN_TOP
 10
63.123572
 20
85.403182
 40
0.135001
  0
CIRCLE
  8
PIN_TOP
 10
63.123572
 20
84.603336
 40
0.135001
  0
CIRCLE
  8
PIN_TOP
 10
63.123572
 20
83.803236
 40
0.135001
  0
CIRCLE
  8
PIN_TOP
 10
62.473586
 20
92.603320
 40
0.135001
  0
CIRCLE
  8
PIN_TOP
 10
62.473586
 20
91.803220
 40
0.135001
  0
CIRCLE
  8
PIN_TOP
 10
62.473586
 20
91.003374
 40
0.135001
  0
CIRCLE
  8
PIN_TOP
 10
62.473586
 20
90.203274
 40
0.135001
  0
CIRCLE
  8
PIN_TOP
 10
62.473586
 20
89.403174
 40
0.135001
  0
CIRCLE
  8
PIN_TOP
 10
62.473586
 20
87.003382
 40
0.135001
  0
CIRCLE
  8
PIN_TOP
 10
62.473586
 20
86.203282
 40
0.135001
  0
CIRCLE
  8
PIN_TOP
 10
62.473586
 20
85.403182
 40
0.135001
  0
CIRCLE
  8
PIN_TOP
 10
62.473586
 20
84.603336
 40
0.135001
  0
CIRCLE
  8
PIN_TOP
 10
62.473586
 20
83.803236
 40
0.135001
  0
CIRCLE
  8
PIN_TOP
 10
61.823600
 20
92.603320
 40
0.135001
  0
CIRCLE
  8
PIN_TOP
 10
61.823600
 20
91.803220
 40
0.135001
  0
CIRCLE
  8
PIN_TOP
 10
61.823600
 20
91.003374
 40
0.135001
  0
CIRCLE
  8
PIN_TOP
 10
61.823600
 20
90.203274
 40
0.135001
  0
CIRCLE
  8
PIN_TOP
 10
61.823600
 20
89.403174
 40
0.135001
  0
CIRCLE
  8
PIN_TOP
 10
61.823600
 20
87.003382
 40
0.135001
  0
CIRCLE
  8
PIN_TOP
 10
61.823600
 20
86.203282
 40
0.135001
  0
CIRCLE
  8
PIN_TOP
 10
61.823600
 20
85.403182
 40
0.135001
  0
CIRCLE
  8
PIN_TOP
 10
61.823600
 20
84.603336
 40
0.135001
  0
CIRCLE
  8
PIN_TOP
 10
61.823600
 20
83.803236
 40
0.135001
  0
CIRCLE
  8
PIN_TOP
 10
61.173614
 20
92.603320
 40
0.135001
  0
CIRCLE
  8
PIN_TOP
 10
61.173614
 20
91.803220
 40
0.135001
  0
CIRCLE
  8
PIN_TOP
 10
61.173614
 20
91.003374
 40
0.135001
  0
CIRCLE
  8
PIN_TOP
 10
61.173614
 20
90.203274
 40
0.135001
  0
CIRCLE
  8
PIN_TOP
 10
61.173614
 20
89.403174
 40
0.135001
  0
CIRCLE
  8
PIN_TOP
 10
61.173614
 20
87.003382
 40
0.135001
  0
CIRCLE
  8
PIN_TOP
 10
61.173614
 20
86.203282
 40
0.135001
  0
CIRCLE
  8
PIN_TOP
 10
61.173614
 20
85.403182
 40
0.135001
  0
CIRCLE
  8
PIN_TOP
 10
61.173614
 20
84.603336
 40
0.135001
  0
CIRCLE
  8
PIN_TOP
 10
61.173614
 20
83.803236
 40
0.135001
  0
CIRCLE
  8
PIN_TOP
 10
60.523628
 20
92.603320
 40
0.135001
  0
CIRCLE
  8
PIN_TOP
 10
60.523628
 20
91.803220
 40
0.135001
  0
CIRCLE
  8
PIN_TOP
 10
60.523628
 20
91.003374
 40
0.135001
  0
CIRCLE
  8
PIN_TOP
 10
60.523628
 20
90.203274
 40
0.135001
  0
CIRCLE
  8
PIN_TOP
 10
60.523628
 20
89.403174
 40
0.135001
  0
CIRCLE
  8
PIN_TOP
 10
60.523628
 20
87.003382
 40
0.135001
  0
CIRCLE
  8
PIN_TOP
 10
60.523628
 20
86.203282
 40
0.135001
  0
CIRCLE
  8
PIN_TOP
 10
60.523628
 20
85.403182
 40
0.135001
  0
CIRCLE
  8
PIN_TOP
 10
60.523628
 20
84.603336
 40
0.135001
  0
CIRCLE
  8
PIN_TOP
 10
60.523628
 20
83.803236
 40
0.135001
  0
CIRCLE
  8
PIN_TOP
 10
59.873642
 20
92.603320
 40
0.135001
  0
CIRCLE
  8
PIN_TOP
 10
59.873642
 20
91.803220
 40
0.135001
  0
CIRCLE
  8
PIN_TOP
 10
59.873642
 20
91.003374
 40
0.135001
  0
CIRCLE
  8
PIN_TOP
 10
59.873642
 20
90.203274
 40
0.135001
  0
CIRCLE
  8
PIN_TOP
 10
59.873642
 20
89.403174
 40
0.135001
  0
CIRCLE
  8
PIN_TOP
 10
59.873642
 20
87.003382
 40
0.135001
  0
CIRCLE
  8
PIN_TOP
 10
59.873642
 20
86.203282
 40
0.135001
  0
CIRCLE
  8
PIN_TOP
 10
59.873642
 20
85.403182
 40
0.135001
  0
CIRCLE
  8
PIN_TOP
 10
59.873642
 20
84.603336
 40
0.135001
  0
CIRCLE
  8
PIN_TOP
 10
59.873642
 20
83.803236
 40
0.135001
  0
CIRCLE
  8
PIN_TOP
 10
59.223656
 20
92.603320
 40
0.135001
  0
CIRCLE
  8
PIN_TOP
 10
59.223656
 20
91.803220
 40
0.135001
  0
CIRCLE
  8
PIN_TOP
 10
59.223656
 20
91.003374
 40
0.135001
  0
CIRCLE
  8
PIN_TOP
 10
59.223656
 20
90.203274
 40
0.135001
  0
CIRCLE
  8
PIN_TOP
 10
59.223656
 20
89.403174
 40
0.135001
  0
CIRCLE
  8
PIN_TOP
 10
59.223656
 20
87.003382
 40
0.135001
  0
CIRCLE
  8
PIN_TOP
 10
59.223656
 20
86.203282
 40
0.135001
  0
CIRCLE
  8
PIN_TOP
 10
59.223656
 20
85.403182
 40
0.135001
  0
CIRCLE
  8
PIN_TOP
 10
59.223656
 20
84.603336
 40
0.135001
  0
CIRCLE
  8
PIN_TOP
 10
59.223656
 20
83.803236
 40
0.135001
  0
CIRCLE
  8
PIN_TOP
 10
58.573670
 20
92.603320
 40
0.135001
  0
CIRCLE
  8
PIN_TOP
 10
58.573670
 20
91.803220
 40
0.135001
  0
CIRCLE
  8
PIN_TOP
 10
58.573670
 20
91.003374
 40
0.135001
  0
CIRCLE
  8
PIN_TOP
 10
58.573670
 20
90.203274
 40
0.135001
  0
CIRCLE
  8
PIN_TOP
 10
58.573670
 20
89.403174
 40
0.135001
  0
CIRCLE
  8
PIN_TOP
 10
58.573670
 20
87.003382
 40
0.135001
  0
CIRCLE
  8
PIN_TOP
 10
58.573670
 20
86.203282
 40
0.135001
  0
CIRCLE
  8
PIN_TOP
 10
58.573670
 20
85.403182
 40
0.135001
  0
CIRCLE
  8
PIN_TOP
 10
58.573670
 20
84.603336
 40
0.135001
  0
CIRCLE
  8
PIN_TOP
 10
58.573670
 20
83.803236
 40
0.135001
  0
CIRCLE
  8
PIN_TOP
 10
57.923684
 20
92.603320
 40
0.135001
  0
CIRCLE
  8
PIN_TOP
 10
57.923684
 20
91.803220
 40
0.135001
  0
CIRCLE
  8
PIN_TOP
 10
57.923684
 20
91.003374
 40
0.135001
  0
CIRCLE
  8
PIN_TOP
 10
57.923684
 20
90.203274
 40
0.135001
  0
CIRCLE
  8
PIN_TOP
 10
57.923684
 20
89.403174
 40
0.135001
  0
CIRCLE
  8
PIN_TOP
 10
57.923684
 20
87.003382
 40
0.135001
  0
CIRCLE
  8
PIN_TOP
 10
57.923684
 20
86.203282
 40
0.135001
  0
CIRCLE
  8
PIN_TOP
 10
57.923684
 20
85.403182
 40
0.135001
  0
CIRCLE
  8
PIN_TOP
 10
57.923684
 20
84.603336
 40
0.135001
  0
CIRCLE
  8
PIN_TOP
 10
57.923684
 20
83.803236
 40
0.135001
  0
CIRCLE
  8
PIN_TOP
 10
57.273698
 20
92.603320
 40
0.135001
  0
CIRCLE
  8
PIN_TOP
 10
57.273698
 20
91.803220
 40
0.135001
  0
CIRCLE
  8
PIN_TOP
 10
57.273698
 20
91.003374
 40
0.135001
  0
CIRCLE
  8
PIN_TOP
 10
57.273698
 20
90.203274
 40
0.135001
  0
CIRCLE
  8
PIN_TOP
 10
57.273698
 20
89.403174
 40
0.135001
  0
CIRCLE
  8
PIN_TOP
 10
57.273698
 20
87.003382
 40
0.135001
  0
CIRCLE
  8
PIN_TOP
 10
57.273698
 20
86.203282
 40
0.135001
  0
CIRCLE
  8
PIN_TOP
 10
57.273698
 20
85.403182
 40
0.135001
  0
CIRCLE
  8
PIN_TOP
 10
57.273698
 20
84.603336
 40
0.135001
  0
CIRCLE
  8
PIN_TOP
 10
57.273698
 20
83.803236
 40
0.135001
  0
POLYLINE
  8
PG_SILKSCREEN_TOP
 66
1
 70
0
 40
0.000000
 41
0.000000
 39
0.000000
  0
VERTEX
  8
PG_SILKSCREEN_TOP
 10
56.548782
 20
83.153250
 40
0.100076
 41
0.100076
 42
0.000000
  0
VERTEX
  8
PG_SILKSCREEN_TOP
 10
56.548782
 20
93.253306
 40
0.100076
 41
0.100076
 42
0.000000
  0
VERTEX
  8
PG_SILKSCREEN_TOP
 10
71.648574
 20
93.253306
 40
0.100076
 41
0.100076
 42
0.000000
  0
VERTEX
  8
PG_SILKSCREEN_TOP
 10
71.648574
 20
83.153250
 40
0.100076
 41
0.100076
 42
0.000000
  0
VERTEX
  8
PG_SILKSCREEN_TOP
 10
56.548782
 20
83.153250
 40
0.100076
 41
0.100076
 42
0.000000
  0
SEQEND
  0
POLYLINE
  8
PG_SILKSCREEN_TOP
 66
1
 70
0
 40
0.000000
 41
0.000000
 39
0.000000
  0
VERTEX
  8
PG_SILKSCREEN_TOP
 10
57.548780
 20
82.703162
 40
0.249936
 41
0.249936
 42
0.999956
  0
VERTEX
  8
PG_SILKSCREEN_TOP
 10
57.048654
 20
82.703416
 40
0.249936
 41
0.249936
 42
1.000044
  0
VERTEX
  8
PG_SILKSCREEN_TOP
 10
57.548780
 20
82.703162
 40
0.249936
 41
0.249936
 42
0.000000
  0
SEQEND
  0
CIRCLE
  8
PIN_TOP
 10
67.516248
 20
105.132632
 40
0.135001
  0
CIRCLE
  8
PIN_TOP
 10
67.516248
 20
104.632506
 40
0.135001
  0
CIRCLE
  8
PIN_TOP
 10
67.516248
 20
104.132634
 40
0.135001
  0
CIRCLE
  8
PIN_TOP
 10
67.516248
 20
103.632508
 40
0.135001
  0
CIRCLE
  8
PIN_TOP
 10
67.516248
 20
102.632510
 40
0.135001
  0
CIRCLE
  8
PIN_TOP
 10
67.516248
 20
101.632512
 40
0.135001
  0
CIRCLE
  8
PIN_TOP
 10
67.516248
 20
101.132386
 40
0.135001
  0
CIRCLE
  8
PIN_TOP
 10
67.516248
 20
100.132388
 40
0.135001
  0
CIRCLE
  8
PIN_TOP
 10
67.516248
 20
99.132390
 40
0.135001
  0
CIRCLE
  8
PIN_TOP
 10
67.516248
 20
98.632518
 40
0.135001
  0
CIRCLE
  8
PIN_TOP
 10
67.516248
 20
98.132392
 40
0.135001
  0
CIRCLE
  8
PIN_TOP
 10
67.016122
 20
105.132632
 40
0.135001
  0
CIRCLE
  8
PIN_TOP
 10
67.016122
 20
104.632506
 40
0.135001
  0
CIRCLE
  8
PIN_TOP
 10
67.016122
 20
103.632508
 40
0.135001
  0
CIRCLE
  8
PIN_TOP
 10
67.016122
 20
103.132636
 40
0.135001
  0
CIRCLE
  8
PIN_TOP
 10
67.016122
 20
102.632510
 40
0.135001
  0
CIRCLE
  8
PIN_TOP
 10
67.016122
 20
102.132638
 40
0.135001
  0
CIRCLE
  8
PIN_TOP
 10
67.016122
 20
101.632512
 40
0.135001
  0
CIRCLE
  8
PIN_TOP
 10
67.016122
 20
101.132386
 40
0.135001
  0
CIRCLE
  8
PIN_TOP
 10
67.016122
 20
100.632514
 40
0.135001
  0
CIRCLE
  8
PIN_TOP
 10
67.016122
 20
100.132388
 40
0.135001
  0
CIRCLE
  8
PIN_TOP
 10
67.016122
 20
99.632516
 40
0.135001
  0
CIRCLE
  8
PIN_TOP
 10
67.016122
 20
99.132390
 40
0.135001
  0
CIRCLE
  8
PIN_TOP
 10
67.016122
 20
98.632518
 40
0.135001
  0
CIRCLE
  8
PIN_TOP
 10
67.016122
 20
98.132392
 40
0.135001
  0
CIRCLE
  8
PIN_TOP
 10
66.516250
 20
105.132632
 40
0.135001
  0
CIRCLE
  8
PIN_TOP
 10
66.516250
 20
104.632506
 40
0.135001
  0
CIRCLE
  8
PIN_TOP
 10
66.516250
 20
104.132634
 40
0.135001
  0
CIRCLE
  8
PIN_TOP
 10
66.516250
 20
102.632510
 40
0.135001
  0
CIRCLE
  8
PIN_TOP
 10
66.516250
 20
101.632512
 40
0.135001
  0
CIRCLE
  8
PIN_TOP
 10
66.516250
 20
100.632514
 40
0.135001
  0
CIRCLE
  8
PIN_TOP
 10
66.516250
 20
99.632516
 40
0.135001
  0
CIRCLE
  8
PIN_TOP
 10
66.516250
 20
98.632518
 40
0.135001
  0
CIRCLE
  8
PIN_TOP
 10
66.516250
 20
98.132392
 40
0.135001
  0
CIRCLE
  8
PIN_TOP
 10
66.016124
 20
105.132632
 40
0.135001
  0
CIRCLE
  8
PIN_TOP
 10
66.016124
 20
102.632510
 40
0.135001
  0
CIRCLE
  8
PIN_TOP
 10
66.016124
 20
101.632512
 40
0.135001
  0
CIRCLE
  8
PIN_TOP
 10
66.016124
 20
100.632514
 40
0.135001
  0
CIRCLE
  8
PIN_TOP
 10
66.016124
 20
99.632516
 40
0.135001
  0
CIRCLE
  8
PIN_TOP
 10
66.016124
 20
98.132392
 40
0.135001
  0
CIRCLE
  8
PIN_TOP
 10
65.516252
 20
105.132632
 40
0.135001
  0
CIRCLE
  8
PIN_TOP
 10
65.516252
 20
104.632506
 40
0.135001
  0
CIRCLE
  8
PIN_TOP
 10
65.516252
 20
104.132634
 40
0.135001
  0
CIRCLE
  8
PIN_TOP
 10
65.516252
 20
103.632508
 40
0.135001
  0
CIRCLE
  8
PIN_TOP
 10
65.516252
 20
103.132636
 40
0.135001
  0
CIRCLE
  8
PIN_TOP
 10
65.516252
 20
102.632510
 40
0.135001
  0
CIRCLE
  8
PIN_TOP
 10
65.516252
 20
101.632512
 40
0.135001
  0
CIRCLE
  8
PIN_TOP
 10
65.516252
 20
100.632514
 40
0.135001
  0
CIRCLE
  8
PIN_TOP
 10
65.516252
 20
99.632516
 40
0.135001
  0
CIRCLE
  8
PIN_TOP
 10
65.516252
 20
99.132390
 40
0.135001
  0
CIRCLE
  8
PIN_TOP
 10
65.516252
 20
98.632518
 40
0.135001
  0
CIRCLE
  8
PIN_TOP
 10
65.516252
 20
98.132392
 40
0.135001
  0
CIRCLE
  8
PIN_TOP
 10
65.016126
 20
105.132632
 40
0.135001
  0
CIRCLE
  8
PIN_TOP
 10
65.016126
 20
102.132638
 40
0.135001
  0
CIRCLE
  8
PIN_TOP
 10
65.016126
 20
101.132386
 40
0.135001
  0
CIRCLE
  8
PIN_TOP
 10
65.016126
 20
100.132388
 40
0.135001
  0
CIRCLE
  8
PIN_TOP
 10
65.016126
 20
98.132392
 40
0.135001
  0
CIRCLE
  8
PIN_TOP
 10
64.516254
 20
105.132632
 40
0.135001
  0
CIRCLE
  8
PIN_TOP
 10
64.516254
 20
104.632506
 40
0.135001
  0
CIRCLE
  8
PIN_TOP
 10
64.516254
 20
104.132634
 40
0.135001
  0
CIRCLE
  8
PIN_TOP
 10
64.516254
 20
103.632508
 40
0.135001
  0
CIRCLE
  8
PIN_TOP
 10
64.516254
 20
103.132636
 40
0.135001
  0
CIRCLE
  8
PIN_TOP
 10
64.516254
 20
102.632510
 40
0.135001
  0
CIRCLE
  8
PIN_TOP
 10
64.516254
 20
101.632512
 40
0.135001
  0
CIRCLE
  8
PIN_TOP
 10
64.516254
 20
100.632514
 40
0.135001
  0
CIRCLE
  8
PIN_TOP
 10
64.516254
 20
99.632516
 40
0.135001
  0
CIRCLE
  8
PIN_TOP
 10
64.516254
 20
99.132390
 40
0.135001
  0
CIRCLE
  8
PIN_TOP
 10
64.516254
 20
98.632518
 40
0.135001
  0
CIRCLE
  8
PIN_TOP
 10
64.516254
 20
98.132392
 40
0.135001
  0
CIRCLE
  8
PIN_TOP
 10
64.016128
 20
105.132632
 40
0.135001
  0
CIRCLE
  8
PIN_TOP
 10
64.016128
 20
102.132638
 40
0.135001
  0
CIRCLE
  8
PIN_TOP
 10
64.016128
 20
101.132386
 40
0.135001
  0
CIRCLE
  8
PIN_TOP
 10
64.016128
 20
100.132388
 40
0.135001
  0
CIRCLE
  8
PIN_TOP
 10
64.016128
 20
98.132392
 40
0.135001
  0
CIRCLE
  8
PIN_TOP
 10
63.516002
 20
105.132632
 40
0.135001
  0
CIRCLE
  8
PIN_TOP
 10
63.516002
 20
104.632506
 40
0.135001
  0
CIRCLE
  8
PIN_TOP
 10
63.516002
 20
104.132634
 40
0.135001
  0
CIRCLE
  8
PIN_TOP
 10
63.516002
 20
103.632508
 40
0.135001
  0
CIRCLE
  8
PIN_TOP
 10
63.516002
 20
103.132636
 40
0.135001
  0
CIRCLE
  8
PIN_TOP
 10
63.516002
 20
102.632510
 40
0.135001
  0
CIRCLE
  8
PIN_TOP
 10
63.516002
 20
101.632512
 40
0.135001
  0
CIRCLE
  8
PIN_TOP
 10
63.516002
 20
100.632514
 40
0.135001
  0
CIRCLE
  8
PIN_TOP
 10
63.516002
 20
99.632516
 40
0.135001
  0
CIRCLE
  8
PIN_TOP
 10
63.516002
 20
99.132390
 40
0.135001
  0
CIRCLE
  8
PIN_TOP
 10
63.516002
 20
98.632518
 40
0.135001
  0
CIRCLE
  8
PIN_TOP
 10
63.516002
 20
98.132392
 40
0.135001
  0
CIRCLE
  8
PIN_TOP
 10
63.016130
 20
105.132632
 40
0.135001
  0
CIRCLE
  8
PIN_TOP
 10
63.016130
 20
102.132638
 40
0.135001
  0
CIRCLE
  8
PIN_TOP
 10
63.016130
 20
101.132386
 40
0.135001
  0
CIRCLE
  8
PIN_TOP
 10
63.016130
 20
100.132388
 40
0.135001
  0
CIRCLE
  8
PIN_TOP
 10
63.016130
 20
98.132392
 40
0.135001
  0
CIRCLE
  8
PIN_TOP
 10
62.516004
 20
105.132632
 40
0.135001
  0
CIRCLE
  8
PIN_TOP
 10
62.516004
 20
104.632506
 40
0.135001
  0
CIRCLE
  8
PIN_TOP
 10
62.516004
 20
104.132634
 40
0.135001
  0
CIRCLE
  8
PIN_TOP
 10
62.516004
 20
103.632508
 40
0.135001
  0
CIRCLE
  8
PIN_TOP
 10
62.516004
 20
103.132636
 40
0.135001
  0
CIRCLE
  8
PIN_TOP
 10
62.516004
 20
102.632510
 40
0.135001
  0
CIRCLE
  8
PIN_TOP
 10
62.516004
 20
101.632512
 40
0.135001
  0
CIRCLE
  8
PIN_TOP
 10
62.516004
 20
100.632514
 40
0.135001
  0
CIRCLE
  8
PIN_TOP
 10
62.516004
 20
99.632516
 40
0.135001
  0
CIRCLE
  8
PIN_TOP
 10
62.516004
 20
99.132390
 40
0.135001
  0
CIRCLE
  8
PIN_TOP
 10
62.516004
 20
98.632518
 40
0.135001
  0
CIRCLE
  8
PIN_TOP
 10
62.516004
 20
98.132392
 40
0.135001
  0
CIRCLE
  8
PIN_TOP
 10
62.016132
 20
105.132632
 40
0.135001
  0
CIRCLE
  8
PIN_TOP
 10
62.016132
 20
104.632506
 40
0.135001
  0
CIRCLE
  8
PIN_TOP
 10
62.016132
 20
102.132638
 40
0.135001
  0
CIRCLE
  8
PIN_TOP
 10
62.016132
 20
101.132386
 40
0.135001
  0
CIRCLE
  8
PIN_TOP
 10
62.016132
 20
100.132388
 40
0.135001
  0
CIRCLE
  8
PIN_TOP
 10
63.016130
 20
99.132390
 40
0.135001
  0
CIRCLE
  8
PIN_TOP
 10
63.016130
 20
98.632518
 40
0.135001
  0
CIRCLE
  8
PIN_TOP
 10
62.016132
 20
98.132392
 40
0.135001
  0
CIRCLE
  8
PIN_TOP
 10
61.516006
 20
105.132632
 40
0.135001
  0
CIRCLE
  8
PIN_TOP
 10
61.516006
 20
104.132634
 40
0.135001
  0
CIRCLE
  8
PIN_TOP
 10
61.516006
 20
103.632508
 40
0.135001
  0
CIRCLE
  8
PIN_TOP
 10
61.516006
 20
103.132636
 40
0.135001
  0
CIRCLE
  8
PIN_TOP
 10
61.516006
 20
100.132388
 40
0.135001
  0
CIRCLE
  8
PIN_TOP
 10
61.516006
 20
99.132390
 40
0.135001
  0
CIRCLE
  8
PIN_TOP
 10
61.516006
 20
98.632518
 40
0.135001
  0
CIRCLE
  8
PIN_TOP
 10
61.516006
 20
98.132392
 40
0.135001
  0
CIRCLE
  8
PIN_TOP
 10
61.016134
 20
105.132632
 40
0.135001
  0
CIRCLE
  8
PIN_TOP
 10
61.016134
 20
104.632506
 40
0.135001
  0
CIRCLE
  8
PIN_TOP
 10
61.016134
 20
104.132634
 40
0.135001
  0
CIRCLE
  8
PIN_TOP
 10
61.016134
 20
103.632508
 40
0.135001
  0
CIRCLE
  8
PIN_TOP
 10
61.016134
 20
103.132636
 40
0.135001
  0
CIRCLE
  8
PIN_TOP
 10
61.016134
 20
102.132638
 40
0.135001
  0
CIRCLE
  8
PIN_TOP
 10
61.016134
 20
101.632512
 40
0.135001
  0
CIRCLE
  8
PIN_TOP
 10
61.016134
 20
101.132386
 40
0.135001
  0
CIRCLE
  8
PIN_TOP
 10
61.016134
 20
100.132388
 40
0.135001
  0
CIRCLE
  8
PIN_TOP
 10
61.016134
 20
99.632516
 40
0.135001
  0
CIRCLE
  8
PIN_TOP
 10
61.016134
 20
99.132390
 40
0.135001
  0
CIRCLE
  8
PIN_TOP
 10
61.016134
 20
98.632518
 40
0.135001
  0
CIRCLE
  8
PIN_TOP
 10
61.016134
 20
98.132392
 40
0.135001
  0
CIRCLE
  8
PIN_TOP
 10
60.516008
 20
105.132632
 40
0.135001
  0
CIRCLE
  8
PIN_TOP
 10
60.516008
 20
104.632506
 40
0.135001
  0
CIRCLE
  8
PIN_TOP
 10
60.516008
 20
104.132634
 40
0.135001
  0
CIRCLE
  8
PIN_TOP
 10
60.516008
 20
103.632508
 40
0.135001
  0
CIRCLE
  8
PIN_TOP
 10
60.516008
 20
103.132636
 40
0.135001
  0
CIRCLE
  8
PIN_TOP
 10
60.516008
 20
102.632510
 40
0.135001
  0
CIRCLE
  8
PIN_TOP
 10
60.516008
 20
102.132638
 40
0.135001
  0
CIRCLE
  8
PIN_TOP
 10
60.516008
 20
101.632512
 40
0.135001
  0
CIRCLE
  8
PIN_TOP
 10
60.516008
 20
101.132386
 40
0.135001
  0
CIRCLE
  8
PIN_TOP
 10
60.516008
 20
100.632514
 40
0.135001
  0
CIRCLE
  8
PIN_TOP
 10
60.516008
 20
100.132388
 40
0.135001
  0
CIRCLE
  8
PIN_TOP
 10
60.516008
 20
99.632516
 40
0.135001
  0
CIRCLE
  8
PIN_TOP
 10
60.516008
 20
99.132390
 40
0.135001
  0
CIRCLE
  8
PIN_TOP
 10
60.516008
 20
98.632518
 40
0.135001
  0
CIRCLE
  8
PIN_TOP
 10
60.516008
 20
98.132392
 40
0.135001
  0
POLYLINE
  8
PG_SILKSCREEN_TOP
 66
1
 70
0
 40
0.000000
 41
0.000000
 39
0.000000
  0
VERTEX
  8
PG_SILKSCREEN_TOP
 10
68.066158
 20
97.582482
 40
0.100076
 41
0.100076
 42
0.000000
  0
VERTEX
  8
PG_SILKSCREEN_TOP
 10
68.066158
 20
105.682542
 40
0.100076
 41
0.100076
 42
0.000000
  0
VERTEX
  8
PG_SILKSCREEN_TOP
 10
59.966098
 20
105.682542
 40
0.100076
 41
0.100076
 42
0.000000
  0
VERTEX
  8
PG_SILKSCREEN_TOP
 10
59.966098
 20
97.582482
 40
0.100076
 41
0.100076
 42
0.000000
  0
VERTEX
  8
PG_SILKSCREEN_TOP
 10
68.066158
 20
97.582482
 40
0.100076
 41
0.100076
 42
0.000000
  0
SEQEND
  0
POLYLINE
  8
PG_SILKSCREEN_TOP
 66
1
 70
0
 40
0.000000
 41
0.000000
 39
0.000000
  0
VERTEX
  8
PG_SILKSCREEN_TOP
 10
59.750198
 20
97.540572
 40
0.249936
 41
0.249936
 42
0.999760
  0
VERTEX
  8
PG_SILKSCREEN_TOP
 10
59.250072
 20
97.540572
 40
0.249936
 41
0.249936
 42
1.000240
  0
VERTEX
  8
PG_SILKSCREEN_TOP
 10
59.750198
 20
97.540572
 40
0.249936
 41
0.249936
 42
0.000000
  0
SEQEND
  0
POLYLINE
  8
PG_SILKSCREEN_TOP
 66
1
 70
1
 40
0.000000
 41
0.000000
 39
0.000000
  0
VERTEX
  8
PG_SILKSCREEN_TOP
 10
59.966098
 20
97.582482
 40
0.000000
 41
0.000000
 42
0.000000
  0
VERTEX
  8
PG_SILKSCREEN_TOP
 10
59.966098
 20
98.082608
 40
0.000000
 41
0.000000
 42
0.000000
  0
VERTEX
  8
PG_SILKSCREEN_TOP
 10
60.466224
 20
97.582482
 40
0.000000
 41
0.000000
 42
0.000000
  0
SEQEND
  0
CIRCLE
  8
PIN_TOP
 10
73.813924
 20
67.206876
 40
0.124968
  0
CIRCLE
  8
PIN_TOP
 10
72.813926
 20
67.206876
 40
0.124968
  0
CIRCLE
  8
PIN_TOP
 10
71.813928
 20
67.206876
 40
0.124968
  0
CIRCLE
  8
PIN_TOP
 10
70.813930
 20
67.206876
 40
0.124968
  0
CIRCLE
  8
PIN_TOP
 10
69.813932
 20
67.206876
 40
0.124968
  0
CIRCLE
  8
PIN_TOP
 10
68.813934
 20
67.206876
 40
0.124968
  0
CIRCLE
  8
PIN_TOP
 10
67.813936
 20
67.206876
 40
0.124968
  0
CIRCLE
  8
PIN_TOP
 10
66.813938
 20
67.206876
 40
0.124968
  0
CIRCLE
  8
PIN_TOP
 10
65.813940
 20
67.206876
 40
0.124968
  0
CIRCLE
  8
PIN_TOP
 10
64.813942
 20
67.206876
 40
0.124968
  0
CIRCLE
  8
PIN_TOP
 10
63.813944
 20
67.206876
 40
0.124968
  0
CIRCLE
  8
PIN_TOP
 10
62.813946
 20
67.206876
 40
0.124968
  0
CIRCLE
  8
PIN_TOP
 10
61.813948
 20
67.206876
 40
0.124968
  0
CIRCLE
  8
PIN_TOP
 10
72.813926
 20
67.706748
 40
0.124968
  0
CIRCLE
  8
PIN_TOP
 10
71.813928
 20
67.706748
 40
0.124968
  0
CIRCLE
  8
PIN_TOP
 10
70.813930
 20
67.706748
 40
0.124968
  0
CIRCLE
  8
PIN_TOP
 10
69.813932
 20
67.706748
 40
0.124968
  0
CIRCLE
  8
PIN_TOP
 10
68.813934
 20
67.706748
 40
0.124968
  0
CIRCLE
  8
PIN_TOP
 10
67.813936
 20
67.706748
 40
0.124968
  0
CIRCLE
  8
PIN_TOP
 10
66.813938
 20
67.706748
 40
0.124968
  0
CIRCLE
  8
PIN_TOP
 10
65.813940
 20
67.706748
 40
0.124968
  0
CIRCLE
  8
PIN_TOP
 10
64.813942
 20
67.706748
 40
0.124968
  0
CIRCLE
  8
PIN_TOP
 10
63.813944
 20
67.706748
 40
0.124968
  0
CIRCLE
  8
PIN_TOP
 10
62.813946
 20
67.706748
 40
0.124968
  0
CIRCLE
  8
PIN_TOP
 10
61.813948
 20
67.706748
 40
0.124968
  0
CIRCLE
  8
PIN_TOP
 10
61.314076
 20
67.706748
 40
0.124968
  0
CIRCLE
  8
PIN_TOP
 10
73.813924
 20
68.206874
 40
0.124968
  0
CIRCLE
  8
PIN_TOP
 10
73.314052
 20
68.206874
 40
0.124968
  0
CIRCLE
  8
PIN_TOP
 10
72.813926
 20
68.206874
 40
0.124968
  0
CIRCLE
  8
PIN_TOP
 10
71.813928
 20
68.206874
 40
0.124968
  0
CIRCLE
  8
PIN_TOP
 10
70.813930
 20
68.206874
 40
0.124968
  0
CIRCLE
  8
PIN_TOP
 10
69.813932
 20
68.206874
 40
0.124968
  0
CIRCLE
  8
PIN_TOP
 10
68.813934
 20
68.206874
 40
0.124968
  0
CIRCLE
  8
PIN_TOP
 10
67.813936
 20
68.206874
 40
0.124968
  0
CIRCLE
  8
PIN_TOP
 10
66.813938
 20
68.206874
 40
0.124968
  0
CIRCLE
  8
PIN_TOP
 10
65.813940
 20
68.206874
 40
0.124968
  0
CIRCLE
  8
PIN_TOP
 10
64.813942
 20
68.206874
 40
0.124968
  0
CIRCLE
  8
PIN_TOP
 10
63.813944
 20
68.206874
 40
0.124968
  0
CIRCLE
  8
PIN_TOP
 10
62.813946
 20
68.206874
 40
0.124968
  0
CIRCLE
  8
PIN_TOP
 10
71.813928
 20
68.706746
 40
0.124968
  0
CIRCLE
  8
PIN_TOP
 10
70.813930
 20
68.706746
 40
0.124968
  0
CIRCLE
  8
PIN_TOP
 10
69.813932
 20
68.706746
 40
0.124968
  0
CIRCLE
  8
PIN_TOP
 10
68.813934
 20
68.706746
 40
0.124968
  0
CIRCLE
  8
PIN_TOP
 10
67.813936
 20
68.706746
 40
0.124968
  0
CIRCLE
  8
PIN_TOP
 10
66.813938
 20
68.706746
 40
0.124968
  0
CIRCLE
  8
PIN_TOP
 10
65.813940
 20
68.706746
 40
0.124968
  0
CIRCLE
  8
PIN_TOP
 10
64.813942
 20
68.706746
 40
0.124968
  0
CIRCLE
  8
PIN_TOP
 10
63.813944
 20
68.706746
 40
0.124968
  0
CIRCLE
  8
PIN_TOP
 10
62.813946
 20
68.706746
 40
0.124968
  0
CIRCLE
  8
PIN_TOP
 10
62.314074
 20
68.706746
 40
0.124968
  0
CIRCLE
  8
PIN_TOP
 10
61.813948
 20
68.706746
 40
0.124968
  0
CIRCLE
  8
PIN_TOP
 10
61.314076
 20
68.706746
 40
0.124968
  0
CIRCLE
  8
PIN_TOP
 10
73.813924
 20
69.206872
 40
0.124968
  0
CIRCLE
  8
PIN_TOP
 10
73.314052
 20
69.206872
 40
0.124968
  0
CIRCLE
  8
PIN_TOP
 10
72.813926
 20
69.206872
 40
0.124968
  0
CIRCLE
  8
PIN_TOP
 10
72.314054
 20
69.206872
 40
0.124968
  0
CIRCLE
  8
PIN_TOP
 10
71.813928
 20
69.206872
 40
0.124968
  0
CIRCLE
  8
PIN_TOP
 10
70.813930
 20
69.206872
 40
0.124968
  0
CIRCLE
  8
PIN_TOP
 10
69.813932
 20
69.206872
 40
0.124968
  0
CIRCLE
  8
PIN_TOP
 10
68.813934
 20
69.206872
 40
0.124968
  0
CIRCLE
  8
PIN_TOP
 10
67.813936
 20
69.206872
 40
0.124968
  0
CIRCLE
  8
PIN_TOP
 10
66.813938
 20
69.206872
 40
0.124968
  0
CIRCLE
  8
PIN_TOP
 10
65.813940
 20
69.206872
 40
0.124968
  0
CIRCLE
  8
PIN_TOP
 10
64.813942
 20
69.206872
 40
0.124968
  0
CIRCLE
  8
PIN_TOP
 10
63.813944
 20
69.206872
 40
0.124968
  0
CIRCLE
  8
PIN_TOP
 10
70.813930
 20
69.706744
 40
0.124968
  0
CIRCLE
  8
PIN_TOP
 10
69.813932
 20
69.706744
 40
0.124968
  0
CIRCLE
  8
PIN_TOP
 10
68.813934
 20
69.706744
 40
0.124968
  0
CIRCLE
  8
PIN_TOP
 10
67.813936
 20
69.706744
 40
0.124968
  0
CIRCLE
  8
PIN_TOP
 10
66.813938
 20
69.706744
 40
0.124968
  0
CIRCLE
  8
PIN_TOP
 10
65.813940
 20
69.706744
 40
0.124968
  0
CIRCLE
  8
PIN_TOP
 10
64.813942
 20
69.706744
 40
0.124968
  0
CIRCLE
  8
PIN_TOP
 10
63.813944
 20
69.706744
 40
0.124968
  0
CIRCLE
  8
PIN_TOP
 10
63.314072
 20
69.706744
 40
0.124968
  0
CIRCLE
  8
PIN_TOP
 10
62.813946
 20
69.706744
 40
0.124968
  0
CIRCLE
  8
PIN_TOP
 10
62.314074
 20
69.706744
 40
0.124968
  0
CIRCLE
  8
PIN_TOP
 10
61.813948
 20
69.706744
 40
0.124968
  0
CIRCLE
  8
PIN_TOP
 10
61.314076
 20
69.706744
 40
0.124968
  0
CIRCLE
  8
PIN_TOP
 10
73.813924
 20
70.206870
 40
0.124968
  0
CIRCLE
  8
PIN_TOP
 10
73.314052
 20
70.206870
 40
0.124968
  0
CIRCLE
  8
PIN_TOP
 10
72.813926
 20
70.206870
 40
0.124968
  0
CIRCLE
  8
PIN_TOP
 10
72.314054
 20
70.206870
 40
0.124968
  0
CIRCLE
  8
PIN_TOP
 10
71.813928
 20
70.206870
 40
0.124968
  0
CIRCLE
  8
PIN_TOP
 10
70.813930
 20
70.206870
 40
0.124968
  0
CIRCLE
  8
PIN_TOP
 10
69.813932
 20
70.206870
 40
0.124968
  0
CIRCLE
  8
PIN_TOP
 10
68.813934
 20
70.206870
 40
0.124968
  0
CIRCLE
  8
PIN_TOP
 10
67.813936
 20
70.206870
 40
0.124968
  0
CIRCLE
  8
PIN_TOP
 10
66.813938
 20
70.206870
 40
0.124968
  0
CIRCLE
  8
PIN_TOP
 10
65.813940
 20
70.206870
 40
0.124968
  0
CIRCLE
  8
PIN_TOP
 10
64.813942
 20
70.206870
 40
0.124968
  0
CIRCLE
  8
PIN_TOP
 10
68.813934
 20
70.706742
 40
0.124968
  0
CIRCLE
  8
PIN_TOP
 10
67.813936
 20
70.706742
 40
0.124968
  0
CIRCLE
  8
PIN_TOP
 10
67.314064
 20
70.706742
 40
0.124968
  0
CIRCLE
  8
PIN_TOP
 10
65.813940
 20
70.706742
 40
0.124968
  0
CIRCLE
  8
PIN_TOP
 10
64.813942
 20
70.706742
 40
0.124968
  0
CIRCLE
  8
PIN_TOP
 10
63.813944
 20
70.706742
 40
0.124968
  0
CIRCLE
  8
PIN_TOP
 10
63.314072
 20
70.706742
 40
0.124968
  0
CIRCLE
  8
PIN_TOP
 10
62.813946
 20
70.706742
 40
0.124968
  0
CIRCLE
  8
PIN_TOP
 10
62.314074
 20
70.706742
 40
0.124968
  0
CIRCLE
  8
PIN_TOP
 10
61.813948
 20
70.706742
 40
0.124968
  0
CIRCLE
  8
PIN_TOP
 10
61.314076
 20
70.706742
 40
0.124968
  0
CIRCLE
  8
PIN_TOP
 10
73.813924
 20
71.206868
 40
0.124968
  0
CIRCLE
  8
PIN_TOP
 10
73.314052
 20
71.206868
 40
0.124968
  0
CIRCLE
  8
PIN_TOP
 10
72.813926
 20
71.206868
 40
0.124968
  0
CIRCLE
  8
PIN_TOP
 10
72.314054
 20
71.206868
 40
0.124968
  0
CIRCLE
  8
PIN_TOP
 10
71.813928
 20
71.206868
 40
0.124968
  0
CIRCLE
  8
PIN_TOP
 10
71.314056
 20
71.206868
 40
0.124968
  0
CIRCLE
  8
PIN_TOP
 10
69.813932
 20
71.206868
 40
0.124968
  0
CIRCLE
  8
PIN_TOP
 10
69.314060
 20
71.206868
 40
0.124968
  0
CIRCLE
  8
PIN_TOP
 10
68.813934
 20
71.206868
 40
0.124968
  0
CIRCLE
  8
PIN_TOP
 10
67.813936
 20
71.206868
 40
0.124968
  0
CIRCLE
  8
PIN_TOP
 10
65.314068
 20
71.206868
 40
0.124968
  0
CIRCLE
  8
PIN_TOP
 10
64.813942
 20
71.206868
 40
0.124968
  0
CIRCLE
  8
PIN_TOP
 10
63.813944
 20
71.206868
 40
0.124968
  0
CIRCLE
  8
PIN_TOP
 10
69.813932
 20
71.706740
 40
0.124968
  0
CIRCLE
  8
PIN_TOP
 10
68.314062
 20
71.706740
 40
0.124968
  0
CIRCLE
  8
PIN_TOP
 10
67.813936
 20
71.706740
 40
0.124968
  0
CIRCLE
  8
PIN_TOP
 10
67.314064
 20
71.706740
 40
0.124968
  0
CIRCLE
  8
PIN_TOP
 10
66.813938
 20
71.706740
 40
0.124968
  0
CIRCLE
  8
PIN_TOP
 10
66.314066
 20
71.706740
 40
0.124968
  0
CIRCLE
  8
PIN_TOP
 10
65.813940
 20
71.706740
 40
0.124968
  0
CIRCLE
  8
PIN_TOP
 10
64.813942
 20
71.706740
 40
0.124968
  0
CIRCLE
  8
PIN_TOP
 10
63.813944
 20
71.706740
 40
0.124968
  0
CIRCLE
  8
PIN_TOP
 10
63.314072
 20
71.706740
 40
0.124968
  0
CIRCLE
  8
PIN_TOP
 10
62.813946
 20
71.706740
 40
0.124968
  0
CIRCLE
  8
PIN_TOP
 10
62.314074
 20
71.706740
 40
0.124968
  0
CIRCLE
  8
PIN_TOP
 10
61.813948
 20
71.706740
 40
0.124968
  0
CIRCLE
  8
PIN_TOP
 10
61.314076
 20
71.706740
 40
0.124968
  0
CIRCLE
  8
PIN_TOP
 10
73.813924
 20
72.206866
 40
0.124968
  0
CIRCLE
  8
PIN_TOP
 10
73.314052
 20
72.206866
 40
0.124968
  0
CIRCLE
  8
PIN_TOP
 10
72.813926
 20
72.206866
 40
0.124968
  0
CIRCLE
  8
PIN_TOP
 10
72.314054
 20
72.206866
 40
0.124968
  0
CIRCLE
  8
PIN_TOP
 10
71.813928
 20
72.206866
 40
0.124968
  0
CIRCLE
  8
PIN_TOP
 10
71.314056
 20
72.206866
 40
0.124968
  0
CIRCLE
  8
PIN_TOP
 10
70.813930
 20
72.206866
 40
0.124968
  0
CIRCLE
  8
PIN_TOP
 10
70.314058
 20
72.206866
 40
0.124968
  0
CIRCLE
  8
PIN_TOP
 10
69.813932
 20
72.206866
 40
0.124968
  0
CIRCLE
  8
PIN_TOP
 10
69.314060
 20
72.206866
 40
0.124968
  0
CIRCLE
  8
PIN_TOP
 10
68.813934
 20
72.206866
 40
0.124968
  0
CIRCLE
  8
PIN_TOP
 10
68.314062
 20
72.206866
 40
0.124968
  0
CIRCLE
  8
PIN_TOP
 10
67.813936
 20
72.206866
 40
0.124968
  0
CIRCLE
  8
PIN_TOP
 10
66.813938
 20
72.206866
 40
0.124968
  0
CIRCLE
  8
PIN_TOP
 10
66.314066
 20
72.206866
 40
0.124968
  0
CIRCLE
  8
PIN_TOP
 10
65.314068
 20
72.206866
 40
0.124968
  0
CIRCLE
  8
PIN_TOP
 10
69.314060
 20
72.706738
 40
0.124968
  0
CIRCLE
  8
PIN_TOP
 10
68.813934
 20
72.706738
 40
0.124968
  0
CIRCLE
  8
PIN_TOP
 10
67.813936
 20
72.706738
 40
0.124968
  0
CIRCLE
  8
PIN_TOP
 10
67.314064
 20
72.706738
 40
0.124968
  0
CIRCLE
  8
PIN_TOP
 10
66.314066
 20
72.706738
 40
0.124968
  0
CIRCLE
  8
PIN_TOP
 10
65.813940
 20
72.706738
 40
0.124968
  0
CIRCLE
  8
PIN_TOP
 10
65.314068
 20
72.706738
 40
0.124968
  0
CIRCLE
  8
PIN_TOP
 10
64.813942
 20
72.706738
 40
0.124968
  0
CIRCLE
  8
PIN_TOP
 10
64.314070
 20
72.706738
 40
0.124968
  0
CIRCLE
  8
PIN_TOP
 10
63.813944
 20
72.706738
 40
0.124968
  0
CIRCLE
  8
PIN_TOP
 10
63.314072
 20
72.706738
 40
0.124968
  0
CIRCLE
  8
PIN_TOP
 10
62.813946
 20
72.706738
 40
0.124968
  0
CIRCLE
  8
PIN_TOP
 10
62.314074
 20
72.706738
 40
0.124968
  0
CIRCLE
  8
PIN_TOP
 10
61.813948
 20
72.706738
 40
0.124968
  0
CIRCLE
  8
PIN_TOP
 10
61.314076
 20
72.706738
 40
0.124968
  0
CIRCLE
  8
PIN_TOP
 10
73.813924
 20
73.206864
 40
0.124968
  0
CIRCLE
  8
PIN_TOP
 10
73.314052
 20
73.206864
 40
0.124968
  0
CIRCLE
  8
PIN_TOP
 10
72.813926
 20
73.206864
 40
0.124968
  0
CIRCLE
  8
PIN_TOP
 10
72.314054
 20
73.206864
 40
0.124968
  0
CIRCLE
  8
PIN_TOP
 10
71.813928
 20
73.206864
 40
0.124968
  0
CIRCLE
  8
PIN_TOP
 10
71.314056
 20
73.206864
 40
0.124968
  0
CIRCLE
  8
PIN_TOP
 10
70.813930
 20
73.206864
 40
0.124968
  0
CIRCLE
  8
PIN_TOP
 10
70.314058
 20
73.206864
 40
0.124968
  0
CIRCLE
  8
PIN_TOP
 10
69.813932
 20
73.206864
 40
0.124968
  0
CIRCLE
  8
PIN_TOP
 10
68.314062
 20
73.206864
 40
0.124968
  0
CIRCLE
  8
PIN_TOP
 10
67.314064
 20
73.206864
 40
0.124968
  0
CIRCLE
  8
PIN_TOP
 10
66.813938
 20
73.206864
 40
0.124968
  0
CIRCLE
  8
PIN_TOP
 10
69.813932
 20
73.706736
 40
0.124968
  0
CIRCLE
  8
PIN_TOP
 10
67.314064
 20
73.706736
 40
0.124968
  0
CIRCLE
  8
PIN_TOP
 10
66.813938
 20
73.706736
 40
0.124968
  0
CIRCLE
  8
PIN_TOP
 10
65.813940
 20
73.706736
 40
0.124968
  0
CIRCLE
  8
PIN_TOP
 10
65.314068
 20
73.706736
 40
0.124968
  0
CIRCLE
  8
PIN_TOP
 10
64.813942
 20
73.706736
 40
0.124968
  0
CIRCLE
  8
PIN_TOP
 10
63.813944
 20
73.706736
 40
0.124968
  0
CIRCLE
  8
PIN_TOP
 10
63.314072
 20
73.706736
 40
0.124968
  0
CIRCLE
  8
PIN_TOP
 10
62.813946
 20
73.706736
 40
0.124968
  0
CIRCLE
  8
PIN_TOP
 10
62.314074
 20
73.706736
 40
0.124968
  0
CIRCLE
  8
PIN_TOP
 10
61.813948
 20
73.706736
 40
0.124968
  0
CIRCLE
  8
PIN_TOP
 10
61.314076
 20
73.706736
 40
0.124968
  0
CIRCLE
  8
PIN_TOP
 10
73.813924
 20
74.206862
 40
0.124968
  0
CIRCLE
  8
PIN_TOP
 10
73.314052
 20
74.206862
 40
0.124968
  0
CIRCLE
  8
PIN_TOP
 10
72.813926
 20
74.206862
 40
0.124968
  0
CIRCLE
  8
PIN_TOP
 10
72.314054
 20
74.206862
 40
0.124968
  0
CIRCLE
  8
PIN_TOP
 10
71.813928
 20
74.206862
 40
0.124968
  0
CIRCLE
  8
PIN_TOP
 10
71.314056
 20
74.206862
 40
0.124968
  0
CIRCLE
  8
PIN_TOP
 10
70.813930
 20
74.206862
 40
0.124968
  0
CIRCLE
  8
PIN_TOP
 10
70.314058
 20
74.206862
 40
0.124968
  0
CIRCLE
  8
PIN_TOP
 10
69.813932
 20
74.206862
 40
0.124968
  0
CIRCLE
  8
PIN_TOP
 10
68.314062
 20
74.206862
 40
0.124968
  0
CIRCLE
  8
PIN_TOP
 10
67.813936
 20
74.206862
 40
0.124968
  0
CIRCLE
  8
PIN_TOP
 10
67.314064
 20
74.206862
 40
0.124968
  0
CIRCLE
  8
PIN_TOP
 10
68.314062
 20
74.706734
 40
0.124968
  0
CIRCLE
  8
PIN_TOP
 10
66.813938
 20
74.706734
 40
0.124968
  0
CIRCLE
  8
PIN_TOP
 10
66.314066
 20
74.706734
 40
0.124968
  0
CIRCLE
  8
PIN_TOP
 10
65.813940
 20
74.706734
 40
0.124968
  0
CIRCLE
  8
PIN_TOP
 10
65.314068
 20
74.706734
 40
0.124968
  0
CIRCLE
  8
PIN_TOP
 10
64.314070
 20
74.706734
 40
0.124968
  0
CIRCLE
  8
PIN_TOP
 10
63.813944
 20
74.706734
 40
0.124968
  0
CIRCLE
  8
PIN_TOP
 10
63.314072
 20
74.706734
 40
0.124968
  0
CIRCLE
  8
PIN_TOP
 10
62.813946
 20
74.706734
 40
0.124968
  0
CIRCLE
  8
PIN_TOP
 10
62.314074
 20
74.706734
 40
0.124968
  0
CIRCLE
  8
PIN_TOP
 10
61.813948
 20
74.706734
 40
0.124968
  0
CIRCLE
  8
PIN_TOP
 10
61.314076
 20
74.706734
 40
0.124968
  0
CIRCLE
  8
PIN_TOP
 10
73.813924
 20
75.206860
 40
0.124968
  0
CIRCLE
  8
PIN_TOP
 10
73.314052
 20
75.206860
 40
0.124968
  0
CIRCLE
  8
PIN_TOP
 10
72.813926
 20
75.206860
 40
0.124968
  0
CIRCLE
  8
PIN_TOP
 10
72.314054
 20
75.206860
 40
0.124968
  0
CIRCLE
  8
PIN_TOP
 10
71.813928
 20
75.206860
 40
0.124968
  0
CIRCLE
  8
PIN_TOP
 10
71.314056
 20
75.206860
 40
0.124968
  0
CIRCLE
  8
PIN_TOP
 10
70.314058
 20
75.206860
 40
0.124968
  0
CIRCLE
  8
PIN_TOP
 10
69.314060
 20
75.206860
 40
0.124968
  0
CIRCLE
  8
PIN_TOP
 10
68.314062
 20
75.206860
 40
0.124968
  0
CIRCLE
  8
PIN_TOP
 10
67.813936
 20
75.206860
 40
0.124968
  0
CIRCLE
  8
PIN_TOP
 10
65.314068
 20
75.206860
 40
0.124968
  0
CIRCLE
  8
PIN_TOP
 10
63.813944
 20
75.206860
 40
0.124968
  0
CIRCLE
  8
PIN_TOP
 10
70.314058
 20
75.706732
 40
0.124968
  0
CIRCLE
  8
PIN_TOP
 10
69.314060
 20
75.706732
 40
0.124968
  0
CIRCLE
  8
PIN_TOP
 10
68.813934
 20
75.706732
 40
0.124968
  0
CIRCLE
  8
PIN_TOP
 10
68.314062
 20
75.706732
 40
0.124968
  0
CIRCLE
  8
PIN_TOP
 10
67.314064
 20
75.706732
 40
0.124968
  0
CIRCLE
  8
PIN_TOP
 10
66.314066
 20
75.706732
 40
0.124968
  0
CIRCLE
  8
PIN_TOP
 10
65.314068
 20
75.706732
 40
0.124968
  0
CIRCLE
  8
PIN_TOP
 10
64.314070
 20
75.706732
 40
0.124968
  0
CIRCLE
  8
PIN_TOP
 10
63.813944
 20
75.706732
 40
0.124968
  0
CIRCLE
  8
PIN_TOP
 10
63.314072
 20
75.706732
 40
0.124968
  0
CIRCLE
  8
PIN_TOP
 10
62.813946
 20
75.706732
 40
0.124968
  0
CIRCLE
  8
PIN_TOP
 10
62.314074
 20
75.706732
 40
0.124968
  0
CIRCLE
  8
PIN_TOP
 10
61.813948
 20
75.706732
 40
0.124968
  0
CIRCLE
  8
PIN_TOP
 10
61.314076
 20
75.706732
 40
0.124968
  0
CIRCLE
  8
PIN_TOP
 10
73.813924
 20
76.206858
 40
0.124968
  0
CIRCLE
  8
PIN_TOP
 10
73.314052
 20
76.206858
 40
0.124968
  0
CIRCLE
  8
PIN_TOP
 10
72.813926
 20
76.206858
 40
0.124968
  0
CIRCLE
  8
PIN_TOP
 10
72.314054
 20
76.206858
 40
0.124968
  0
CIRCLE
  8
PIN_TOP
 10
71.813928
 20
76.206858
 40
0.124968
  0
CIRCLE
  8
PIN_TOP
 10
71.314056
 20
76.206858
 40
0.124968
  0
CIRCLE
  8
PIN_TOP
 10
69.813932
 20
76.206858
 40
0.124968
  0
CIRCLE
  8
PIN_TOP
 10
69.314060
 20
76.206858
 40
0.124968
  0
CIRCLE
  8
PIN_TOP
 10
68.813934
 20
76.206858
 40
0.124968
  0
CIRCLE
  8
PIN_TOP
 10
66.813938
 20
76.206858
 40
0.124968
  0
CIRCLE
  8
PIN_TOP
 10
66.314066
 20
76.206858
 40
0.124968
  0
CIRCLE
  8
PIN_TOP
 10
65.813940
 20
76.206858
 40
0.124968
  0
CIRCLE
  8
PIN_TOP
 10
65.314068
 20
76.206858
 40
0.124968
  0
CIRCLE
  8
PIN_TOP
 10
64.314070
 20
76.206858
 40
0.124968
  0
CIRCLE
  8
PIN_TOP
 10
70.314058
 20
76.706730
 40
0.124968
  0
CIRCLE
  8
PIN_TOP
 10
69.314060
 20
76.706730
 40
0.124968
  0
CIRCLE
  8
PIN_TOP
 10
68.813934
 20
76.706730
 40
0.124968
  0
CIRCLE
  8
PIN_TOP
 10
68.314062
 20
76.706730
 40
0.124968
  0
CIRCLE
  8
PIN_TOP
 10
67.314064
 20
76.706730
 40
0.124968
  0
CIRCLE
  8
PIN_TOP
 10
66.314066
 20
76.706730
 40
0.124968
  0
CIRCLE
  8
PIN_TOP
 10
65.813940
 20
76.706730
 40
0.124968
  0
CIRCLE
  8
PIN_TOP
 10
63.813944
 20
76.706730
 40
0.124968
  0
CIRCLE
  8
PIN_TOP
 10
63.314072
 20
76.706730
 40
0.124968
  0
CIRCLE
  8
PIN_TOP
 10
62.813946
 20
76.706730
 40
0.124968
  0
CIRCLE
  8
PIN_TOP
 10
62.314074
 20
76.706730
 40
0.124968
  0
CIRCLE
  8
PIN_TOP
 10
61.813948
 20
76.706730
 40
0.124968
  0
CIRCLE
  8
PIN_TOP
 10
61.314076
 20
76.706730
 40
0.124968
  0
CIRCLE
  8
PIN_TOP
 10
73.813924
 20
77.206856
 40
0.124968
  0
CIRCLE
  8
PIN_TOP
 10
73.314052
 20
77.206856
 40
0.124968
  0
CIRCLE
  8
PIN_TOP
 10
72.813926
 20
77.206856
 40
0.124968
  0
CIRCLE
  8
PIN_TOP
 10
72.314054
 20
77.206856
 40
0.124968
  0
CIRCLE
  8
PIN_TOP
 10
71.813928
 20
77.206856
 40
0.124968
  0
CIRCLE
  8
PIN_TOP
 10
71.314056
 20
77.206856
 40
0.124968
  0
CIRCLE
  8
PIN_TOP
 10
70.314058
 20
77.206856
 40
0.124968
  0
CIRCLE
  8
PIN_TOP
 10
69.314060
 20
77.206856
 40
0.124968
  0
CIRCLE
  8
PIN_TOP
 10
68.314062
 20
77.206856
 40
0.124968
  0
CIRCLE
  8
PIN_TOP
 10
67.314064
 20
77.206856
 40
0.124968
  0
CIRCLE
  8
PIN_TOP
 10
66.314066
 20
77.206856
 40
0.124968
  0
CIRCLE
  8
PIN_TOP
 10
65.813940
 20
77.206856
 40
0.124968
  0
CIRCLE
  8
PIN_TOP
 10
65.314068
 20
77.206856
 40
0.124968
  0
CIRCLE
  8
PIN_TOP
 10
64.314070
 20
77.206856
 40
0.124968
  0
CIRCLE
  8
PIN_TOP
 10
71.314056
 20
77.706728
 40
0.124968
  0
CIRCLE
  8
PIN_TOP
 10
70.314058
 20
77.706728
 40
0.124968
  0
CIRCLE
  8
PIN_TOP
 10
69.314060
 20
77.706728
 40
0.124968
  0
CIRCLE
  8
PIN_TOP
 10
68.314062
 20
77.706728
 40
0.124968
  0
CIRCLE
  8
PIN_TOP
 10
67.314064
 20
77.706728
 40
0.124968
  0
CIRCLE
  8
PIN_TOP
 10
66.314066
 20
77.706728
 40
0.124968
  0
CIRCLE
  8
PIN_TOP
 10
65.314068
 20
77.706728
 40
0.124968
  0
CIRCLE
  8
PIN_TOP
 10
64.314070
 20
77.706728
 40
0.124968
  0
CIRCLE
  8
PIN_TOP
 10
62.813946
 20
77.706728
 40
0.124968
  0
CIRCLE
  8
PIN_TOP
 10
62.314074
 20
77.706728
 40
0.124968
  0
CIRCLE
  8
PIN_TOP
 10
61.813948
 20
77.706728
 40
0.124968
  0
CIRCLE
  8
PIN_TOP
 10
61.314076
 20
77.706728
 40
0.124968
  0
CIRCLE
  8
PIN_TOP
 10
73.813924
 20
78.206854
 40
0.124968
  0
CIRCLE
  8
PIN_TOP
 10
73.314052
 20
78.206854
 40
0.124968
  0
CIRCLE
  8
PIN_TOP
 10
72.813926
 20
78.206854
 40
0.124968
  0
CIRCLE
  8
PIN_TOP
 10
72.314054
 20
78.206854
 40
0.124968
  0
CIRCLE
  8
PIN_TOP
 10
71.314056
 20
78.206854
 40
0.124968
  0
CIRCLE
  8
PIN_TOP
 10
70.314058
 20
78.206854
 40
0.124968
  0
CIRCLE
  8
PIN_TOP
 10
69.314060
 20
78.206854
 40
0.124968
  0
CIRCLE
  8
PIN_TOP
 10
68.314062
 20
78.206854
 40
0.124968
  0
CIRCLE
  8
PIN_TOP
 10
67.314064
 20
78.206854
 40
0.124968
  0
CIRCLE
  8
PIN_TOP
 10
66.314066
 20
78.206854
 40
0.124968
  0
CIRCLE
  8
PIN_TOP
 10
65.314068
 20
78.206854
 40
0.124968
  0
CIRCLE
  8
PIN_TOP
 10
64.314070
 20
78.206854
 40
0.124968
  0
CIRCLE
  8
PIN_TOP
 10
63.314072
 20
78.206854
 40
0.124968
  0
CIRCLE
  8
PIN_TOP
 10
72.314054
 20
78.706726
 40
0.124968
  0
CIRCLE
  8
PIN_TOP
 10
71.314056
 20
78.706726
 40
0.124968
  0
CIRCLE
  8
PIN_TOP
 10
70.314058
 20
78.706726
 40
0.124968
  0
CIRCLE
  8
PIN_TOP
 10
69.314060
 20
78.706726
 40
0.124968
  0
CIRCLE
  8
PIN_TOP
 10
68.314062
 20
78.706726
 40
0.124968
  0
CIRCLE
  8
PIN_TOP
 10
67.314064
 20
78.706726
 40
0.124968
  0
CIRCLE
  8
PIN_TOP
 10
66.314066
 20
78.706726
 40
0.124968
  0
CIRCLE
  8
PIN_TOP
 10
65.314068
 20
78.706726
 40
0.124968
  0
CIRCLE
  8
PIN_TOP
 10
64.314070
 20
78.706726
 40
0.124968
  0
CIRCLE
  8
PIN_TOP
 10
63.314072
 20
78.706726
 40
0.124968
  0
CIRCLE
  8
PIN_TOP
 10
62.314074
 20
78.706726
 40
0.124968
  0
CIRCLE
  8
PIN_TOP
 10
61.813948
 20
78.706726
 40
0.124968
  0
CIRCLE
  8
PIN_TOP
 10
61.314076
 20
78.706726
 40
0.124968
  0
CIRCLE
  8
PIN_TOP
 10
73.813924
 20
79.206852
 40
0.124968
  0
CIRCLE
  8
PIN_TOP
 10
73.314052
 20
79.206852
 40
0.124968
  0
CIRCLE
  8
PIN_TOP
 10
72.314054
 20
79.206852
 40
0.124968
  0
CIRCLE
  8
PIN_TOP
 10
71.314056
 20
79.206852
 40
0.124968
  0
CIRCLE
  8
PIN_TOP
 10
70.314058
 20
79.206852
 40
0.124968
  0
CIRCLE
  8
PIN_TOP
 10
69.314060
 20
79.206852
 40
0.124968
  0
CIRCLE
  8
PIN_TOP
 10
68.314062
 20
79.206852
 40
0.124968
  0
CIRCLE
  8
PIN_TOP
 10
67.314064
 20
79.206852
 40
0.124968
  0
CIRCLE
  8
PIN_TOP
 10
66.314066
 20
79.206852
 40
0.124968
  0
CIRCLE
  8
PIN_TOP
 10
65.314068
 20
79.206852
 40
0.124968
  0
CIRCLE
  8
PIN_TOP
 10
64.314070
 20
79.206852
 40
0.124968
  0
CIRCLE
  8
PIN_TOP
 10
63.314072
 20
79.206852
 40
0.124968
  0
CIRCLE
  8
PIN_TOP
 10
62.314074
 20
79.206852
 40
0.124968
  0
CIRCLE
  8
PIN_TOP
 10
73.314052
 20
79.706724
 40
0.124968
  0
CIRCLE
  8
PIN_TOP
 10
72.314054
 20
79.706724
 40
0.124968
  0
CIRCLE
  8
PIN_TOP
 10
71.314056
 20
79.706724
 40
0.124968
  0
CIRCLE
  8
PIN_TOP
 10
70.314058
 20
79.706724
 40
0.124968
  0
CIRCLE
  8
PIN_TOP
 10
69.314060
 20
79.706724
 40
0.124968
  0
CIRCLE
  8
PIN_TOP
 10
68.314062
 20
79.706724
 40
0.124968
  0
CIRCLE
  8
PIN_TOP
 10
67.314064
 20
79.706724
 40
0.124968
  0
CIRCLE
  8
PIN_TOP
 10
66.314066
 20
79.706724
 40
0.124968
  0
CIRCLE
  8
PIN_TOP
 10
65.314068
 20
79.706724
 40
0.124968
  0
CIRCLE
  8
PIN_TOP
 10
64.314070
 20
79.706724
 40
0.124968
  0
CIRCLE
  8
PIN_TOP
 10
63.314072
 20
79.706724
 40
0.124968
  0
CIRCLE
  8
PIN_TOP
 10
62.314074
 20
79.706724
 40
0.124968
  0
CIRCLE
  8
PIN_TOP
 10
61.314076
 20
79.706724
 40
0.124968
  0
CIRCLE
  8
PIN_TOP
 10
74.763884
 20
66.256916
 40
0.124968
  0
CIRCLE
  8
PIN_TOP
 10
74.364088
 20
66.256916
 40
0.124968
  0
CIRCLE
  8
PIN_TOP
 10
73.563988
 20
66.256916
 40
0.124968
  0
CIRCLE
  8
PIN_TOP
 10
72.763888
 20
66.256916
 40
0.124968
  0
CIRCLE
  8
PIN_TOP
 10
72.364092
 20
66.256916
 40
0.124968
  0
CIRCLE
  8
PIN_TOP
 10
71.563992
 20
66.256916
 40
0.124968
  0
CIRCLE
  8
PIN_TOP
 10
71.163942
 20
66.256916
 40
0.124968
  0
CIRCLE
  8
PIN_TOP
 10
70.364096
 20
66.256916
 40
0.124968
  0
CIRCLE
  8
PIN_TOP
 10
69.964046
 20
66.256916
 40
0.124968
  0
CIRCLE
  8
PIN_TOP
 10
69.163946
 20
66.256916
 40
0.124968
  0
CIRCLE
  8
PIN_TOP
 10
68.763896
 20
66.256916
 40
0.124968
  0
CIRCLE
  8
PIN_TOP
 10
67.964050
 20
66.256916
 40
0.124968
  0
CIRCLE
  8
PIN_TOP
 10
67.564000
 20
66.256916
 40
0.124968
  0
CIRCLE
  8
PIN_TOP
 10
66.763900
 20
66.256916
 40
0.124968
  0
CIRCLE
  8
PIN_TOP
 10
66.364104
 20
66.256916
 40
0.124968
  0
CIRCLE
  8
PIN_TOP
 10
61.964062
 20
66.256916
 40
0.124968
  0
CIRCLE
  8
PIN_TOP
 10
61.564012
 20
66.256916
 40
0.124968
  0
CIRCLE
  8
PIN_TOP
 10
60.763912
 20
66.256916
 40
0.124968
  0
CIRCLE
  8
PIN_TOP
 10
60.364116
 20
66.256916
 40
0.124968
  0
CIRCLE
  8
PIN_TOP
 10
74.763884
 20
66.656712
 40
0.124968
  0
CIRCLE
  8
PIN_TOP
 10
74.364088
 20
66.656712
 40
0.124968
  0
CIRCLE
  8
PIN_TOP
 10
73.964038
 20
66.656712
 40
0.124968
  0
CIRCLE
  8
PIN_TOP
 10
73.563988
 20
66.656712
 40
0.124968
  0
CIRCLE
  8
PIN_TOP
 10
73.163938
 20
66.656712
 40
0.124968
  0
CIRCLE
  8
PIN_TOP
 10
72.763888
 20
66.656712
 40
0.124968
  0
CIRCLE
  8
PIN_TOP
 10
72.364092
 20
66.656712
 40
0.124968
  0
CIRCLE
  8
PIN_TOP
 10
71.964042
 20
66.656712
 40
0.124968
  0
CIRCLE
  8
PIN_TOP
 10
71.563992
 20
66.656712
 40
0.124968
  0
CIRCLE
  8
PIN_TOP
 10
71.163942
 20
66.656712
 40
0.124968
  0
CIRCLE
  8
PIN_TOP
 10
70.763892
 20
66.656712
 40
0.124968
  0
CIRCLE
  8
PIN_TOP
 10
70.364096
 20
66.656712
 40
0.124968
  0
CIRCLE
  8
PIN_TOP
 10
69.964046
 20
66.656712
 40
0.124968
  0
CIRCLE
  8
PIN_TOP
 10
69.563996
 20
66.656712
 40
0.124968
  0
CIRCLE
  8
PIN_TOP
 10
69.163946
 20
66.656712
 40
0.124968
  0
CIRCLE
  8
PIN_TOP
 10
68.763896
 20
66.656712
 40
0.124968
  0
CIRCLE
  8
PIN_TOP
 10
68.364100
 20
66.656712
 40
0.124968
  0
CIRCLE
  8
PIN_TOP
 10
67.964050
 20
66.656712
 40
0.124968
  0
CIRCLE
  8
PIN_TOP
 10
67.564000
 20
66.656712
 40
0.124968
  0
CIRCLE
  8
PIN_TOP
 10
67.163950
 20
66.656712
 40
0.124968
  0
CIRCLE
  8
PIN_TOP
 10
66.763900
 20
66.656712
 40
0.124968
  0
CIRCLE
  8
PIN_TOP
 10
66.364104
 20
66.656712
 40
0.124968
  0
CIRCLE
  8
PIN_TOP
 10
65.964054
 20
66.656712
 40
0.124968
  0
CIRCLE
  8
PIN_TOP
 10
65.564004
 20
66.656712
 40
0.124968
  0
CIRCLE
  8
PIN_TOP
 10
65.163954
 20
66.656712
 40
0.124968
  0
CIRCLE
  8
PIN_TOP
 10
64.763904
 20
66.656712
 40
0.124968
  0
CIRCLE
  8
PIN_TOP
 10
64.364108
 20
66.656712
 40
0.124968
  0
CIRCLE
  8
PIN_TOP
 10
63.964058
 20
66.656712
 40
0.124968
  0
CIRCLE
  8
PIN_TOP
 10
63.564008
 20
66.656712
 40
0.124968
  0
CIRCLE
  8
PIN_TOP
 10
63.163958
 20
66.656712
 40
0.124968
  0
CIRCLE
  8
PIN_TOP
 10
62.763908
 20
66.656712
 40
0.124968
  0
CIRCLE
  8
PIN_TOP
 10
61.564012
 20
66.656712
 40
0.124968
  0
CIRCLE
  8
PIN_TOP
 10
61.163962
 20
66.656712
 40
0.124968
  0
CIRCLE
  8
PIN_TOP
 10
60.763912
 20
66.656712
 40
0.124968
  0
CIRCLE
  8
PIN_TOP
 10
60.364116
 20
66.656712
 40
0.124968
  0
CIRCLE
  8
PIN_TOP
 10
74.364088
 20
67.056762
 40
0.124968
  0
CIRCLE
  8
PIN_TOP
 10
60.763912
 20
67.056762
 40
0.124968
  0
CIRCLE
  8
PIN_TOP
 10
74.763884
 20
67.456812
 40
0.124968
  0
CIRCLE
  8
PIN_TOP
 10
74.364088
 20
67.456812
 40
0.124968
  0
CIRCLE
  8
PIN_TOP
 10
60.763912
 20
67.456812
 40
0.124968
  0
CIRCLE
  8
PIN_TOP
 10
60.364116
 20
67.456812
 40
0.124968
  0
CIRCLE
  8
PIN_TOP
 10
74.364088
 20
67.856862
 40
0.124968
  0
CIRCLE
  8
PIN_TOP
 10
60.763912
 20
67.856862
 40
0.124968
  0
CIRCLE
  8
PIN_TOP
 10
74.763884
 20
68.256912
 40
0.124968
  0
CIRCLE
  8
PIN_TOP
 10
74.364088
 20
68.256912
 40
0.124968
  0
CIRCLE
  8
PIN_TOP
 10
60.763912
 20
68.256912
 40
0.124968
  0
CIRCLE
  8
PIN_TOP
 10
60.364116
 20
68.256912
 40
0.124968
  0
CIRCLE
  8
PIN_TOP
 10
74.763884
 20
68.656708
 40
0.124968
  0
CIRCLE
  8
PIN_TOP
 10
74.364088
 20
68.656708
 40
0.124968
  0
CIRCLE
  8
PIN_TOP
 10
60.763912
 20
68.656708
 40
0.124968
  0
CIRCLE
  8
PIN_TOP
 10
60.364116
 20
68.656708
 40
0.124968
  0
CIRCLE
  8
PIN_TOP
 10
74.364088
 20
69.056758
 40
0.124968
  0
CIRCLE
  8
PIN_TOP
 10
60.763912
 20
69.056758
 40
0.124968
  0
CIRCLE
  8
PIN_TOP
 10
74.763884
 20
69.456808
 40
0.124968
  0
CIRCLE
  8
PIN_TOP
 10
74.364088
 20
69.456808
 40
0.124968
  0
CIRCLE
  8
PIN_TOP
 10
60.763912
 20
69.456808
 40
0.124968
  0
CIRCLE
  8
PIN_TOP
 10
60.364116
 20
69.456808
 40
0.124968
  0
CIRCLE
  8
PIN_TOP
 10
74.763884
 20
69.856858
 40
0.124968
  0
CIRCLE
  8
PIN_TOP
 10
74.364088
 20
69.856858
 40
0.124968
  0
CIRCLE
  8
PIN_TOP
 10
60.763912
 20
69.856858
 40
0.124968
  0
CIRCLE
  8
PIN_TOP
 10
60.364116
 20
69.856858
 40
0.124968
  0
CIRCLE
  8
PIN_TOP
 10
74.364088
 20
70.256908
 40
0.124968
  0
CIRCLE
  8
PIN_TOP
 10
60.763912
 20
70.256908
 40
0.124968
  0
CIRCLE
  8
PIN_TOP
 10
74.763884
 20
70.656704
 40
0.124968
  0
CIRCLE
  8
PIN_TOP
 10
74.364088
 20
70.656704
 40
0.124968
  0
CIRCLE
  8
PIN_TOP
 10
60.763912
 20
70.656704
 40
0.124968
  0
CIRCLE
  8
PIN_TOP
 10
60.364116
 20
70.656704
 40
0.124968
  0
CIRCLE
  8
PIN_TOP
 10
74.763884
 20
71.056754
 40
0.124968
  0
CIRCLE
  8
PIN_TOP
 10
74.364088
 20
71.056754
 40
0.124968
  0
CIRCLE
  8
PIN_TOP
 10
60.763912
 20
71.056754
 40
0.124968
  0
CIRCLE
  8
PIN_TOP
 10
60.364116
 20
71.056754
 40
0.124968
  0
CIRCLE
  8
PIN_TOP
 10
74.364088
 20
71.456804
 40
0.124968
  0
CIRCLE
  8
PIN_TOP
 10
60.763912
 20
71.456804
 40
0.124968
  0
CIRCLE
  8
PIN_TOP
 10
74.763884
 20
71.856854
 40
0.124968
  0
CIRCLE
  8
PIN_TOP
 10
74.364088
 20
71.856854
 40
0.124968
  0
CIRCLE
  8
PIN_TOP
 10
60.763912
 20
71.856854
 40
0.124968
  0
CIRCLE
  8
PIN_TOP
 10
60.364116
 20
71.856854
 40
0.124968
  0
CIRCLE
  8
PIN_TOP
 10
74.763884
 20
72.256904
 40
0.124968
  0
CIRCLE
  8
PIN_TOP
 10
74.364088
 20
72.256904
 40
0.124968
  0
CIRCLE
  8
PIN_TOP
 10
60.763912
 20
72.256904
 40
0.124968
  0
CIRCLE
  8
PIN_TOP
 10
60.364116
 20
72.256904
 40
0.124968
  0
CIRCLE
  8
PIN_TOP
 10
74.364088
 20
72.656700
 40
0.124968
  0
CIRCLE
  8
PIN_TOP
 10
60.763912
 20
72.656700
 40
0.124968
  0
CIRCLE
  8
PIN_TOP
 10
74.763884
 20
73.056750
 40
0.124968
  0
CIRCLE
  8
PIN_TOP
 10
74.364088
 20
73.056750
 40
0.124968
  0
CIRCLE
  8
PIN_TOP
 10
60.763912
 20
73.056750
 40
0.124968
  0
CIRCLE
  8
PIN_TOP
 10
60.364116
 20
73.056750
 40
0.124968
  0
CIRCLE
  8
PIN_TOP
 10
74.763884
 20
73.456800
 40
0.124968
  0
CIRCLE
  8
PIN_TOP
 10
74.364088
 20
73.456800
 40
0.124968
  0
CIRCLE
  8
PIN_TOP
 10
60.763912
 20
73.456800
 40
0.124968
  0
CIRCLE
  8
PIN_TOP
 10
60.364116
 20
73.456800
 40
0.124968
  0
CIRCLE
  8
PIN_TOP
 10
74.364088
 20
73.856850
 40
0.124968
  0
CIRCLE
  8
PIN_TOP
 10
60.763912
 20
73.856850
 40
0.124968
  0
CIRCLE
  8
PIN_TOP
 10
74.763884
 20
74.256900
 40
0.124968
  0
CIRCLE
  8
PIN_TOP
 10
74.364088
 20
74.256900
 40
0.124968
  0
CIRCLE
  8
PIN_TOP
 10
60.763912
 20
74.256900
 40
0.124968
  0
CIRCLE
  8
PIN_TOP
 10
60.364116
 20
74.256900
 40
0.124968
  0
CIRCLE
  8
PIN_TOP
 10
74.763884
 20
74.656696
 40
0.124968
  0
CIRCLE
  8
PIN_TOP
 10
74.364088
 20
74.656696
 40
0.124968
  0
CIRCLE
  8
PIN_TOP
 10
60.763912
 20
74.656696
 40
0.124968
  0
CIRCLE
  8
PIN_TOP
 10
60.364116
 20
74.656696
 40
0.124968
  0
CIRCLE
  8
PIN_TOP
 10
74.364088
 20
75.056746
 40
0.124968
  0
CIRCLE
  8
PIN_TOP
 10
60.763912
 20
75.056746
 40
0.124968
  0
CIRCLE
  8
PIN_TOP
 10
74.763884
 20
75.456796
 40
0.124968
  0
CIRCLE
  8
PIN_TOP
 10
74.364088
 20
75.456796
 40
0.124968
  0
CIRCLE
  8
PIN_TOP
 10
60.763912
 20
75.456796
 40
0.124968
  0
CIRCLE
  8
PIN_TOP
 10
60.364116
 20
75.456796
 40
0.124968
  0
CIRCLE
  8
PIN_TOP
 10
74.763884
 20
75.856846
 40
0.124968
  0
CIRCLE
  8
PIN_TOP
 10
74.364088
 20
75.856846
 40
0.124968
  0
CIRCLE
  8
PIN_TOP
 10
60.763912
 20
75.856846
 40
0.124968
  0
CIRCLE
  8
PIN_TOP
 10
60.364116
 20
75.856846
 40
0.124968
  0
CIRCLE
  8
PIN_TOP
 10
74.364088
 20
76.256896
 40
0.124968
  0
CIRCLE
  8
PIN_TOP
 10
60.763912
 20
76.256896
 40
0.124968
  0
CIRCLE
  8
PIN_TOP
 10
74.763884
 20
76.656692
 40
0.124968
  0
CIRCLE
  8
PIN_TOP
 10
74.364088
 20
76.656692
 40
0.124968
  0
CIRCLE
  8
PIN_TOP
 10
60.763912
 20
76.656692
 40
0.124968
  0
CIRCLE
  8
PIN_TOP
 10
60.364116
 20
76.656692
 40
0.124968
  0
CIRCLE
  8
PIN_TOP
 10
74.763884
 20
77.056742
 40
0.124968
  0
CIRCLE
  8
PIN_TOP
 10
74.364088
 20
77.056742
 40
0.124968
  0
CIRCLE
  8
PIN_TOP
 10
60.763912
 20
77.056742
 40
0.124968
  0
CIRCLE
  8
PIN_TOP
 10
60.364116
 20
77.056742
 40
0.124968
  0
CIRCLE
  8
PIN_TOP
 10
74.364088
 20
77.456792
 40
0.124968
  0
CIRCLE
  8
PIN_TOP
 10
60.763912
 20
77.456792
 40
0.124968
  0
CIRCLE
  8
PIN_TOP
 10
74.763884
 20
77.856842
 40
0.124968
  0
CIRCLE
  8
PIN_TOP
 10
74.364088
 20
77.856842
 40
0.124968
  0
CIRCLE
  8
PIN_TOP
 10
60.763912
 20
77.856842
 40
0.124968
  0
CIRCLE
  8
PIN_TOP
 10
60.364116
 20
77.856842
 40
0.124968
  0
CIRCLE
  8
PIN_TOP
 10
74.763884
 20
78.256892
 40
0.124968
  0
CIRCLE
  8
PIN_TOP
 10
74.364088
 20
78.256892
 40
0.124968
  0
CIRCLE
  8
PIN_TOP
 10
60.763912
 20
78.256892
 40
0.124968
  0
CIRCLE
  8
PIN_TOP
 10
60.364116
 20
78.256892
 40
0.124968
  0
CIRCLE
  8
PIN_TOP
 10
74.364088
 20
78.656688
 40
0.124968
  0
CIRCLE
  8
PIN_TOP
 10
60.763912
 20
78.656688
 40
0.124968
  0
CIRCLE
  8
PIN_TOP
 10
74.763884
 20
79.056738
 40
0.124968
  0
CIRCLE
  8
PIN_TOP
 10
74.364088
 20
79.056738
 40
0.124968
  0
CIRCLE
  8
PIN_TOP
 10
60.763912
 20
79.056738
 40
0.124968
  0
CIRCLE
  8
PIN_TOP
 10
60.364116
 20
79.056738
 40
0.124968
  0
CIRCLE
  8
PIN_TOP
 10
74.763884
 20
79.456788
 40
0.124968
  0
CIRCLE
  8
PIN_TOP
 10
74.364088
 20
79.456788
 40
0.124968
  0
CIRCLE
  8
PIN_TOP
 10
60.763912
 20
79.456788
 40
0.124968
  0
CIRCLE
  8
PIN_TOP
 10
60.364116
 20
79.456788
 40
0.124968
  0
CIRCLE
  8
PIN_TOP
 10
74.364088
 20
79.856838
 40
0.124968
  0
CIRCLE
  8
PIN_TOP
 10
60.763912
 20
79.856838
 40
0.124968
  0
CIRCLE
  8
PIN_TOP
 10
74.763884
 20
80.256888
 40
0.124968
  0
CIRCLE
  8
PIN_TOP
 10
74.364088
 20
80.256888
 40
0.124968
  0
CIRCLE
  8
PIN_TOP
 10
73.964038
 20
80.256888
 40
0.124968
  0
CIRCLE
  8
PIN_TOP
 10
73.563988
 20
80.256888
 40
0.124968
  0
CIRCLE
  8
PIN_TOP
 10
73.163938
 20
80.256888
 40
0.124968
  0
CIRCLE
  8
PIN_TOP
 10
72.763888
 20
80.256888
 40
0.124968
  0
CIRCLE
  8
PIN_TOP
 10
72.364092
 20
80.256888
 40
0.124968
  0
CIRCLE
  8
PIN_TOP
 10
71.964042
 20
80.256888
 40
0.124968
  0
CIRCLE
  8
PIN_TOP
 10
71.563992
 20
80.256888
 40
0.124968
  0
CIRCLE
  8
PIN_TOP
 10
71.163942
 20
80.256888
 40
0.124968
  0
CIRCLE
  8
PIN_TOP
 10
70.763892
 20
80.256888
 40
0.124968
  0
CIRCLE
  8
PIN_TOP
 10
70.364096
 20
80.256888
 40
0.124968
  0
CIRCLE
  8
PIN_TOP
 10
69.964046
 20
80.256888
 40
0.124968
  0
CIRCLE
  8
PIN_TOP
 10
69.563996
 20
80.256888
 40
0.124968
  0
CIRCLE
  8
PIN_TOP
 10
69.163946
 20
80.256888
 40
0.124968
  0
CIRCLE
  8
PIN_TOP
 10
68.763896
 20
80.256888
 40
0.124968
  0
CIRCLE
  8
PIN_TOP
 10
68.364100
 20
80.256888
 40
0.124968
  0
CIRCLE
  8
PIN_TOP
 10
67.964050
 20
80.256888
 40
0.124968
  0
CIRCLE
  8
PIN_TOP
 10
67.564000
 20
80.256888
 40
0.124968
  0
CIRCLE
  8
PIN_TOP
 10
67.163950
 20
80.256888
 40
0.124968
  0
CIRCLE
  8
PIN_TOP
 10
66.763900
 20
80.256888
 40
0.124968
  0
CIRCLE
  8
PIN_TOP
 10
66.364104
 20
80.256888
 40
0.124968
  0
CIRCLE
  8
PIN_TOP
 10
65.964054
 20
80.256888
 40
0.124968
  0
CIRCLE
  8
PIN_TOP
 10
65.564004
 20
80.256888
 40
0.124968
  0
CIRCLE
  8
PIN_TOP
 10
65.163954
 20
80.256888
 40
0.124968
  0
CIRCLE
  8
PIN_TOP
 10
64.763904
 20
80.256888
 40
0.124968
  0
CIRCLE
  8
PIN_TOP
 10
64.364108
 20
80.256888
 40
0.124968
  0
CIRCLE
  8
PIN_TOP
 10
63.964058
 20
80.256888
 40
0.124968
  0
CIRCLE
  8
PIN_TOP
 10
63.564008
 20
80.256888
 40
0.124968
  0
CIRCLE
  8
PIN_TOP
 10
63.163958
 20
80.256888
 40
0.124968
  0
CIRCLE
  8
PIN_TOP
 10
62.763908
 20
80.256888
 40
0.124968
  0
CIRCLE
  8
PIN_TOP
 10
62.364112
 20
80.256888
 40
0.124968
  0
CIRCLE
  8
PIN_TOP
 10
61.964062
 20
80.256888
 40
0.124968
  0
CIRCLE
  8
PIN_TOP
 10
61.564012
 20
80.256888
 40
0.124968
  0
CIRCLE
  8
PIN_TOP
 10
61.163962
 20
80.256888
 40
0.124968
  0
CIRCLE
  8
PIN_TOP
 10
60.763912
 20
80.256888
 40
0.124968
  0
CIRCLE
  8
PIN_TOP
 10
60.364116
 20
80.256888
 40
0.124968
  0
CIRCLE
  8
PIN_TOP
 10
74.763884
 20
80.656684
 40
0.124968
  0
CIRCLE
  8
PIN_TOP
 10
74.364088
 20
80.656684
 40
0.124968
  0
CIRCLE
  8
PIN_TOP
 10
73.563988
 20
80.656684
 40
0.124968
  0
CIRCLE
  8
PIN_TOP
 10
72.763888
 20
80.656684
 40
0.124968
  0
CIRCLE
  8
PIN_TOP
 10
72.364092
 20
80.656684
 40
0.124968
  0
CIRCLE
  8
PIN_TOP
 10
71.563992
 20
80.656684
 40
0.124968
  0
CIRCLE
  8
PIN_TOP
 10
71.163942
 20
80.656684
 40
0.124968
  0
CIRCLE
  8
PIN_TOP
 10
70.364096
 20
80.656684
 40
0.124968
  0
CIRCLE
  8
PIN_TOP
 10
69.964046
 20
80.656684
 40
0.124968
  0
CIRCLE
  8
PIN_TOP
 10
69.163946
 20
80.656684
 40
0.124968
  0
CIRCLE
  8
PIN_TOP
 10
68.763896
 20
80.656684
 40
0.124968
  0
CIRCLE
  8
PIN_TOP
 10
67.964050
 20
80.656684
 40
0.124968
  0
CIRCLE
  8
PIN_TOP
 10
67.564000
 20
80.656684
 40
0.124968
  0
CIRCLE
  8
PIN_TOP
 10
66.763900
 20
80.656684
 40
0.124968
  0
CIRCLE
  8
PIN_TOP
 10
66.364104
 20
80.656684
 40
0.124968
  0
CIRCLE
  8
PIN_TOP
 10
65.564004
 20
80.656684
 40
0.124968
  0
CIRCLE
  8
PIN_TOP
 10
65.163954
 20
80.656684
 40
0.124968
  0
CIRCLE
  8
PIN_TOP
 10
64.364108
 20
80.656684
 40
0.124968
  0
CIRCLE
  8
PIN_TOP
 10
63.964058
 20
80.656684
 40
0.124968
  0
CIRCLE
  8
PIN_TOP
 10
63.163958
 20
80.656684
 40
0.124968
  0
CIRCLE
  8
PIN_TOP
 10
62.763908
 20
80.656684
 40
0.124968
  0
CIRCLE
  8
PIN_TOP
 10
61.964062
 20
80.656684
 40
0.124968
  0
CIRCLE
  8
PIN_TOP
 10
61.564012
 20
80.656684
 40
0.124968
  0
CIRCLE
  8
PIN_TOP
 10
60.763912
 20
80.656684
 40
0.124968
  0
CIRCLE
  8
PIN_TOP
 10
60.364116
 20
80.656684
 40
0.124968
  0
CIRCLE
  8
PIN_TOP
 10
65.564004
 20
66.256916
 40
0.124968
  0
CIRCLE
  8
PIN_TOP
 10
65.163954
 20
66.256916
 40
0.124968
  0
CIRCLE
  8
PIN_TOP
 10
64.364108
 20
66.256916
 40
0.124968
  0
CIRCLE
  8
PIN_TOP
 10
63.964058
 20
66.256916
 40
0.124968
  0
CIRCLE
  8
PIN_TOP
 10
63.163958
 20
66.256916
 40
0.124968
  0
CIRCLE
  8
PIN_TOP
 10
62.763908
 20
66.256916
 40
0.124968
  0
CIRCLE
  8
PIN_TOP
 10
62.364112
 20
66.656712
 40
0.124968
  0
CIRCLE
  8
PIN_TOP
 10
61.964062
 20
66.656712
 40
0.124968
  0
POLYLINE
  8
PG_SILKSCREEN_TOP
 66
1
 70
0
 40
0.000000
 41
0.000000
 39
0.000000
  0
VERTEX
  8
PG_SILKSCREEN_TOP
 10
60.014104
 20
81.006696
 40
0.100076
 41
0.100076
 42
0.000000
  0
VERTEX
  8
PG_SILKSCREEN_TOP
 10
75.113896
 20
81.006696
 40
0.100076
 41
0.100076
 42
0.000000
  0
VERTEX
  8
PG_SILKSCREEN_TOP
 10
75.113896
 20
65.906904
 40
0.100076
 41
0.100076
 42
0.000000
  0
VERTEX
  8
PG_SILKSCREEN_TOP
 10
60.014104
 20
65.906904
 40
0.100076
 41
0.100076
 42
0.000000
  0
VERTEX
  8
PG_SILKSCREEN_TOP
 10
60.014104
 20
81.006696
 40
0.100076
 41
0.100076
 42
0.000000
  0
SEQEND
  0
POLYLINE
  8
PIN_TOP
 66
1
 70
1
 40
0.000000
 41
0.000000
 39
0.000000
  0
VERTEX
  8
PIN_TOP
 10
66.695193
 20
52.329334
 40
0.000000
 41
0.000000
 42
0.000000
  0
VERTEX
  8
PIN_TOP
 10
66.695193
 20
50.929286
 40
0.000000
 41
0.000000
 42
0.000000
  0
VERTEX
  8
PIN_TOP
 10
65.695195
 20
50.929286
 40
0.000000
 41
0.000000
 42
0.000000
  0
VERTEX
  8
PIN_TOP
 10
65.695195
 20
52.329334
 40
0.000000
 41
0.000000
 42
0.000000
  0
SEQEND
  0
POLYLINE
  8
PIN_TOP
 66
1
 70
1
 40
0.000000
 41
0.000000
 39
0.000000
  0
VERTEX
  8
PIN_TOP
 10
64.495299
 20
52.329334
 40
0.000000
 41
0.000000
 42
0.000000
  0
VERTEX
  8
PIN_TOP
 10
64.495299
 20
50.929286
 40
0.000000
 41
0.000000
 42
0.000000
  0
VERTEX
  8
PIN_TOP
 10
63.495301
 20
50.929286
 40
0.000000
 41
0.000000
 42
0.000000
  0
VERTEX
  8
PIN_TOP
 10
63.495301
 20
52.329334
 40
0.000000
 41
0.000000
 42
0.000000
  0
SEQEND
  0
POLYLINE
  8
PIN_TOP
 66
1
 70
1
 40
0.000000
 41
0.000000
 39
0.000000
  0
VERTEX
  8
PIN_TOP
 10
61.495305
 20
52.329334
 40
0.000000
 41
0.000000
 42
0.000000
  0
VERTEX
  8
PIN_TOP
 10
61.495305
 20
50.929286
 40
0.000000
 41
0.000000
 42
0.000000
  0
VERTEX
  8
PIN_TOP
 10
60.495307
 20
50.929286
 40
0.000000
 41
0.000000
 42
0.000000
  0
VERTEX
  8
PIN_TOP
 10
60.495307
 20
52.329334
 40
0.000000
 41
0.000000
 42
0.000000
  0
SEQEND
  0
POLYLINE
  8
PIN_TOP
 66
1
 70
1
 40
0.000000
 41
0.000000
 39
0.000000
  0
VERTEX
  8
PIN_TOP
 10
59.495309
 20
52.329334
 40
0.000000
 41
0.000000
 42
0.000000
  0
VERTEX
  8
PIN_TOP
 10
59.495309
 20
50.929286
 40
0.000000
 41
0.000000
 42
0.000000
  0
VERTEX
  8
PIN_TOP
 10
58.495311
 20
50.929286
 40
0.000000
 41
0.000000
 42
0.000000
  0
VERTEX
  8
PIN_TOP
 10
58.495311
 20
52.329334
 40
0.000000
 41
0.000000
 42
0.000000
  0
SEQEND
  0
POLYLINE
  8
PIN_TOP
 66
1
 70
1
 40
0.000000
 41
0.000000
 39
0.000000
  0
VERTEX
  8
PIN_TOP
 10
70.095110
 20
60.579381
 40
0.000000
 41
0.000000
 42
0.000000
  0
VERTEX
  8
PIN_TOP
 10
68.695062
 20
60.579381
 40
0.000000
 41
0.000000
 42
0.000000
  0
VERTEX
  8
PIN_TOP
 10
68.695062
 20
61.579379
 40
0.000000
 41
0.000000
 42
0.000000
  0
VERTEX
  8
PIN_TOP
 10
70.095110
 20
61.579379
 40
0.000000
 41
0.000000
 42
0.000000
  0
SEQEND
  0
POLYLINE
  8
PIN_TOP
 66
1
 70
1
 40
0.000000
 41
0.000000
 39
0.000000
  0
VERTEX
  8
PIN_TOP
 10
70.095110
 20
59.309381
 40
0.000000
 41
0.000000
 42
0.000000
  0
VERTEX
  8
PIN_TOP
 10
68.695062
 20
59.309381
 40
0.000000
 41
0.000000
 42
0.000000
  0
VERTEX
  8
PIN_TOP
 10
68.695062
 20
60.309379
 40
0.000000
 41
0.000000
 42
0.000000
  0
VERTEX
  8
PIN_TOP
 10
70.095110
 20
60.309379
 40
0.000000
 41
0.000000
 42
0.000000
  0
SEQEND
  0
POLYLINE
  8
PIN_TOP
 66
1
 70
1
 40
0.000000
 41
0.000000
 39
0.000000
  0
VERTEX
  8
PIN_TOP
 10
70.095110
 20
58.039381
 40
0.000000
 41
0.000000
 42
0.000000
  0
VERTEX
  8
PIN_TOP
 10
68.695062
 20
58.039381
 40
0.000000
 41
0.000000
 42
0.000000
  0
VERTEX
  8
PIN_TOP
 10
68.695062
 20
59.039379
 40
0.000000
 41
0.000000
 42
0.000000
  0
VERTEX
  8
PIN_TOP
 10
70.095110
 20
59.039379
 40
0.000000
 41
0.000000
 42
0.000000
  0
SEQEND
  0
POLYLINE
  8
PIN_TOP
 66
1
 70
1
 40
0.000000
 41
0.000000
 39
0.000000
  0
VERTEX
  8
PIN_TOP
 10
70.095110
 20
56.769381
 40
0.000000
 41
0.000000
 42
0.000000
  0
VERTEX
  8
PIN_TOP
 10
68.695062
 20
56.769381
 40
0.000000
 41
0.000000
 42
0.000000
  0
VERTEX
  8
PIN_TOP
 10
68.695062
 20
57.769379
 40
0.000000
 41
0.000000
 42
0.000000
  0
VERTEX
  8
PIN_TOP
 10
70.095110
 20
57.769379
 40
0.000000
 41
0.000000
 42
0.000000
  0
SEQEND
  0
POLYLINE
  8
PIN_TOP
 66
1
 70
1
 40
0.000000
 41
0.000000
 39
0.000000
  0
VERTEX
  8
PIN_TOP
 10
70.095110
 20
55.499381
 40
0.000000
 41
0.000000
 42
0.000000
  0
VERTEX
  8
PIN_TOP
 10
68.695062
 20
55.499381
 40
0.000000
 41
0.000000
 42
0.000000
  0
VERTEX
  8
PIN_TOP
 10
68.695062
 20
56.499379
 40
0.000000
 41
0.000000
 42
0.000000
  0
VERTEX
  8
PIN_TOP
 10
70.095110
 20
56.499379
 40
0.000000
 41
0.000000
 42
0.000000
  0
SEQEND
  0
POLYLINE
  8
PIN_TOP
 66
1
 70
1
 40
0.000000
 41
0.000000
 39
0.000000
  0
VERTEX
  8
PIN_TOP
 10
70.095110
 20
54.229381
 40
0.000000
 41
0.000000
 42
0.000000
  0
VERTEX
  8
PIN_TOP
 10
68.695062
 20
54.229381
 40
0.000000
 41
0.000000
 42
0.000000
  0
VERTEX
  8
PIN_TOP
 10
68.695062
 20
55.229379
 40
0.000000
 41
0.000000
 42
0.000000
  0
VERTEX
  8
PIN_TOP
 10
70.095110
 20
55.229379
 40
0.000000
 41
0.000000
 42
0.000000
  0
SEQEND
  0
POLYLINE
  8
PIN_TOP
 66
1
 70
1
 40
0.000000
 41
0.000000
 39
0.000000
  0
VERTEX
  8
PIN_TOP
 10
56.295290
 20
52.689379
 40
0.000000
 41
0.000000
 42
0.000000
  0
VERTEX
  8
PIN_TOP
 10
57.695338
 20
52.689379
 40
0.000000
 41
0.000000
 42
0.000000
  0
VERTEX
  8
PIN_TOP
 10
57.695338
 20
51.689381
 40
0.000000
 41
0.000000
 42
0.000000
  0
VERTEX
  8
PIN_TOP
 10
56.295290
 20
51.689381
 40
0.000000
 41
0.000000
 42
0.000000
  0
SEQEND
  0
POLYLINE
  8
PIN_TOP
 66
1
 70
1
 40
0.000000
 41
0.000000
 39
0.000000
  0
VERTEX
  8
PIN_TOP
 10
56.295290
 20
53.959379
 40
0.000000
 41
0.000000
 42
0.000000
  0
VERTEX
  8
PIN_TOP
 10
57.695338
 20
53.959379
 40
0.000000
 41
0.000000
 42
0.000000
  0
VERTEX
  8
PIN_TOP
 10
57.695338
 20
52.959381
 40
0.000000
 41
0.000000
 42
0.000000
  0
VERTEX
  8
PIN_TOP
 10
56.295290
 20
52.959381
 40
0.000000
 41
0.000000
 42
0.000000
  0
SEQEND
  0
POLYLINE
  8
PIN_TOP
 66
1
 70
1
 40
0.000000
 41
0.000000
 39
0.000000
  0
VERTEX
  8
PIN_TOP
 10
56.295290
 20
55.229379
 40
0.000000
 41
0.000000
 42
0.000000
  0
VERTEX
  8
PIN_TOP
 10
57.695338
 20
55.229379
 40
0.000000
 41
0.000000
 42
0.000000
  0
VERTEX
  8
PIN_TOP
 10
57.695338
 20
54.229381
 40
0.000000
 41
0.000000
 42
0.000000
  0
VERTEX
  8
PIN_TOP
 10
56.295290
 20
54.229381
 40
0.000000
 41
0.000000
 42
0.000000
  0
SEQEND
  0
POLYLINE
  8
PIN_TOP
 66
1
 70
1
 40
0.000000
 41
0.000000
 39
0.000000
  0
VERTEX
  8
PIN_TOP
 10
56.295290
 20
56.499379
 40
0.000000
 41
0.000000
 42
0.000000
  0
VERTEX
  8
PIN_TOP
 10
57.695338
 20
56.499379
 40
0.000000
 41
0.000000
 42
0.000000
  0
VERTEX
  8
PIN_TOP
 10
57.695338
 20
55.499381
 40
0.000000
 41
0.000000
 42
0.000000
  0
VERTEX
  8
PIN_TOP
 10
56.295290
 20
55.499381
 40
0.000000
 41
0.000000
 42
0.000000
  0
SEQEND
  0
POLYLINE
  8
PIN_TOP
 66
1
 70
1
 40
0.000000
 41
0.000000
 39
0.000000
  0
VERTEX
  8
PIN_TOP
 10
56.295290
 20
57.769379
 40
0.000000
 41
0.000000
 42
0.000000
  0
VERTEX
  8
PIN_TOP
 10
57.695338
 20
57.769379
 40
0.000000
 41
0.000000
 42
0.000000
  0
VERTEX
  8
PIN_TOP
 10
57.695338
 20
56.769381
 40
0.000000
 41
0.000000
 42
0.000000
  0
VERTEX
  8
PIN_TOP
 10
56.295290
 20
56.769381
 40
0.000000
 41
0.000000
 42
0.000000
  0
SEQEND
  0
POLYLINE
  8
PIN_TOP
 66
1
 70
1
 40
0.000000
 41
0.000000
 39
0.000000
  0
VERTEX
  8
PIN_TOP
 10
56.295290
 20
59.039379
 40
0.000000
 41
0.000000
 42
0.000000
  0
VERTEX
  8
PIN_TOP
 10
57.695338
 20
59.039379
 40
0.000000
 41
0.000000
 42
0.000000
  0
VERTEX
  8
PIN_TOP
 10
57.695338
 20
58.039381
 40
0.000000
 41
0.000000
 42
0.000000
  0
VERTEX
  8
PIN_TOP
 10
56.295290
 20
58.039381
 40
0.000000
 41
0.000000
 42
0.000000
  0
SEQEND
  0
POLYLINE
  8
PIN_TOP
 66
1
 70
1
 40
0.000000
 41
0.000000
 39
0.000000
  0
VERTEX
  8
PIN_TOP
 10
56.295290
 20
60.309379
 40
0.000000
 41
0.000000
 42
0.000000
  0
VERTEX
  8
PIN_TOP
 10
57.695338
 20
60.309379
 40
0.000000
 41
0.000000
 42
0.000000
  0
VERTEX
  8
PIN_TOP
 10
57.695338
 20
59.309381
 40
0.000000
 41
0.000000
 42
0.000000
  0
VERTEX
  8
PIN_TOP
 10
56.295290
 20
59.309381
 40
0.000000
 41
0.000000
 42
0.000000
  0
SEQEND
  0
POLYLINE
  8
PIN_TOP
 66
1
 70
1
 40
0.000000
 41
0.000000
 39
0.000000
  0
VERTEX
  8
PIN_TOP
 10
56.295290
 20
61.579379
 40
0.000000
 41
0.000000
 42
0.000000
  0
VERTEX
  8
PIN_TOP
 10
57.695338
 20
61.579379
 40
0.000000
 41
0.000000
 42
0.000000
  0
VERTEX
  8
PIN_TOP
 10
57.695338
 20
60.579381
 40
0.000000
 41
0.000000
 42
0.000000
  0
VERTEX
  8
PIN_TOP
 10
56.295290
 20
60.579381
 40
0.000000
 41
0.000000
 42
0.000000
  0
SEQEND
  0
POLYLINE
  8
PIN_TOP
 66
1
 70
1
 40
0.000000
 41
0.000000
 39
0.000000
  0
VERTEX
  8
PIN_TOP
 10
60.045219
 20
63.929514
 40
0.000000
 41
0.000000
 42
0.000000
  0
VERTEX
  8
PIN_TOP
 10
60.045219
 20
62.529466
 40
0.000000
 41
0.000000
 42
0.000000
  0
VERTEX
  8
PIN_TOP
 10
59.045221
 20
62.529466
 40
0.000000
 41
0.000000
 42
0.000000
  0
VERTEX
  8
PIN_TOP
 10
59.045221
 20
63.929514
 40
0.000000
 41
0.000000
 42
0.000000
  0
SEQEND
  0
POLYLINE
  8
PIN_TOP
 66
1
 70
1
 40
0.000000
 41
0.000000
 39
0.000000
  0
VERTEX
  8
PIN_TOP
 10
62.545087
 20
63.929514
 40
0.000000
 41
0.000000
 42
0.000000
  0
VERTEX
  8
PIN_TOP
 10
62.545087
 20
62.529466
 40
0.000000
 41
0.000000
 42
0.000000
  0
VERTEX
  8
PIN_TOP
 10
61.545089
 20
62.529466
 40
0.000000
 41
0.000000
 42
0.000000
  0
VERTEX
  8
PIN_TOP
 10
61.545089
 20
63.929514
 40
0.000000
 41
0.000000
 42
0.000000
  0
SEQEND
  0
POLYLINE
  8
PIN_TOP
 66
1
 70
1
 40
0.000000
 41
0.000000
 39
0.000000
  0
VERTEX
  8
PIN_TOP
 10
66.045207
 20
63.929514
 40
0.000000
 41
0.000000
 42
0.000000
  0
VERTEX
  8
PIN_TOP
 10
66.045207
 20
62.529466
 40
0.000000
 41
0.000000
 42
0.000000
  0
VERTEX
  8
PIN_TOP
 10
65.045209
 20
62.529466
 40
0.000000
 41
0.000000
 42
0.000000
  0
VERTEX
  8
PIN_TOP
 10
65.045209
 20
63.929514
 40
0.000000
 41
0.000000
 42
0.000000
  0
SEQEND
  0
POLYLINE
  8
PIN_TOP
 66
1
 70
1
 40
0.000000
 41
0.000000
 39
0.000000
  0
VERTEX
  8
PIN_TOP
 10
68.845303
 20
63.929514
 40
0.000000
 41
0.000000
 42
0.000000
  0
VERTEX
  8
PIN_TOP
 10
68.845303
 20
62.529466
 40
0.000000
 41
0.000000
 42
0.000000
  0
VERTEX
  8
PIN_TOP
 10
67.845305
 20
62.529466
 40
0.000000
 41
0.000000
 42
0.000000
  0
VERTEX
  8
PIN_TOP
 10
67.845305
 20
63.929514
 40
0.000000
 41
0.000000
 42
0.000000
  0
SEQEND
  0
POLYLINE
  8
PG_SILKSCREEN_TOP
 66
1
 70
0
 40
0.000000
 41
0.000000
 39
0.000000
  0
VERTEX
  8
PG_SILKSCREEN_TOP
 10
59.295284
 20
50.129440
 40
0.100076
 41
0.100076
 42
0.000000
  0
VERTEX
  8
PG_SILKSCREEN_TOP
 10
58.995310
 20
50.629312
 40
0.100076
 41
0.100076
 42
0.000000
  0
VERTEX
  8
PG_SILKSCREEN_TOP
 10
58.695082
 20
50.129440
 40
0.100076
 41
0.100076
 42
0.000000
  0
VERTEX
  8
PG_SILKSCREEN_TOP
 10
59.295284
 20
50.129440
 40
0.100076
 41
0.100076
 42
0.000000
  0
SEQEND
  0
POLYLINE
  8
PG_SILKSCREEN_TOP
 66
1
 70
0
 40
0.000000
 41
0.000000
 39
0.000000
  0
VERTEX
  8
PG_SILKSCREEN_TOP
 10
56.695086
 20
63.529464
 40
0.100076
 41
0.100076
 42
0.000000
  0
VERTEX
  8
PG_SILKSCREEN_TOP
 10
58.895234
 20
63.529464
 40
0.100076
 41
0.100076
 42
0.000000
  0
SEQEND
  0
POLYLINE
  8
PG_SILKSCREEN_TOP
 66
1
 70
0
 40
0.000000
 41
0.000000
 39
0.000000
  0
VERTEX
  8
PG_SILKSCREEN_TOP
 10
56.695086
 20
61.729366
 40
0.100076
 41
0.100076
 42
0.000000
  0
VERTEX
  8
PG_SILKSCREEN_TOP
 10
56.695086
 20
63.529464
 40
0.100076
 41
0.100076
 42
0.000000
  0
SEQEND
  0
POLYLINE
  8
PG_SILKSCREEN_TOP
 66
1
 70
0
 40
0.000000
 41
0.000000
 39
0.000000
  0
VERTEX
  8
PG_SILKSCREEN_TOP
 10
60.195206
 20
63.529464
 40
0.100076
 41
0.100076
 42
0.000000
  0
VERTEX
  8
PG_SILKSCREEN_TOP
 10
61.395102
 20
63.529464
 40
0.100076
 41
0.100076
 42
0.000000
  0
SEQEND
  0
POLYLINE
  8
PG_SILKSCREEN_TOP
 66
1
 70
0
 40
0.000000
 41
0.000000
 39
0.000000
  0
VERTEX
  8
PG_SILKSCREEN_TOP
 10
62.695074
 20
63.529464
 40
0.100076
 41
0.100076
 42
0.000000
  0
VERTEX
  8
PG_SILKSCREEN_TOP
 10
64.895222
 20
63.529464
 40
0.100076
 41
0.100076
 42
0.000000
  0
SEQEND
  0
POLYLINE
  8
PG_SILKSCREEN_TOP
 66
1
 70
0
 40
0.000000
 41
0.000000
 39
0.000000
  0
VERTEX
  8
PG_SILKSCREEN_TOP
 10
66.195194
 20
63.529464
 40
0.100076
 41
0.100076
 42
0.000000
  0
VERTEX
  8
PG_SILKSCREEN_TOP
 10
67.695318
 20
63.529464
 40
0.100076
 41
0.100076
 42
0.000000
  0
SEQEND
  0
POLYLINE
  8
PG_SILKSCREEN_TOP
 66
1
 70
0
 40
0.000000
 41
0.000000
 39
0.000000
  0
VERTEX
  8
PG_SILKSCREEN_TOP
 10
68.995290
 20
63.529464
 40
0.100076
 41
0.100076
 42
0.000000
  0
VERTEX
  8
PG_SILKSCREEN_TOP
 10
69.695314
 20
63.529464
 40
0.100076
 41
0.100076
 42
0.000000
  0
VERTEX
  8
PG_SILKSCREEN_TOP
 10
69.695314
 20
61.729366
 40
0.100076
 41
0.100076
 42
0.000000
  0
SEQEND
  0
POLYLINE
  8
PG_SILKSCREEN_TOP
 66
1
 70
0
 40
0.000000
 41
0.000000
 39
0.000000
  0
VERTEX
  8
PG_SILKSCREEN_TOP
 10
69.695314
 20
54.029356
 40
0.100076
 41
0.100076
 42
0.000000
  0
VERTEX
  8
PG_SILKSCREEN_TOP
 10
69.695314
 20
51.329336
 40
0.100076
 41
0.100076
 42
0.000000
  0
VERTEX
  8
PG_SILKSCREEN_TOP
 10
66.895218
 20
51.329336
 40
0.100076
 41
0.100076
 42
0.000000
  0
SEQEND
  0
POLYLINE
  8
PG_SILKSCREEN_TOP
 66
1
 70
0
 40
0.000000
 41
0.000000
 39
0.000000
  0
VERTEX
  8
PG_SILKSCREEN_TOP
 10
65.495170
 20
51.329336
 40
0.100076
 41
0.100076
 42
0.000000
  0
VERTEX
  8
PG_SILKSCREEN_TOP
 10
64.695324
 20
51.329336
 40
0.100076
 41
0.100076
 42
0.000000
  0
SEQEND
  0
POLYLINE
  8
PG_SILKSCREEN_TOP
 66
1
 70
0
 40
0.000000
 41
0.000000
 39
0.000000
  0
VERTEX
  8
PG_SILKSCREEN_TOP
 10
63.295276
 20
51.329336
 40
0.100076
 41
0.100076
 42
0.000000
  0
VERTEX
  8
PG_SILKSCREEN_TOP
 10
61.695076
 20
51.329336
 40
0.100076
 41
0.100076
 42
0.000000
  0
SEQEND
  0
POLYLINE
  8
PG_SILKSCREEN_TOP
 66
1
 70
0
 40
0.000000
 41
0.000000
 39
0.000000
  0
VERTEX
  8
PG_SILKSCREEN_TOP
 10
60.295282
 20
51.329336
 40
0.100076
 41
0.100076
 42
0.000000
  0
VERTEX
  8
PG_SILKSCREEN_TOP
 10
59.695080
 20
51.329336
 40
0.100076
 41
0.100076
 42
0.000000
  0
SEQEND
  0
POLYLINE
  8
PG_SILKSCREEN_TOP
 66
1
 70
0
 40
0.000000
 41
0.000000
 39
0.000000
  0
VERTEX
  8
PG_SILKSCREEN_TOP
 10
58.295286
 20
51.329336
 40
0.100076
 41
0.100076
 42
0.000000
  0
VERTEX
  8
PG_SILKSCREEN_TOP
 10
56.695086
 20
51.329336
 40
0.100076
 41
0.100076
 42
0.000000
  0
VERTEX
  8
PG_SILKSCREEN_TOP
 10
56.695086
 20
51.529488
 40
0.100076
 41
0.100076
 42
0.000000
  0
SEQEND
  0
TEXT
  8
PG_NEW-SILK-TOP
 10
66.954400
 20
50.749200
 11
0.000000
 21
0.000000
 40
0.304800
 41
0.833333
 50
0.000000
  7
STANDARD
 71
0
 72
0
  1
4
 73
0
  0
TEXT
  8
PG_NEW-SILK-TOP
 10
70.205600
 20
54.508400
 11
0.000000
 21
0.000000
 40
0.304800
 41
0.833333
 50
0.000000
  7
STANDARD
 71
0
 72
0
  1
5
 73
0
  0
TEXT
  8
PG_NEW-SILK-TOP
 10
70.256400
 20
61.493400
 11
0.000000
 21
0.000000
 40
0.304800
 41
0.833333
 50
270.000000
  7
STANDARD
 71
0
 72
0
  1
10
 73
0
  0
TEXT
  8
PG_NEW-SILK-TOP
 10
68.148200
 20
64.262000
 11
0.000000
 21
0.000000
 40
0.304800
 41
0.833333
 50
0.000000
  7
STANDARD
 71
0
 72
0
  1
11
 73
0
  0
TEXT
  8
PG_NEW-SILK-TOP
 10
59.004200
 20
64.160400
 11
0.000000
 21
0.000000
 40
0.304800
 41
0.833333
 50
0.000000
  7
STANDARD
 71
0
 72
0
  1
14
 73
0
  0
TEXT
  8
PG_NEW-SILK-TOP
 10
56.235600
 20
61.645800
 11
0.000000
 21
0.000000
 40
0.304800
 41
0.833333
 50
90.000000
  7
STANDARD
 71
0
 72
0
  1
15
 73
0
  0
TEXT
  8
PG_NEW-SILK-TOP
 10
55.753000
 20
51.968400
 11
0.000000
 21
0.000000
 40
0.304800
 41
0.833333
 50
0.000000
  7
STANDARD
 71
0
 72
0
  1
22
 73
0
  0
POLYLINE
  8
PIN_TOP
 66
1
 70
1
 40
0.000000
 41
0.000000
 39
0.000000
  0
VERTEX
  8
PIN_TOP
 10
74.566272
 20
53.136800
 40
0.000000
 41
0.000000
 42
0.000000
  0
VERTEX
  8
PIN_TOP
 10
74.566272
 20
52.324000
 40
0.000000
 41
0.000000
 42
-0.414214
  0
VERTEX
  8
PIN_TOP
 10
74.464672
 20
52.222400
 40
0.000000
 41
0.000000
 42
0.000000
  0
VERTEX
  8
PIN_TOP
 10
73.855072
 20
52.222400
 40
0.000000
 41
0.000000
 42
-0.414214
  0
VERTEX
  8
PIN_TOP
 10
73.753472
 20
52.324000
 40
0.000000
 41
0.000000
 42
0.000000
  0
VERTEX
  8
PIN_TOP
 10
73.753472
 20
53.136800
 40
0.000000
 41
0.000000
 42
-0.414214
  0
VERTEX
  8
PIN_TOP
 10
73.855072
 20
53.238400
 40
0.000000
 41
0.000000
 42
0.000000
  0
VERTEX
  8
PIN_TOP
 10
74.464672
 20
53.238400
 40
0.000000
 41
0.000000
 42
-0.414214
  0
SEQEND
  0
POLYLINE
  8
PIN_TOP
 66
1
 70
1
 40
0.000000
 41
0.000000
 39
0.000000
  0
VERTEX
  8
PIN_TOP
 10
76.716128
 20
53.136800
 40
0.000000
 41
0.000000
 42
0.000000
  0
VERTEX
  8
PIN_TOP
 10
76.716128
 20
52.324000
 40
0.000000
 41
0.000000
 42
-0.414214
  0
VERTEX
  8
PIN_TOP
 10
76.614528
 20
52.222400
 40
0.000000
 41
0.000000
 42
0.000000
  0
VERTEX
  8
PIN_TOP
 10
76.004928
 20
52.222400
 40
0.000000
 41
0.000000
 42
-0.414214
  0
VERTEX
  8
PIN_TOP
 10
75.903328
 20
52.324000
 40
0.000000
 41
0.000000
 42
0.000000
  0
VERTEX
  8
PIN_TOP
 10
75.903328
 20
53.136800
 40
0.000000
 41
0.000000
 42
-0.414214
  0
VERTEX
  8
PIN_TOP
 10
76.004928
 20
53.238400
 40
0.000000
 41
0.000000
 42
0.000000
  0
VERTEX
  8
PIN_TOP
 10
76.614528
 20
53.238400
 40
0.000000
 41
0.000000
 42
-0.414214
  0
SEQEND
  0
POLYLINE
  8
PG_NEW-SILK-TOP
 66
1
 70
0
 40
0.000000
 41
0.000000
 39
0.000000
  0
VERTEX
  8
PG_NEW-SILK-TOP
 10
74.334878
 20
53.330348
 40
0.127000
 41
0.127000
 42
0.000000
  0
VERTEX
  8
PG_NEW-SILK-TOP
 10
74.334878
 20
53.530500
 40
0.127000
 41
0.127000
 42
0.000000
  0
VERTEX
  8
PG_NEW-SILK-TOP
 10
76.134722
 20
53.530500
 40
0.127000
 41
0.127000
 42
0.000000
  0
VERTEX
  8
PG_NEW-SILK-TOP
 10
76.134722
 20
53.330348
 40
0.127000
 41
0.127000
 42
0.000000
  0
SEQEND
  0
POLYLINE
  8
PG_NEW-SILK-TOP
 66
1
 70
0
 40
0.000000
 41
0.000000
 39
0.000000
  0
VERTEX
  8
PG_NEW-SILK-TOP
 10
76.134722
 20
52.130452
 40
0.127000
 41
0.127000
 42
0.000000
  0
VERTEX
  8
PG_NEW-SILK-TOP
 10
76.134722
 20
51.930300
 40
0.127000
 41
0.127000
 42
0.000000
  0
VERTEX
  8
PG_NEW-SILK-TOP
 10
74.334878
 20
51.930300
 40
0.127000
 41
0.127000
 42
0.000000
  0
VERTEX
  8
PG_NEW-SILK-TOP
 10
74.334878
 20
52.130452
 40
0.127000
 41
0.127000
 42
0.000000
  0
SEQEND
  0
POLYLINE
  8
PG_SILKSCREEN_TOP
 66
1
 70
0
 40
0.000000
 41
0.000000
 39
0.000000
  0
VERTEX
  8
PG_SILKSCREEN_TOP
 10
74.980800
 20
52.730400
 40
0.127000
 41
0.127000
 42
0.000000
  0
VERTEX
  8
PG_SILKSCREEN_TOP
 10
75.534774
 20
53.130450
 40
0.127000
 41
0.127000
 42
0.000000
  0
VERTEX
  8
PG_SILKSCREEN_TOP
 10
75.534774
 20
53.030374
 40
0.127000
 41
0.127000
 42
0.000000
  0
SEQEND
  0
POLYLINE
  8
PG_SILKSCREEN_TOP
 66
1
 70
0
 40
0.000000
 41
0.000000
 39
0.000000
  0
VERTEX
  8
PG_SILKSCREEN_TOP
 10
75.534774
 20
53.130450
 40
0.127000
 41
0.127000
 42
0.000000
  0
VERTEX
  8
PG_SILKSCREEN_TOP
 10
75.534774
 20
52.330350
 40
0.127000
 41
0.127000
 42
0.000000
  0
SEQEND
  0
POLYLINE
  8
PG_SILKSCREEN_TOP
 66
1
 70
0
 40
0.000000
 41
0.000000
 39
0.000000
  0
VERTEX
  8
PG_SILKSCREEN_TOP
 10
75.534774
 20
52.430426
 40
0.127000
 41
0.127000
 42
0.000000
  0
VERTEX
  8
PG_SILKSCREEN_TOP
 10
75.534774
 20
52.330350
 40
0.127000
 41
0.127000
 42
0.000000
  0
VERTEX
  8
PG_SILKSCREEN_TOP
 10
74.980800
 20
52.730400
 40
0.127000
 41
0.127000
 42
0.000000
  0
SEQEND
  0
POLYLINE
  8
PG_SILKSCREEN_TOP
 66
1
 70
0
 40
0.000000
 41
0.000000
 39
0.000000
  0
VERTEX
  8
PG_SILKSCREEN_TOP
 10
75.034902
 20
53.330348
 40
0.127000
 41
0.127000
 42
0.000000
  0
VERTEX
  8
PG_SILKSCREEN_TOP
 10
75.034902
 20
52.130452
 40
0.127000
 41
0.127000
 42
0.000000
  0
SEQEND
  0
POLYLINE
  8
PG_SILKSCREEN_TOP
 66
1
 70
0
 40
0.000000
 41
0.000000
 39
0.000000
  0
VERTEX
  8
PG_SILKSCREEN_TOP
 10
74.726800
 20
52.730400
 40
0.127000
 41
0.127000
 42
0.000000
  0
VERTEX
  8
PG_SILKSCREEN_TOP
 10
74.980800
 20
52.730400
 40
0.127000
 41
0.127000
 42
0.000000
  0
SEQEND
  0
POLYLINE
  8
PG_SILKSCREEN_TOP
 66
1
 70
0
 40
0.000000
 41
0.000000
 39
0.000000
  0
VERTEX
  8
PG_SILKSCREEN_TOP
 10
75.534774
 20
52.730400
 40
0.127000
 41
0.127000
 42
0.000000
  0
VERTEX
  8
PG_SILKSCREEN_TOP
 10
75.742800
 20
52.730400
 40
0.127000
 41
0.127000
 42
0.000000
  0
SEQEND
  0
POLYLINE
  8
PG_NEW-SILK-TOP
 66
1
 70
1
 40
0.000000
 41
0.000000
 39
0.000000
  0
VERTEX
  8
PG_NEW-SILK-TOP
 10
73.984866
 20
51.880516
 40
0.000000
 41
0.000000
 42
0.000000
  0
VERTEX
  8
PG_NEW-SILK-TOP
 10
73.984866
 20
52.200302
 40
0.000000
 41
0.000000
 42
0.000000
  0
VERTEX
  8
PG_NEW-SILK-TOP
 10
74.434700
 20
52.200302
 40
0.000000
 41
0.000000
 42
0.000000
  0
VERTEX
  8
PG_NEW-SILK-TOP
 10
74.434700
 20
51.880516
 40
0.000000
 41
0.000000
 42
0.000000
  0
SEQEND
  0
POLYLINE
  8
PG_NEW-SILK-TOP
 66
1
 70
1
 40
0.000000
 41
0.000000
 39
0.000000
  0
VERTEX
  8
PG_NEW-SILK-TOP
 10
73.984866
 20
53.300376
 40
0.000000
 41
0.000000
 42
0.000000
  0
VERTEX
  8
PG_NEW-SILK-TOP
 10
73.984866
 20
53.580284
 40
0.000000
 41
0.000000
 42
0.000000
  0
VERTEX
  8
PG_NEW-SILK-TOP
 10
74.434700
 20
53.580284
 40
0.000000
 41
0.000000
 42
0.000000
  0
VERTEX
  8
PG_NEW-SILK-TOP
 10
74.434700
 20
53.300376
 40
0.000000
 41
0.000000
 42
0.000000
  0
SEQEND
  0
POLYLINE
  8
PIN_TOP
 66
1
 70
1
 40
0.000000
 41
0.000000
 39
0.000000
  0
VERTEX
  8
PIN_TOP
 10
72.194928
 20
51.714400
 40
0.000000
 41
0.000000
 42
0.000000
  0
VERTEX
  8
PIN_TOP
 10
72.194928
 20
52.527200
 40
0.000000
 41
0.000000
 42
-0.414214
  0
VERTEX
  8
PIN_TOP
 10
72.296528
 20
52.628800
 40
0.000000
 41
0.000000
 42
0.000000
  0
VERTEX
  8
PIN_TOP
 10
72.906128
 20
52.628800
 40
0.000000
 41
0.000000
 42
-0.414214
  0
VERTEX
  8
PIN_TOP
 10
73.007728
 20
52.527200
 40
0.000000
 41
0.000000
 42
0.000000
  0
VERTEX
  8
PIN_TOP
 10
73.007728
 20
51.714400
 40
0.000000
 41
0.000000
 42
-0.414214
  0
VERTEX
  8
PIN_TOP
 10
72.906128
 20
51.612800
 40
0.000000
 41
0.000000
 42
0.000000
  0
VERTEX
  8
PIN_TOP
 10
72.296528
 20
51.612800
 40
0.000000
 41
0.000000
 42
-0.414214
  0
SEQEND
  0
POLYLINE
  8
PIN_TOP
 66
1
 70
1
 40
0.000000
 41
0.000000
 39
0.000000
  0
VERTEX
  8
PIN_TOP
 10
70.045072
 20
51.714400
 40
0.000000
 41
0.000000
 42
0.000000
  0
VERTEX
  8
PIN_TOP
 10
70.045072
 20
52.527200
 40
0.000000
 41
0.000000
 42
-0.414214
  0
VERTEX
  8
PIN_TOP
 10
70.146672
 20
52.628800
 40
0.000000
 41
0.000000
 42
0.000000
  0
VERTEX
  8
PIN_TOP
 10
70.756272
 20
52.628800
 40
0.000000
 41
0.000000
 42
-0.414214
  0
VERTEX
  8
PIN_TOP
 10
70.857872
 20
52.527200
 40
0.000000
 41
0.000000
 42
0.000000
  0
VERTEX
  8
PIN_TOP
 10
70.857872
 20
51.714400
 40
0.000000
 41
0.000000
 42
-0.414214
  0
VERTEX
  8
PIN_TOP
 10
70.756272
 20
51.612800
 40
0.000000
 41
0.000000
 42
0.000000
  0
VERTEX
  8
PIN_TOP
 10
70.146672
 20
51.612800
 40
0.000000
 41
0.000000
 42
-0.414214
  0
SEQEND
  0
POLYLINE
  8
PG_NEW-SILK-TOP
 66
1
 70
0
 40
0.000000
 41
0.000000
 39
0.000000
  0
VERTEX
  8
PG_NEW-SILK-TOP
 10
72.426322
 20
51.520852
 40
0.127000
 41
0.127000
 42
0.000000
  0
VERTEX
  8
PG_NEW-SILK-TOP
 10
72.426322
 20
51.320700
 40
0.127000
 41
0.127000
 42
0.000000
  0
VERTEX
  8
PG_NEW-SILK-TOP
 10
70.626478
 20
51.320700
 40
0.127000
 41
0.127000
 42
0.000000
  0
VERTEX
  8
PG_NEW-SILK-TOP
 10
70.626478
 20
51.520852
 40
0.127000
 41
0.127000
 42
0.000000
  0
SEQEND
  0
POLYLINE
  8
PG_NEW-SILK-TOP
 66
1
 70
0
 40
0.000000
 41
0.000000
 39
0.000000
  0
VERTEX
  8
PG_NEW-SILK-TOP
 10
70.626478
 20
52.720748
 40
0.127000
 41
0.127000
 42
0.000000
  0
VERTEX
  8
PG_NEW-SILK-TOP
 10
70.626478
 20
52.920900
 40
0.127000
 41
0.127000
 42
0.000000
  0
VERTEX
  8
PG_NEW-SILK-TOP
 10
72.426322
 20
52.920900
 40
0.127000
 41
0.127000
 42
0.000000
  0
VERTEX
  8
PG_NEW-SILK-TOP
 10
72.426322
 20
52.720748
 40
0.127000
 41
0.127000
 42
0.000000
  0
SEQEND
  0
POLYLINE
  8
PG_SILKSCREEN_TOP
 66
1
 70
0
 40
0.000000
 41
0.000000
 39
0.000000
  0
VERTEX
  8
PG_SILKSCREEN_TOP
 10
71.780400
 20
52.120800
 40
0.127000
 41
0.127000
 42
0.000000
  0
VERTEX
  8
PG_SILKSCREEN_TOP
 10
71.226426
 20
51.720750
 40
0.127000
 41
0.127000
 42
0.000000
  0
VERTEX
  8
PG_SILKSCREEN_TOP
 10
71.226426
 20
51.820826
 40
0.127000
 41
0.127000
 42
0.000000
  0
SEQEND
  0
POLYLINE
  8
PG_SILKSCREEN_TOP
 66
1
 70
0
 40
0.000000
 41
0.000000
 39
0.000000
  0
VERTEX
  8
PG_SILKSCREEN_TOP
 10
71.226426
 20
51.720750
 40
0.127000
 41
0.127000
 42
0.000000
  0
VERTEX
  8
PG_SILKSCREEN_TOP
 10
71.226426
 20
52.520850
 40
0.127000
 41
0.127000
 42
0.000000
  0
SEQEND
  0
POLYLINE
  8
PG_SILKSCREEN_TOP
 66
1
 70
0
 40
0.000000
 41
0.000000
 39
0.000000
  0
VERTEX
  8
PG_SILKSCREEN_TOP
 10
71.226426
 20
52.420774
 40
0.127000
 41
0.127000
 42
0.000000
  0
VERTEX
  8
PG_SILKSCREEN_TOP
 10
71.226426
 20
52.520850
 40
0.127000
 41
0.127000
 42
0.000000
  0
VERTEX
  8
PG_SILKSCREEN_TOP
 10
71.780400
 20
52.120800
 40
0.127000
 41
0.127000
 42
0.000000
  0
SEQEND
  0
POLYLINE
  8
PG_SILKSCREEN_TOP
 66
1
 70
0
 40
0.000000
 41
0.000000
 39
0.000000
  0
VERTEX
  8
PG_SILKSCREEN_TOP
 10
71.726298
 20
51.520852
 40
0.127000
 41
0.127000
 42
0.000000
  0
VERTEX
  8
PG_SILKSCREEN_TOP
 10
71.726298
 20
52.720748
 40
0.127000
 41
0.127000
 42
0.000000
  0
SEQEND
  0
POLYLINE
  8
PG_SILKSCREEN_TOP
 66
1
 70
0
 40
0.000000
 41
0.000000
 39
0.000000
  0
VERTEX
  8
PG_SILKSCREEN_TOP
 10
72.034400
 20
52.120800
 40
0.127000
 41
0.127000
 42
0.000000
  0
VERTEX
  8
PG_SILKSCREEN_TOP
 10
71.780400
 20
52.120800
 40
0.127000
 41
0.127000
 42
0.000000
  0
SEQEND
  0
POLYLINE
  8
PG_SILKSCREEN_TOP
 66
1
 70
0
 40
0.000000
 41
0.000000
 39
0.000000
  0
VERTEX
  8
PG_SILKSCREEN_TOP
 10
71.226426
 20
52.120800
 40
0.127000
 41
0.127000
 42
0.000000
  0
VERTEX
  8
PG_SILKSCREEN_TOP
 10
71.018400
 20
52.120800
 40
0.127000
 41
0.127000
 42
0.000000
  0
SEQEND
  0
POLYLINE
  8
PG_NEW-SILK-TOP
 66
1
 70
1
 40
0.000000
 41
0.000000
 39
0.000000
  0
VERTEX
  8
PG_NEW-SILK-TOP
 10
72.776334
 20
52.970684
 40
0.000000
 41
0.000000
 42
0.000000
  0
VERTEX
  8
PG_NEW-SILK-TOP
 10
72.776334
 20
52.650898
 40
0.000000
 41
0.000000
 42
0.000000
  0
VERTEX
  8
PG_NEW-SILK-TOP
 10
72.326500
 20
52.650898
 40
0.000000
 41
0.000000
 42
0.000000
  0
VERTEX
  8
PG_NEW-SILK-TOP
 10
72.326500
 20
52.970684
 40
0.000000
 41
0.000000
 42
0.000000
  0
SEQEND
  0
POLYLINE
  8
PG_NEW-SILK-TOP
 66
1
 70
1
 40
0.000000
 41
0.000000
 39
0.000000
  0
VERTEX
  8
PG_NEW-SILK-TOP
 10
72.776334
 20
51.550824
 40
0.000000
 41
0.000000
 42
0.000000
  0
VERTEX
  8
PG_NEW-SILK-TOP
 10
72.776334
 20
51.270916
 40
0.000000
 41
0.000000
 42
0.000000
  0
VERTEX
  8
PG_NEW-SILK-TOP
 10
72.326500
 20
51.270916
 40
0.000000
 41
0.000000
 42
0.000000
  0
VERTEX
  8
PG_NEW-SILK-TOP
 10
72.326500
 20
51.550824
 40
0.000000
 41
0.000000
 42
0.000000
  0
SEQEND
  0
POLYLINE
  8
PIN_TOP
 66
1
 70
1
 40
0.000000
 41
0.000000
 39
0.000000
  0
VERTEX
  8
PIN_TOP
 10
76.469113
 20
70.580758
 40
0.000000
 41
0.000000
 42
0.000000
  0
VERTEX
  8
PIN_TOP
 10
76.169139
 20
70.580758
 40
0.000000
 41
0.000000
 42
0.000000
  0
VERTEX
  8
PIN_TOP
 10
76.169139
 20
70.830694
 40
0.000000
 41
0.000000
 42
0.000000
  0
VERTEX
  8
PIN_TOP
 10
76.469113
 20
70.830694
 40
0.000000
 41
0.000000
 42
0.000000
  0
SEQEND
  0
POLYLINE
  8
PIN_TOP
 66
1
 70
1
 40
0.000000
 41
0.000000
 39
0.000000
  0
VERTEX
  8
PIN_TOP
 10
76.469113
 20
70.080632
 40
0.000000
 41
0.000000
 42
0.000000
  0
VERTEX
  8
PIN_TOP
 10
76.169139
 20
70.080632
 40
0.000000
 41
0.000000
 42
0.000000
  0
VERTEX
  8
PIN_TOP
 10
76.169139
 20
70.330568
 40
0.000000
 41
0.000000
 42
0.000000
  0
VERTEX
  8
PIN_TOP
 10
76.469113
 20
70.330568
 40
0.000000
 41
0.000000
 42
0.000000
  0
SEQEND
  0
POLYLINE
  8
PIN_TOP
 66
1
 70
1
 40
0.000000
 41
0.000000
 39
0.000000
  0
VERTEX
  8
PIN_TOP
 10
76.469113
 20
69.580506
 40
0.000000
 41
0.000000
 42
0.000000
  0
VERTEX
  8
PIN_TOP
 10
76.169139
 20
69.580506
 40
0.000000
 41
0.000000
 42
0.000000
  0
VERTEX
  8
PIN_TOP
 10
76.169139
 20
69.830442
 40
0.000000
 41
0.000000
 42
0.000000
  0
VERTEX
  8
PIN_TOP
 10
76.469113
 20
69.830442
 40
0.000000
 41
0.000000
 42
0.000000
  0
SEQEND
  0
POLYLINE
  8
PIN_TOP
 66
1
 70
1
 40
0.000000
 41
0.000000
 39
0.000000
  0
VERTEX
  8
PIN_TOP
 10
76.794106
 20
69.255513
 40
0.000000
 41
0.000000
 42
0.000000
  0
VERTEX
  8
PIN_TOP
 10
76.794106
 20
68.955539
 40
0.000000
 41
0.000000
 42
0.000000
  0
VERTEX
  8
PIN_TOP
 10
76.544170
 20
68.955539
 40
0.000000
 41
0.000000
 42
0.000000
  0
VERTEX
  8
PIN_TOP
 10
76.544170
 20
69.255513
 40
0.000000
 41
0.000000
 42
0.000000
  0
SEQEND
  0
POLYLINE
  8
PIN_TOP
 66
1
 70
1
 40
0.000000
 41
0.000000
 39
0.000000
  0
VERTEX
  8
PIN_TOP
 10
77.294232
 20
69.255513
 40
0.000000
 41
0.000000
 42
0.000000
  0
VERTEX
  8
PIN_TOP
 10
77.294232
 20
68.955539
 40
0.000000
 41
0.000000
 42
0.000000
  0
VERTEX
  8
PIN_TOP
 10
77.044296
 20
68.955539
 40
0.000000
 41
0.000000
 42
0.000000
  0
VERTEX
  8
PIN_TOP
 10
77.044296
 20
69.255513
 40
0.000000
 41
0.000000
 42
0.000000
  0
SEQEND
  0
POLYLINE
  8
PIN_TOP
 66
1
 70
1
 40
0.000000
 41
0.000000
 39
0.000000
  0
VERTEX
  8
PIN_TOP
 10
77.794104
 20
69.255513
 40
0.000000
 41
0.000000
 42
0.000000
  0
VERTEX
  8
PIN_TOP
 10
77.794104
 20
68.955539
 40
0.000000
 41
0.000000
 42
0.000000
  0
VERTEX
  8
PIN_TOP
 10
77.544168
 20
68.955539
 40
0.000000
 41
0.000000
 42
0.000000
  0
VERTEX
  8
PIN_TOP
 10
77.544168
 20
69.255513
 40
0.000000
 41
0.000000
 42
0.000000
  0
SEQEND
  0
POLYLINE
  8
PIN_TOP
 66
1
 70
1
 40
0.000000
 41
0.000000
 39
0.000000
  0
VERTEX
  8
PIN_TOP
 10
78.294230
 20
69.255513
 40
0.000000
 41
0.000000
 42
0.000000
  0
VERTEX
  8
PIN_TOP
 10
78.294230
 20
68.955539
 40
0.000000
 41
0.000000
 42
0.000000
  0
VERTEX
  8
PIN_TOP
 10
78.044294
 20
68.955539
 40
0.000000
 41
0.000000
 42
0.000000
  0
VERTEX
  8
PIN_TOP
 10
78.044294
 20
69.255513
 40
0.000000
 41
0.000000
 42
0.000000
  0
SEQEND
  0
POLYLINE
  8
PIN_TOP
 66
1
 70
1
 40
0.000000
 41
0.000000
 39
0.000000
  0
VERTEX
  8
PIN_TOP
 10
78.369287
 20
69.830442
 40
0.000000
 41
0.000000
 42
0.000000
  0
VERTEX
  8
PIN_TOP
 10
78.669261
 20
69.830442
 40
0.000000
 41
0.000000
 42
0.000000
  0
VERTEX
  8
PIN_TOP
 10
78.669261
 20
69.580506
 40
0.000000
 41
0.000000
 42
0.000000
  0
VERTEX
  8
PIN_TOP
 10
78.369287
 20
69.580506
 40
0.000000
 41
0.000000
 42
0.000000
  0
SEQEND
  0
POLYLINE
  8
PIN_TOP
 66
1
 70
1
 40
0.000000
 41
0.000000
 39
0.000000
  0
VERTEX
  8
PIN_TOP
 10
78.369287
 20
70.330568
 40
0.000000
 41
0.000000
 42
0.000000
  0
VERTEX
  8
PIN_TOP
 10
78.669261
 20
70.330568
 40
0.000000
 41
0.000000
 42
0.000000
  0
VERTEX
  8
PIN_TOP
 10
78.669261
 20
70.080632
 40
0.000000
 41
0.000000
 42
0.000000
  0
VERTEX
  8
PIN_TOP
 10
78.369287
 20
70.080632
 40
0.000000
 41
0.000000
 42
0.000000
  0
SEQEND
  0
POLYLINE
  8
PIN_TOP
 66
1
 70
1
 40
0.000000
 41
0.000000
 39
0.000000
  0
VERTEX
  8
PIN_TOP
 10
78.369287
 20
70.830694
 40
0.000000
 41
0.000000
 42
0.000000
  0
VERTEX
  8
PIN_TOP
 10
78.669261
 20
70.830694
 40
0.000000
 41
0.000000
 42
0.000000
  0
VERTEX
  8
PIN_TOP
 10
78.669261
 20
70.580758
 40
0.000000
 41
0.000000
 42
0.000000
  0
VERTEX
  8
PIN_TOP
 10
78.369287
 20
70.580758
 40
0.000000
 41
0.000000
 42
0.000000
  0
SEQEND
  0
POLYLINE
  8
PIN_TOP
 66
1
 70
1
 40
0.000000
 41
0.000000
 39
0.000000
  0
VERTEX
  8
PIN_TOP
 10
78.044294
 20
71.155560
 40
0.000000
 41
0.000000
 42
0.000000
  0
VERTEX
  8
PIN_TOP
 10
78.044294
 20
71.455534
 40
0.000000
 41
0.000000
 42
0.000000
  0
VERTEX
  8
PIN_TOP
 10
78.294230
 20
71.455534
 40
0.000000
 41
0.000000
 42
0.000000
  0
VERTEX
  8
PIN_TOP
 10
78.294230
 20
71.155560
 40
0.000000
 41
0.000000
 42
0.000000
  0
SEQEND
  0
POLYLINE
  8
PIN_TOP
 66
1
 70
1
 40
0.000000
 41
0.000000
 39
0.000000
  0
VERTEX
  8
PIN_TOP
 10
77.544168
 20
71.155560
 40
0.000000
 41
0.000000
 42
0.000000
  0
VERTEX
  8
PIN_TOP
 10
77.544168
 20
71.455534
 40
0.000000
 41
0.000000
 42
0.000000
  0
VERTEX
  8
PIN_TOP
 10
77.794104
 20
71.455534
 40
0.000000
 41
0.000000
 42
0.000000
  0
VERTEX
  8
PIN_TOP
 10
77.794104
 20
71.155560
 40
0.000000
 41
0.000000
 42
0.000000
  0
SEQEND
  0
POLYLINE
  8
PIN_TOP
 66
1
 70
1
 40
0.000000
 41
0.000000
 39
0.000000
  0
VERTEX
  8
PIN_TOP
 10
77.044296
 20
71.155560
 40
0.000000
 41
0.000000
 42
0.000000
  0
VERTEX
  8
PIN_TOP
 10
77.044296
 20
71.455534
 40
0.000000
 41
0.000000
 42
0.000000
  0
VERTEX
  8
PIN_TOP
 10
77.294232
 20
71.455534
 40
0.000000
 41
0.000000
 42
0.000000
  0
VERTEX
  8
PIN_TOP
 10
77.294232
 20
71.155560
 40
0.000000
 41
0.000000
 42
0.000000
  0
SEQEND
  0
POLYLINE
  8
PIN_TOP
 66
1
 70
1
 40
0.000000
 41
0.000000
 39
0.000000
  0
VERTEX
  8
PIN_TOP
 10
76.544170
 20
71.155560
 40
0.000000
 41
0.000000
 42
0.000000
  0
VERTEX
  8
PIN_TOP
 10
76.544170
 20
71.455534
 40
0.000000
 41
0.000000
 42
0.000000
  0
VERTEX
  8
PIN_TOP
 10
76.794106
 20
71.455534
 40
0.000000
 41
0.000000
 42
0.000000
  0
VERTEX
  8
PIN_TOP
 10
76.794106
 20
71.155560
 40
0.000000
 41
0.000000
 42
0.000000
  0
SEQEND
  0
POLYLINE
  8
PIN_TOP
 66
1
 70
1
 40
0.000000
 41
0.000000
 39
0.000000
  0
VERTEX
  8
PIN_TOP
 10
76.719176
 20
69.505576
 40
0.000000
 41
0.000000
 42
0.000000
  0
VERTEX
  8
PIN_TOP
 10
76.719176
 20
70.905624
 40
0.000000
 41
0.000000
 42
0.000000
  0
VERTEX
  8
PIN_TOP
 10
78.119224
 20
70.905624
 40
0.000000
 41
0.000000
 42
0.000000
  0
VERTEX
  8
PIN_TOP
 10
78.119224
 20
69.505576
 40
0.000000
 41
0.000000
 42
0.000000
  0
SEQEND
  0
POLYLINE
  8
PG_SILKSCREEN_TOP
 66
1
 70
0
 40
0.000000
 41
0.000000
 39
0.000000
  0
VERTEX
  8
PG_SILKSCREEN_TOP
 10
76.169266
 20
71.155560
 40
0.119888
 41
0.119888
 42
0.000000
  0
VERTEX
  8
PG_SILKSCREEN_TOP
 10
76.169266
 20
71.455534
 40
0.119888
 41
0.119888
 42
0.000000
  0
VERTEX
  8
PG_SILKSCREEN_TOP
 10
76.369164
 20
71.455534
 40
0.119888
 41
0.119888
 42
0.000000
  0
SEQEND
  0
POLYLINE
  8
PG_SILKSCREEN_TOP
 66
1
 70
0
 40
0.000000
 41
0.000000
 39
0.000000
  0
VERTEX
  8
PG_SILKSCREEN_TOP
 10
76.369164
 20
68.955666
 40
0.119888
 41
0.119888
 42
0.000000
  0
VERTEX
  8
PG_SILKSCREEN_TOP
 10
76.169266
 20
68.955666
 40
0.119888
 41
0.119888
 42
0.000000
  0
VERTEX
  8
PG_SILKSCREEN_TOP
 10
76.169266
 20
69.255640
 40
0.119888
 41
0.119888
 42
0.000000
  0
SEQEND
  0
POLYLINE
  8
PG_SILKSCREEN_TOP
 66
1
 70
0
 40
0.000000
 41
0.000000
 39
0.000000
  0
VERTEX
  8
PG_SILKSCREEN_TOP
 10
78.669134
 20
69.255640
 40
0.119888
 41
0.119888
 42
0.000000
  0
VERTEX
  8
PG_SILKSCREEN_TOP
 10
78.669134
 20
68.955666
 40
0.119888
 41
0.119888
 42
0.000000
  0
VERTEX
  8
PG_SILKSCREEN_TOP
 10
78.469236
 20
68.955666
 40
0.119888
 41
0.119888
 42
0.000000
  0
SEQEND
  0
POLYLINE
  8
PG_SILKSCREEN_TOP
 66
1
 70
0
 40
0.000000
 41
0.000000
 39
0.000000
  0
VERTEX
  8
PG_SILKSCREEN_TOP
 10
78.469236
 20
71.455534
 40
0.119888
 41
0.119888
 42
0.000000
  0
VERTEX
  8
PG_SILKSCREEN_TOP
 10
78.669134
 20
71.455534
 40
0.119888
 41
0.119888
 42
0.000000
  0
VERTEX
  8
PG_SILKSCREEN_TOP
 10
78.669134
 20
71.155560
 40
0.119888
 41
0.119888
 42
0.000000
  0
SEQEND
  0
POLYLINE
  8
PG_SILKSCREEN_TOP
 66
1
 70
0
 40
0.000000
 41
0.000000
 39
0.000000
  0
VERTEX
  8
PG_SILKSCREEN_TOP
 10
76.178410
 20
71.784464
 40
0.119888
 41
0.119888
 42
0.000000
  0
VERTEX
  8
PG_SILKSCREEN_TOP
 10
75.928474
 20
71.784464
 40
0.119888
 41
0.119888
 42
0.000000
  0
VERTEX
  8
PG_SILKSCREEN_TOP
 10
75.928474
 20
71.774558
 40
0.119888
 41
0.119888
 42
0.000000
  0
VERTEX
  8
PG_SILKSCREEN_TOP
 10
76.078588
 20
71.624190
 40
0.119888
 41
0.119888
 42
0.000000
  0
VERTEX
  8
PG_SILKSCREEN_TOP
 10
76.108560
 20
71.624444
 40
0.119888
 41
0.119888
 42
0.000000
  0
VERTEX
  8
PG_SILKSCREEN_TOP
 10
76.268580
 20
71.784464
 40
0.119888
 41
0.119888
 42
0.000000
  0
VERTEX
  8
PG_SILKSCREEN_TOP
 10
76.158344
 20
71.784464
 40
0.119888
 41
0.119888
 42
0.000000
  0
VERTEX
  8
PG_SILKSCREEN_TOP
 10
76.078588
 20
71.704454
 40
0.119888
 41
0.119888
 42
0.000000
  0
VERTEX
  8
PG_SILKSCREEN_TOP
 10
76.018390
 20
71.704200
 40
0.119888
 41
0.119888
 42
0.000000
  0
SEQEND
  0
POLYLINE
  8
PIN_TOP
 66
1
 70
1
 40
0.000000
 41
0.000000
 39
0.000000
  0
VERTEX
  8
PIN_TOP
 10
73.549764
 20
85.904578
 40
0.000000
 41
0.000000
 42
0.000000
  0
VERTEX
  8
PIN_TOP
 10
72.609964
 20
85.904578
 40
0.000000
 41
0.000000
 42
0.000000
  0
VERTEX
  8
PIN_TOP
 10
72.609964
 20
86.209378
 40
0.000000
 41
0.000000
 42
0.000000
  0
VERTEX
  8
PIN_TOP
 10
73.549764
 20
86.209378
 40
0.000000
 41
0.000000
 42
0.000000
  0
SEQEND
  0
POLYLINE
  8
PIN_TOP
 66
1
 70
1
 40
0.000000
 41
0.000000
 39
0.000000
  0
VERTEX
  8
PIN_TOP
 10
74.849736
 20
87.154766
 40
0.000000
 41
0.000000
 42
0.000000
  0
VERTEX
  8
PIN_TOP
 10
73.909936
 20
87.154766
 40
0.000000
 41
0.000000
 42
0.000000
  0
VERTEX
  8
PIN_TOP
 10
73.909936
 20
87.459566
 40
0.000000
 41
0.000000
 42
0.000000
  0
VERTEX
  8
PIN_TOP
 10
74.849736
 20
87.459566
 40
0.000000
 41
0.000000
 42
0.000000
  0
SEQEND
  0
POLYLINE
  8
PIN_TOP
 66
1
 70
1
 40
0.000000
 41
0.000000
 39
0.000000
  0
VERTEX
  8
PIN_TOP
 10
73.549764
 20
86.904576
 40
0.000000
 41
0.000000
 42
0.000000
  0
VERTEX
  8
PIN_TOP
 10
72.609964
 20
86.904576
 40
0.000000
 41
0.000000
 42
0.000000
  0
VERTEX
  8
PIN_TOP
 10
72.609964
 20
87.209376
 40
0.000000
 41
0.000000
 42
0.000000
  0
VERTEX
  8
PIN_TOP
 10
73.549764
 20
87.209376
 40
0.000000
 41
0.000000
 42
0.000000
  0
SEQEND
  0
POLYLINE
  8
PIN_TOP
 66
1
 70
1
 40
0.000000
 41
0.000000
 39
0.000000
  0
VERTEX
  8
PIN_TOP
 10
74.849736
 20
86.154514
 40
0.000000
 41
0.000000
 42
0.000000
  0
VERTEX
  8
PIN_TOP
 10
73.909936
 20
86.154514
 40
0.000000
 41
0.000000
 42
0.000000
  0
VERTEX
  8
PIN_TOP
 10
73.909936
 20
86.459314
 40
0.000000
 41
0.000000
 42
0.000000
  0
VERTEX
  8
PIN_TOP
 10
74.849736
 20
86.459314
 40
0.000000
 41
0.000000
 42
0.000000
  0
SEQEND
  0
POLYLINE
  8
PIN_TOP
 66
1
 70
1
 40
0.000000
 41
0.000000
 39
0.000000
  0
VERTEX
  8
PIN_TOP
 10
73.549764
 20
86.404704
 40
0.000000
 41
0.000000
 42
0.000000
  0
VERTEX
  8
PIN_TOP
 10
72.609964
 20
86.404704
 40
0.000000
 41
0.000000
 42
0.000000
  0
VERTEX
  8
PIN_TOP
 10
72.609964
 20
86.709504
 40
0.000000
 41
0.000000
 42
0.000000
  0
VERTEX
  8
PIN_TOP
 10
73.549764
 20
86.709504
 40
0.000000
 41
0.000000
 42
0.000000
  0
SEQEND
  0
POLYLINE
  8
PIN_TOP
 66
1
 70
1
 40
0.000000
 41
0.000000
 39
0.000000
  0
VERTEX
  8
PIN_TOP
 10
74.849736
 20
86.654640
 40
0.000000
 41
0.000000
 42
0.000000
  0
VERTEX
  8
PIN_TOP
 10
73.909936
 20
86.654640
 40
0.000000
 41
0.000000
 42
0.000000
  0
VERTEX
  8
PIN_TOP
 10
73.909936
 20
86.959440
 40
0.000000
 41
0.000000
 42
0.000000
  0
VERTEX
  8
PIN_TOP
 10
74.849736
 20
86.959440
 40
0.000000
 41
0.000000
 42
0.000000
  0
SEQEND
  0
POLYLINE
  8
PIN_TOP
 66
1
 70
1
 40
0.000000
 41
0.000000
 39
0.000000
  0
VERTEX
  8
PIN_TOP
 10
73.549764
 20
83.904582
 40
0.000000
 41
0.000000
 42
0.000000
  0
VERTEX
  8
PIN_TOP
 10
72.609964
 20
83.904582
 40
0.000000
 41
0.000000
 42
0.000000
  0
VERTEX
  8
PIN_TOP
 10
72.609964
 20
84.209382
 40
0.000000
 41
0.000000
 42
0.000000
  0
VERTEX
  8
PIN_TOP
 10
73.549764
 20
84.209382
 40
0.000000
 41
0.000000
 42
0.000000
  0
SEQEND
  0
POLYLINE
  8
PIN_TOP
 66
1
 70
1
 40
0.000000
 41
0.000000
 39
0.000000
  0
VERTEX
  8
PIN_TOP
 10
73.549764
 20
89.404698
 40
0.000000
 41
0.000000
 42
0.000000
  0
VERTEX
  8
PIN_TOP
 10
72.609964
 20
89.404698
 40
0.000000
 41
0.000000
 42
0.000000
  0
VERTEX
  8
PIN_TOP
 10
72.609964
 20
89.709498
 40
0.000000
 41
0.000000
 42
0.000000
  0
VERTEX
  8
PIN_TOP
 10
73.549764
 20
89.709498
 40
0.000000
 41
0.000000
 42
0.000000
  0
SEQEND
  0
POLYLINE
  8
PIN_TOP
 66
1
 70
1
 40
0.000000
 41
0.000000
 39
0.000000
  0
VERTEX
  8
PIN_TOP
 10
74.849736
 20
89.154762
 40
0.000000
 41
0.000000
 42
0.000000
  0
VERTEX
  8
PIN_TOP
 10
73.909936
 20
89.154762
 40
0.000000
 41
0.000000
 42
0.000000
  0
VERTEX
  8
PIN_TOP
 10
73.909936
 20
89.459562
 40
0.000000
 41
0.000000
 42
0.000000
  0
VERTEX
  8
PIN_TOP
 10
74.849736
 20
89.459562
 40
0.000000
 41
0.000000
 42
0.000000
  0
SEQEND
  0
POLYLINE
  8
PIN_TOP
 66
1
 70
1
 40
0.000000
 41
0.000000
 39
0.000000
  0
VERTEX
  8
PIN_TOP
 10
74.849736
 20
83.654646
 40
0.000000
 41
0.000000
 42
0.000000
  0
VERTEX
  8
PIN_TOP
 10
73.909936
 20
83.654646
 40
0.000000
 41
0.000000
 42
0.000000
  0
VERTEX
  8
PIN_TOP
 10
73.909936
 20
83.959446
 40
0.000000
 41
0.000000
 42
0.000000
  0
VERTEX
  8
PIN_TOP
 10
74.849736
 20
83.959446
 40
0.000000
 41
0.000000
 42
0.000000
  0
SEQEND
  0
POLYLINE
  8
PIN_TOP
 66
1
 70
1
 40
0.000000
 41
0.000000
 39
0.000000
  0
VERTEX
  8
PIN_TOP
 10
73.311766
 20
82.891630
 40
0.000000
 41
0.000000
 42
0.000000
  0
VERTEX
  8
PIN_TOP
 10
74.327766
 20
82.891630
 40
0.000000
 41
0.000000
 42
-1.000000
  0
VERTEX
  8
PIN_TOP
 10
74.327766
 20
82.002630
 40
0.000000
 41
0.000000
 42
0.000000
  0
VERTEX
  8
PIN_TOP
 10
73.311766
 20
82.002630
 40
0.000000
 41
0.000000
 42
-1.000000
  0
SEQEND
  0
POLYLINE
  8
PIN_TOP
 66
1
 70
1
 40
0.000000
 41
0.000000
 39
0.000000
  0
VERTEX
  8
PIN_TOP
 10
74.774298
 20
82.910934
 40
0.000000
 41
0.000000
 42
0.000000
  0
VERTEX
  8
PIN_TOP
 10
74.774298
 20
82.402934
 40
0.000000
 41
0.000000
 42
-1.000000
  0
VERTEX
  8
PIN_TOP
 10
73.885298
 20
82.402934
 40
0.000000
 41
0.000000
 42
0.000000
  0
VERTEX
  8
PIN_TOP
 10
73.885298
 20
82.910934
 40
0.000000
 41
0.000000
 42
-1.000000
  0
SEQEND
  0
POLYLINE
  8
PIN_TOP
 66
1
 70
1
 40
0.000000
 41
0.000000
 39
0.000000
  0
VERTEX
  8
PIN_TOP
 10
77.709522
 20
82.891630
 40
0.000000
 41
0.000000
 42
0.000000
  0
VERTEX
  8
PIN_TOP
 10
79.030322
 20
82.891630
 40
0.000000
 41
0.000000
 42
-1.000000
  0
VERTEX
  8
PIN_TOP
 10
79.030322
 20
82.002630
 40
0.000000
 41
0.000000
 42
0.000000
  0
VERTEX
  8
PIN_TOP
 10
77.709522
 20
82.002630
 40
0.000000
 41
0.000000
 42
-1.000000
  0
SEQEND
  0
POLYLINE
  8
PIN_TOP
 66
1
 70
1
 40
0.000000
 41
0.000000
 39
0.000000
  0
VERTEX
  8
PIN_TOP
 10
77.709522
 20
91.451430
 40
0.000000
 41
0.000000
 42
0.000000
  0
VERTEX
  8
PIN_TOP
 10
79.030322
 20
91.451430
 40
0.000000
 41
0.000000
 42
-1.000000
  0
VERTEX
  8
PIN_TOP
 10
79.030322
 20
90.562430
 40
0.000000
 41
0.000000
 42
0.000000
  0
VERTEX
  8
PIN_TOP
 10
77.709522
 20
90.562430
 40
0.000000
 41
0.000000
 42
-1.000000
  0
SEQEND
  0
POLYLINE
  8
PIN_TOP
 66
1
 70
1
 40
0.000000
 41
0.000000
 39
0.000000
  0
VERTEX
  8
PIN_TOP
 10
73.311766
 20
91.451430
 40
0.000000
 41
0.000000
 42
0.000000
  0
VERTEX
  8
PIN_TOP
 10
74.327766
 20
91.451430
 40
0.000000
 41
0.000000
 42
-1.000000
  0
VERTEX
  8
PIN_TOP
 10
74.327766
 20
90.562430
 40
0.000000
 41
0.000000
 42
0.000000
  0
VERTEX
  8
PIN_TOP
 10
73.311766
 20
90.562430
 40
0.000000
 41
0.000000
 42
-1.000000
  0
SEQEND
  0
POLYLINE
  8
PIN_TOP
 66
1
 70
1
 40
0.000000
 41
0.000000
 39
0.000000
  0
VERTEX
  8
PIN_TOP
 10
74.774298
 20
91.081098
 40
0.000000
 41
0.000000
 42
0.000000
  0
VERTEX
  8
PIN_TOP
 10
74.774298
 20
90.573098
 40
0.000000
 41
0.000000
 42
-1.000000
  0
VERTEX
  8
PIN_TOP
 10
73.885298
 20
90.573098
 40
0.000000
 41
0.000000
 42
0.000000
  0
VERTEX
  8
PIN_TOP
 10
73.885298
 20
91.081098
 40
0.000000
 41
0.000000
 42
-1.000000
  0
SEQEND
  0
CIRCLE
  8
PIN_TOP
 10
75.169776
 20
83.297014
 40
0.254000
  0
CIRCLE
  8
PIN_TOP
 10
75.169776
 20
90.157046
 40
0.254000
  0
POLYLINE
  8
PIN_TOP
 66
1
 70
1
 40
0.000000
 41
0.000000
 39
0.000000
  0
VERTEX
  8
PIN_TOP
 10
73.549764
 20
87.404702
 40
0.000000
 41
0.000000
 42
0.000000
  0
VERTEX
  8
PIN_TOP
 10
72.609964
 20
87.404702
 40
0.000000
 41
0.000000
 42
0.000000
  0
VERTEX
  8
PIN_TOP
 10
72.609964
 20
87.709502
 40
0.000000
 41
0.000000
 42
0.000000
  0
VERTEX
  8
PIN_TOP
 10
73.549764
 20
87.709502
 40
0.000000
 41
0.000000
 42
0.000000
  0
SEQEND
  0
POLYLINE
  8
PIN_TOP
 66
1
 70
1
 40
0.000000
 41
0.000000
 39
0.000000
  0
VERTEX
  8
PIN_TOP
 10
74.849736
 20
85.654642
 40
0.000000
 41
0.000000
 42
0.000000
  0
VERTEX
  8
PIN_TOP
 10
73.909936
 20
85.654642
 40
0.000000
 41
0.000000
 42
0.000000
  0
VERTEX
  8
PIN_TOP
 10
73.909936
 20
85.959442
 40
0.000000
 41
0.000000
 42
0.000000
  0
VERTEX
  8
PIN_TOP
 10
74.849736
 20
85.959442
 40
0.000000
 41
0.000000
 42
0.000000
  0
SEQEND
  0
POLYLINE
  8
PIN_TOP
 66
1
 70
1
 40
0.000000
 41
0.000000
 39
0.000000
  0
VERTEX
  8
PIN_TOP
 10
74.849736
 20
84.654644
 40
0.000000
 41
0.000000
 42
0.000000
  0
VERTEX
  8
PIN_TOP
 10
73.909936
 20
84.654644
 40
0.000000
 41
0.000000
 42
0.000000
  0
VERTEX
  8
PIN_TOP
 10
73.909936
 20
84.959444
 40
0.000000
 41
0.000000
 42
0.000000
  0
VERTEX
  8
PIN_TOP
 10
74.849736
 20
84.959444
 40
0.000000
 41
0.000000
 42
0.000000
  0
SEQEND
  0
POLYLINE
  8
PIN_TOP
 66
1
 70
1
 40
0.000000
 41
0.000000
 39
0.000000
  0
VERTEX
  8
PIN_TOP
 10
74.849736
 20
84.154518
 40
0.000000
 41
0.000000
 42
0.000000
  0
VERTEX
  8
PIN_TOP
 10
73.909936
 20
84.154518
 40
0.000000
 41
0.000000
 42
0.000000
  0
VERTEX
  8
PIN_TOP
 10
73.909936
 20
84.459318
 40
0.000000
 41
0.000000
 42
0.000000
  0
VERTEX
  8
PIN_TOP
 10
74.849736
 20
84.459318
 40
0.000000
 41
0.000000
 42
0.000000
  0
SEQEND
  0
POLYLINE
  8
PIN_TOP
 66
1
 70
1
 40
0.000000
 41
0.000000
 39
0.000000
  0
VERTEX
  8
PIN_TOP
 10
73.549764
 20
88.404700
 40
0.000000
 41
0.000000
 42
0.000000
  0
VERTEX
  8
PIN_TOP
 10
72.609964
 20
88.404700
 40
0.000000
 41
0.000000
 42
0.000000
  0
VERTEX
  8
PIN_TOP
 10
72.609964
 20
88.709500
 40
0.000000
 41
0.000000
 42
0.000000
  0
VERTEX
  8
PIN_TOP
 10
73.549764
 20
88.709500
 40
0.000000
 41
0.000000
 42
0.000000
  0
SEQEND
  0
POLYLINE
  8
PIN_TOP
 66
1
 70
1
 40
0.000000
 41
0.000000
 39
0.000000
  0
VERTEX
  8
PIN_TOP
 10
73.549764
 20
88.904572
 40
0.000000
 41
0.000000
 42
0.000000
  0
VERTEX
  8
PIN_TOP
 10
72.609964
 20
88.904572
 40
0.000000
 41
0.000000
 42
0.000000
  0
VERTEX
  8
PIN_TOP
 10
72.609964
 20
89.209372
 40
0.000000
 41
0.000000
 42
0.000000
  0
VERTEX
  8
PIN_TOP
 10
73.549764
 20
89.209372
 40
0.000000
 41
0.000000
 42
0.000000
  0
SEQEND
  0
POLYLINE
  8
PIN_TOP
 66
1
 70
1
 40
0.000000
 41
0.000000
 39
0.000000
  0
VERTEX
  8
PIN_TOP
 10
73.549764
 20
84.904580
 40
0.000000
 41
0.000000
 42
0.000000
  0
VERTEX
  8
PIN_TOP
 10
72.609964
 20
84.904580
 40
0.000000
 41
0.000000
 42
0.000000
  0
VERTEX
  8
PIN_TOP
 10
72.609964
 20
85.209380
 40
0.000000
 41
0.000000
 42
0.000000
  0
VERTEX
  8
PIN_TOP
 10
73.549764
 20
85.209380
 40
0.000000
 41
0.000000
 42
0.000000
  0
SEQEND
  0
POLYLINE
  8
PIN_TOP
 66
1
 70
1
 40
0.000000
 41
0.000000
 39
0.000000
  0
VERTEX
  8
PIN_TOP
 10
73.549764
 20
84.404708
 40
0.000000
 41
0.000000
 42
0.000000
  0
VERTEX
  8
PIN_TOP
 10
72.609964
 20
84.404708
 40
0.000000
 41
0.000000
 42
0.000000
  0
VERTEX
  8
PIN_TOP
 10
72.609964
 20
84.709508
 40
0.000000
 41
0.000000
 42
0.000000
  0
VERTEX
  8
PIN_TOP
 10
73.549764
 20
84.709508
 40
0.000000
 41
0.000000
 42
0.000000
  0
SEQEND
  0
POLYLINE
  8
PIN_TOP
 66
1
 70
1
 40
0.000000
 41
0.000000
 39
0.000000
  0
VERTEX
  8
PIN_TOP
 10
74.849736
 20
88.154510
 40
0.000000
 41
0.000000
 42
0.000000
  0
VERTEX
  8
PIN_TOP
 10
73.909936
 20
88.154510
 40
0.000000
 41
0.000000
 42
0.000000
  0
VERTEX
  8
PIN_TOP
 10
73.909936
 20
88.459310
 40
0.000000
 41
0.000000
 42
0.000000
  0
VERTEX
  8
PIN_TOP
 10
74.849736
 20
88.459310
 40
0.000000
 41
0.000000
 42
0.000000
  0
SEQEND
  0
POLYLINE
  8
PIN_TOP
 66
1
 70
1
 40
0.000000
 41
0.000000
 39
0.000000
  0
VERTEX
  8
PIN_TOP
 10
74.849736
 20
88.654636
 40
0.000000
 41
0.000000
 42
0.000000
  0
VERTEX
  8
PIN_TOP
 10
73.909936
 20
88.654636
 40
0.000000
 41
0.000000
 42
0.000000
  0
VERTEX
  8
PIN_TOP
 10
73.909936
 20
88.959436
 40
0.000000
 41
0.000000
 42
0.000000
  0
VERTEX
  8
PIN_TOP
 10
74.849736
 20
88.959436
 40
0.000000
 41
0.000000
 42
0.000000
  0
SEQEND
  0
POLYLINE
  8
PIN_TOP
 66
1
 70
1
 40
0.000000
 41
0.000000
 39
0.000000
  0
VERTEX
  8
PIN_TOP
 10
73.549764
 20
85.404706
 40
0.000000
 41
0.000000
 42
0.000000
  0
VERTEX
  8
PIN_TOP
 10
72.609964
 20
85.404706
 40
0.000000
 41
0.000000
 42
0.000000
  0
VERTEX
  8
PIN_TOP
 10
72.609964
 20
85.709506
 40
0.000000
 41
0.000000
 42
0.000000
  0
VERTEX
  8
PIN_TOP
 10
73.549764
 20
85.709506
 40
0.000000
 41
0.000000
 42
0.000000
  0
SEQEND
  0
POLYLINE
  8
PIN_TOP
 66
1
 70
1
 40
0.000000
 41
0.000000
 39
0.000000
  0
VERTEX
  8
PIN_TOP
 10
73.549764
 20
87.904574
 40
0.000000
 41
0.000000
 42
0.000000
  0
VERTEX
  8
PIN_TOP
 10
72.609964
 20
87.904574
 40
0.000000
 41
0.000000
 42
0.000000
  0
VERTEX
  8
PIN_TOP
 10
72.609964
 20
88.209374
 40
0.000000
 41
0.000000
 42
0.000000
  0
VERTEX
  8
PIN_TOP
 10
73.549764
 20
88.209374
 40
0.000000
 41
0.000000
 42
0.000000
  0
SEQEND
  0
POLYLINE
  8
PIN_TOP
 66
1
 70
1
 40
0.000000
 41
0.000000
 39
0.000000
  0
VERTEX
  8
PIN_TOP
 10
74.849736
 20
87.654638
 40
0.000000
 41
0.000000
 42
0.000000
  0
VERTEX
  8
PIN_TOP
 10
73.909936
 20
87.654638
 40
0.000000
 41
0.000000
 42
0.000000
  0
VERTEX
  8
PIN_TOP
 10
73.909936
 20
87.959438
 40
0.000000
 41
0.000000
 42
0.000000
  0
VERTEX
  8
PIN_TOP
 10
74.849736
 20
87.959438
 40
0.000000
 41
0.000000
 42
0.000000
  0
SEQEND
  0
POLYLINE
  8
PIN_TOP
 66
1
 70
1
 40
0.000000
 41
0.000000
 39
0.000000
  0
VERTEX
  8
PIN_TOP
 10
74.849736
 20
85.154516
 40
0.000000
 41
0.000000
 42
0.000000
  0
VERTEX
  8
PIN_TOP
 10
73.909936
 20
85.154516
 40
0.000000
 41
0.000000
 42
0.000000
  0
VERTEX
  8
PIN_TOP
 10
73.909936
 20
85.459316
 40
0.000000
 41
0.000000
 42
0.000000
  0
VERTEX
  8
PIN_TOP
 10
74.849736
 20
85.459316
 40
0.000000
 41
0.000000
 42
0.000000
  0
SEQEND
  0
POLYLINE
  8
PG_NEW-SILK-TOP
 66
1
 70
0
 40
0.000000
 41
0.000000
 39
0.000000
  0
VERTEX
  8
PG_NEW-SILK-TOP
 10
80.719930
 20
91.317064
 40
0.152400
 41
0.152400
 42
0.000000
  0
VERTEX
  8
PG_NEW-SILK-TOP
 10
80.719930
 20
82.207100
 40
0.152400
 41
0.152400
 42
0.000000
  0
SEQEND
  0
POLYLINE
  8
PG_NEW-SILK-TOP
 66
1
 70
0
 40
0.000000
 41
0.000000
 39
0.000000
  0
VERTEX
  8
PG_NEW-SILK-TOP
 10
72.819768
 20
83.636358
 40
0.152400
 41
0.152400
 42
0.000000
  0
VERTEX
  8
PG_NEW-SILK-TOP
 10
72.819768
 20
82.703670
 40
0.152400
 41
0.152400
 42
0.000000
  0
SEQEND
  0
POLYLINE
  8
PG_NEW-SILK-TOP
 66
1
 70
0
 40
0.000000
 41
0.000000
 39
0.000000
  0
VERTEX
  8
PG_NEW-SILK-TOP
 10
72.819768
 20
89.889330
 40
0.152400
 41
0.152400
 42
0.000000
  0
VERTEX
  8
PG_NEW-SILK-TOP
 10
72.819768
 20
90.504010
 40
0.152400
 41
0.152400
 42
0.000000
  0
SEQEND
  0
POLYLINE
  8
PG_NEW-SILK-TOP
 66
1
 70
0
 40
0.000000
 41
0.000000
 39
0.000000
  0
VERTEX
  8
PG_NEW-SILK-TOP
 10
80.719930
 20
82.207100
 40
0.152400
 41
0.152400
 42
0.000000
  0
VERTEX
  8
PG_NEW-SILK-TOP
 10
79.663290
 20
82.207100
 40
0.152400
 41
0.152400
 42
0.000000
  0
SEQEND
  0
POLYLINE
  8
PG_NEW-SILK-TOP
 66
1
 70
0
 40
0.000000
 41
0.000000
 39
0.000000
  0
VERTEX
  8
PG_NEW-SILK-TOP
 10
74.872596
 20
82.207100
 40
0.152400
 41
0.152400
 42
0.000000
  0
VERTEX
  8
PG_NEW-SILK-TOP
 10
77.034898
 20
82.207100
 40
0.152400
 41
0.152400
 42
0.000000
  0
SEQEND
  0
POLYLINE
  8
PG_NEW-SILK-TOP
 66
1
 70
0
 40
0.000000
 41
0.000000
 39
0.000000
  0
VERTEX
  8
PG_NEW-SILK-TOP
 10
80.719930
 20
91.317064
 40
0.152400
 41
0.152400
 42
0.000000
  0
VERTEX
  8
PG_NEW-SILK-TOP
 10
79.663290
 20
91.317064
 40
0.152400
 41
0.152400
 42
0.000000
  0
SEQEND
  0
POLYLINE
  8
PG_NEW-SILK-TOP
 66
1
 70
0
 40
0.000000
 41
0.000000
 39
0.000000
  0
VERTEX
  8
PG_NEW-SILK-TOP
 10
74.936350
 20
91.317064
 40
0.152400
 41
0.152400
 42
0.000000
  0
VERTEX
  8
PG_NEW-SILK-TOP
 10
77.034898
 20
91.317064
 40
0.152400
 41
0.152400
 42
0.000000
  0
SEQEND
  0
CIRCLE
  8
PIN_TOP
 10
54.314598
 20
53.597302
 40
0.799973
  0
CIRCLE
  8
PIN_TOP
 10
51.774598
 20
53.597302
 40
0.799973
  0
CIRCLE
  8
PIN_TOP
 10
54.314598
 20
56.137302
 40
0.799973
  0
CIRCLE
  8
PIN_TOP
 10
51.774598
 20
56.137302
 40
0.799973
  0
CIRCLE
  8
PIN_TOP
 10
54.314598
 20
58.677302
 40
0.799973
  0
CIRCLE
  8
PIN_TOP
 10
51.774598
 20
58.677302
 40
0.799973
  0
CIRCLE
  8
PIN_TOP
 10
54.314598
 20
61.217302
 40
0.799973
  0
CIRCLE
  8
PIN_TOP
 10
51.774598
 20
61.217302
 40
0.799973
  0
CIRCLE
  8
PIN_TOP
 10
54.314598
 20
63.757302
 40
0.799973
  0
CIRCLE
  8
PIN_TOP
 10
51.774598
 20
63.757302
 40
0.799973
  0
CIRCLE
  8
PIN_TOP
 10
54.314598
 20
66.297302
 40
0.799973
  0
CIRCLE
  8
PIN_TOP
 10
51.774598
 20
66.297302
 40
0.799973
  0
CIRCLE
  8
PIN_TOP
 10
54.314598
 20
68.837302
 40
0.799973
  0
CIRCLE
  8
PIN_TOP
 10
51.774598
 20
68.837302
 40
0.799973
  0
CIRCLE
  8
PIN_TOP
 10
54.314598
 20
71.377302
 40
0.799973
  0
CIRCLE
  8
PIN_TOP
 10
51.774598
 20
71.377302
 40
0.799973
  0
CIRCLE
  8
PIN_TOP
 10
54.314598
 20
73.917302
 40
0.799973
  0
CIRCLE
  8
PIN_TOP
 10
51.774598
 20
73.917302
 40
0.799973
  0
CIRCLE
  8
PIN_TOP
 10
54.314598
 20
76.457302
 40
0.799973
  0
CIRCLE
  8
PIN_TOP
 10
51.774598
 20
76.457302
 40
0.799973
  0
CIRCLE
  8
PIN_TOP
 10
54.314598
 20
78.997302
 40
0.799973
  0
CIRCLE
  8
PIN_TOP
 10
51.774598
 20
78.997302
 40
0.799973
  0
CIRCLE
  8
PIN_TOP
 10
54.314598
 20
81.537302
 40
0.799973
  0
CIRCLE
  8
PIN_TOP
 10
51.774598
 20
81.537302
 40
0.799973
  0
CIRCLE
  8
PIN_TOP
 10
54.314598
 20
84.077302
 40
0.799973
  0
CIRCLE
  8
PIN_TOP
 10
51.774598
 20
84.077302
 40
0.799973
  0
CIRCLE
  8
PIN_TOP
 10
54.314598
 20
86.617302
 40
0.799973
  0
CIRCLE
  8
PIN_TOP
 10
51.774598
 20
86.617302
 40
0.799973
  0
CIRCLE
  8
PIN_TOP
 10
54.314598
 20
89.157302
 40
0.799973
  0
CIRCLE
  8
PIN_TOP
 10
51.774598
 20
89.157302
 40
0.799973
  0
CIRCLE
  8
PIN_TOP
 10
54.314598
 20
91.697302
 40
0.799973
  0
CIRCLE
  8
PIN_TOP
 10
51.774598
 20
91.697302
 40
0.799973
  0
CIRCLE
  8
PIN_TOP
 10
54.314598
 20
94.237302
 40
0.799973
  0
CIRCLE
  8
PIN_TOP
 10
51.774598
 20
94.237302
 40
0.799973
  0
CIRCLE
  8
PIN_TOP
 10
54.314598
 20
96.777302
 40
0.799973
  0
CIRCLE
  8
PIN_TOP
 10
51.774598
 20
96.777302
 40
0.799973
  0
CIRCLE
  8
PIN_TOP
 10
54.314598
 20
99.317302
 40
0.799973
  0
CIRCLE
  8
PIN_TOP
 10
51.774598
 20
99.317302
 40
0.799973
  0
CIRCLE
  8
PIN_TOP
 10
54.314598
 20
101.857302
 40
0.799973
  0
CIRCLE
  8
PIN_TOP
 10
51.774598
 20
101.857302
 40
0.799973
  0
POLYLINE
  8
PG_NEW-SILK-TOP
 66
1
 70
0
 40
0.000000
 41
0.000000
 39
0.000000
  0
VERTEX
  8
PG_NEW-SILK-TOP
 10
50.339498
 20
103.392224
 40
0.130048
 41
0.130048
 42
0.000000
  0
VERTEX
  8
PG_NEW-SILK-TOP
 10
55.749698
 20
103.392224
 40
0.130048
 41
0.130048
 42
0.000000
  0
SEQEND
  0
POLYLINE
  8
PG_NEW-SILK-TOP
 66
1
 70
0
 40
0.000000
 41
0.000000
 39
0.000000
  0
VERTEX
  8
PG_NEW-SILK-TOP
 10
50.339498
 20
52.062380
 40
0.130048
 41
0.130048
 42
0.000000
  0
VERTEX
  8
PG_NEW-SILK-TOP
 10
50.339498
 20
103.392224
 40
0.130048
 41
0.130048
 42
0.000000
  0
SEQEND
  0
POLYLINE
  8
PG_NEW-SILK-TOP
 66
1
 70
0
 40
0.000000
 41
0.000000
 39
0.000000
  0
VERTEX
  8
PG_NEW-SILK-TOP
 10
55.749698
 20
52.562252
 40
0.130048
 41
0.130048
 42
0.000000
  0
VERTEX
  8
PG_NEW-SILK-TOP
 10
55.249572
 20
52.062380
 40
0.130048
 41
0.130048
 42
0.000000
  0
SEQEND
  0
POLYLINE
  8
PG_NEW-SILK-TOP
 66
1
 70
0
 40
0.000000
 41
0.000000
 39
0.000000
  0
VERTEX
  8
PG_NEW-SILK-TOP
 10
55.249572
 20
52.062380
 40
0.130048
 41
0.130048
 42
0.000000
  0
VERTEX
  8
PG_NEW-SILK-TOP
 10
50.339498
 20
52.062380
 40
0.130048
 41
0.130048
 42
0.000000
  0
SEQEND
  0
POLYLINE
  8
PG_NEW-SILK-TOP
 66
1
 70
0
 40
0.000000
 41
0.000000
 39
0.000000
  0
VERTEX
  8
PG_NEW-SILK-TOP
 10
55.749698
 20
103.392224
 40
0.130048
 41
0.130048
 42
0.000000
  0
VERTEX
  8
PG_NEW-SILK-TOP
 10
55.749698
 20
52.562252
 40
0.130048
 41
0.130048
 42
0.000000
  0
SEQEND
  0
POLYLINE
  8
PG_SILKSCREEN_TOP
 66
1
 70
1
 40
0.000000
 41
0.000000
 39
0.000000
  0
VERTEX
  8
PG_SILKSCREEN_TOP
 10
55.459630
 20
51.184048
 40
0.000000
 41
0.000000
 42
0.000000
  0
VERTEX
  8
PG_SILKSCREEN_TOP
 10
55.898542
 20
51.622960
 40
0.000000
 41
0.000000
 42
0.000000
  0
VERTEX
  8
PG_SILKSCREEN_TOP
 10
55.251858
 20
51.838606
 40
0.000000
 41
0.000000
 42
0.000000
  0
SEQEND
  0
CIRCLE
  8
PIN_TOP
 10
53.269642
 20
48.877220
 40
2.750058
  0
CIRCLE
  8
PIN_TOP
 10
76.119736
 20
48.827182
 40
2.750058
  0
CIRCLE
  8
PIN_TOP
 10
53.219604
 20
106.677206
 40
2.750058
  0
CIRCLE
  8
PIN_TOP
 10
76.119736
 20
106.677206
 40
2.750058
  0
CIRCLE
  8
PIN_TOP
 10
73.355200
 20
108.915200
 40
0.508000
  0
CIRCLE
  8
PIN_TOP
 10
56.692800
 20
46.736000
 40
0.508000
  0
POLYLINE
  8
PIN_TOP
 66
1
 70
1
 40
0.000000
 41
0.000000
 39
0.000000
  0
VERTEX
  8
PIN_TOP
 10
76.574650
 20
92.760800
 40
0.000000
 41
0.000000
 42
0.000000
  0
VERTEX
  8
PIN_TOP
 10
76.574650
 20
93.573600
 40
0.000000
 41
0.000000
 42
0.000000
  0
VERTEX
  8
PIN_TOP
 10
77.336650
 20
93.573600
 40
0.000000
 41
0.000000
 42
0.000000
  0
VERTEX
  8
PIN_TOP
 10
77.336650
 20
92.760800
 40
0.000000
 41
0.000000
 42
0.000000
  0
SEQEND
  0
POLYLINE
  8
PIN_TOP
 66
1
 70
1
 40
0.000000
 41
0.000000
 39
0.000000
  0
VERTEX
  8
PIN_TOP
 10
78.098650
 20
92.760800
 40
0.000000
 41
0.000000
 42
0.000000
  0
VERTEX
  8
PIN_TOP
 10
78.098650
 20
93.573600
 40
0.000000
 41
0.000000
 42
0.000000
  0
VERTEX
  8
PIN_TOP
 10
78.860650
 20
93.573600
 40
0.000000
 41
0.000000
 42
0.000000
  0
VERTEX
  8
PIN_TOP
 10
78.860650
 20
92.760800
 40
0.000000
 41
0.000000
 42
0.000000
  0
SEQEND
  0
POLYLINE
  8
PG_NEW-SILK-TOP
 66
1
 70
0
 40
0.000000
 41
0.000000
 39
0.000000
  0
VERTEX
  8
PG_NEW-SILK-TOP
 10
76.638150
 20
93.802200
 40
0.101600
 41
0.101600
 42
0.000000
  0
VERTEX
  8
PG_NEW-SILK-TOP
 10
79.114650
 20
93.802200
 40
0.101600
 41
0.101600
 42
0.000000
  0
VERTEX
  8
PG_NEW-SILK-TOP
 10
79.114650
 20
92.532200
 40
0.101600
 41
0.101600
 42
0.000000
  0
VERTEX
  8
PG_NEW-SILK-TOP
 10
76.574650
 20
92.532200
 40
0.101600
 41
0.101600
 42
0.000000
  0
VERTEX
  8
PG_NEW-SILK-TOP
 10
76.384150
 20
92.722700
 40
0.101600
 41
0.101600
 42
0.000000
  0
VERTEX
  8
PG_NEW-SILK-TOP
 10
76.384150
 20
93.611700
 40
0.101600
 41
0.101600
 42
0.000000
  0
VERTEX
  8
PG_NEW-SILK-TOP
 10
76.574650
 20
93.802200
 40
0.101600
 41
0.101600
 42
0.000000
  0
VERTEX
  8
PG_NEW-SILK-TOP
 10
76.701650
 20
93.802200
 40
0.101600
 41
0.101600
 42
0.000000
  0
SEQEND
  0
POLYLINE
  8
PG_SILKSCREEN_TOP
 66
1
 70
0
 40
0.000000
 41
0.000000
 39
0.000000
  0
VERTEX
  8
PG_SILKSCREEN_TOP
 10
77.844650
 20
93.675200
 40
0.076200
 41
0.076200
 42
0.000000
  0
VERTEX
  8
PG_SILKSCREEN_TOP
 10
77.844650
 20
92.532200
 40
0.076200
 41
0.076200
 42
0.000000
  0
SEQEND
  0
POLYLINE
  8
PG_SILKSCREEN_TOP
 66
1
 70
0
 40
0.000000
 41
0.000000
 39
0.000000
  0
VERTEX
  8
PG_SILKSCREEN_TOP
 10
77.971650
 20
93.167200
 40
0.076200
 41
0.076200
 42
0.000000
  0
VERTEX
  8
PG_SILKSCREEN_TOP
 10
77.844650
 20
93.167200
 40
0.076200
 41
0.076200
 42
0.000000
  0
SEQEND
  0
POLYLINE
  8
PG_SILKSCREEN_TOP
 66
1
 70
0
 40
0.000000
 41
0.000000
 39
0.000000
  0
VERTEX
  8
PG_SILKSCREEN_TOP
 10
77.590650
 20
93.548200
 40
0.076200
 41
0.076200
 42
0.000000
  0
VERTEX
  8
PG_SILKSCREEN_TOP
 10
77.590650
 20
92.786200
 40
0.076200
 41
0.076200
 42
0.000000
  0
VERTEX
  8
PG_SILKSCREEN_TOP
 10
77.844650
 20
93.167200
 40
0.076200
 41
0.076200
 42
0.000000
  0
VERTEX
  8
PG_SILKSCREEN_TOP
 10
77.590650
 20
93.548200
 40
0.076200
 41
0.076200
 42
0.000000
  0
VERTEX
  8
PG_SILKSCREEN_TOP
 10
77.590650
 20
93.167200
 40
0.076200
 41
0.076200
 42
0.000000
  0
VERTEX
  8
PG_SILKSCREEN_TOP
 10
77.463650
 20
93.167200
 40
0.076200
 41
0.076200
 42
0.000000
  0
SEQEND
  0
POLYLINE
  8
PG_NEW-SILK-TOP
 66
1
 70
0
 40
0.000000
 41
0.000000
 39
0.000000
  0
VERTEX
  8
PG_NEW-SILK-TOP
 10
79.038450
 20
93.751400
 40
0.127000
 41
0.127000
 42
0.000000
  0
VERTEX
  8
PG_NEW-SILK-TOP
 10
79.013050
 20
92.583000
 40
0.127000
 41
0.127000
 42
0.000000
  0
VERTEX
  8
PG_NEW-SILK-TOP
 10
78.987650
 20
92.595700
 40
0.127000
 41
0.127000
 42
0.000000
  0
VERTEX
  8
PG_NEW-SILK-TOP
 10
78.987650
 20
93.776800
 40
0.127000
 41
0.127000
 42
0.000000
  0
VERTEX
  8
PG_NEW-SILK-TOP
 10
78.987650
 20
92.557600
 40
0.127000
 41
0.127000
 42
0.000000
  0
SEQEND
  0
POLYLINE
  8
PG_SILKSCREEN_TOP
 66
1
 70
0
 40
0.000000
 41
0.000000
 39
0.000000
  0
VERTEX
  8
PG_SILKSCREEN_TOP
 10
77.844650
 20
92.532200
 40
0.076200
 41
0.076200
 42
0.000000
  0
VERTEX
  8
PG_SILKSCREEN_TOP
 10
77.844650
 20
93.548200
 40
0.076200
 41
0.076200
 42
0.000000
  0
SEQEND
  0
POLYLINE
  8
PG_SILKSCREEN_TOP
 66
1
 70
0
 40
0.000000
 41
0.000000
 39
0.000000
  0
VERTEX
  8
PG_SILKSCREEN_TOP
 10
77.463650
 20
93.167200
 40
0.076200
 41
0.076200
 42
0.000000
  0
VERTEX
  8
PG_SILKSCREEN_TOP
 10
77.590650
 20
93.167200
 40
0.076200
 41
0.076200
 42
0.000000
  0
SEQEND
  0
POLYLINE
  8
PIN_TOP
 66
1
 70
1
 40
0.000000
 41
0.000000
 39
0.000000
  0
VERTEX
  8
PIN_TOP
 10
57.603898
 20
76.143358
 40
0.000000
 41
0.000000
 42
0.000000
  0
VERTEX
  8
PIN_TOP
 10
57.603898
 20
77.143356
 40
0.000000
 41
0.000000
 42
0.000000
  0
VERTEX
  8
PIN_TOP
 10
58.503820
 20
77.143356
 40
0.000000
 41
0.000000
 42
0.000000
  0
VERTEX
  8
PIN_TOP
 10
58.503820
 20
76.143358
 40
0.000000
 41
0.000000
 42
0.000000
  0
SEQEND
  0
POLYLINE
  8
PIN_TOP
 66
1
 70
1
 40
0.000000
 41
0.000000
 39
0.000000
  0
VERTEX
  8
PIN_TOP
 10
56.303926
 20
74.443590
 40
0.000000
 41
0.000000
 42
0.000000
  0
VERTEX
  8
PIN_TOP
 10
56.303926
 20
75.443588
 40
0.000000
 41
0.000000
 42
0.000000
  0
VERTEX
  8
PIN_TOP
 10
57.203848
 20
75.443588
 40
0.000000
 41
0.000000
 42
0.000000
  0
VERTEX
  8
PIN_TOP
 10
57.203848
 20
74.443590
 40
0.000000
 41
0.000000
 42
0.000000
  0
SEQEND
  0
POLYLINE
  8
PIN_TOP
 66
1
 70
1
 40
0.000000
 41
0.000000
 39
0.000000
  0
VERTEX
  8
PIN_TOP
 10
57.603898
 20
74.443590
 40
0.000000
 41
0.000000
 42
0.000000
  0
VERTEX
  8
PIN_TOP
 10
57.603898
 20
75.443588
 40
0.000000
 41
0.000000
 42
0.000000
  0
VERTEX
  8
PIN_TOP
 10
58.503820
 20
75.443588
 40
0.000000
 41
0.000000
 42
0.000000
  0
VERTEX
  8
PIN_TOP
 10
58.503820
 20
74.443590
 40
0.000000
 41
0.000000
 42
0.000000
  0
SEQEND
  0
POLYLINE
  8
PIN_TOP
 66
1
 70
1
 40
0.000000
 41
0.000000
 39
0.000000
  0
VERTEX
  8
PIN_TOP
 10
56.303926
 20
76.143358
 40
0.000000
 41
0.000000
 42
0.000000
  0
VERTEX
  8
PIN_TOP
 10
56.303926
 20
77.143356
 40
0.000000
 41
0.000000
 42
0.000000
  0
VERTEX
  8
PIN_TOP
 10
57.203848
 20
77.143356
 40
0.000000
 41
0.000000
 42
0.000000
  0
VERTEX
  8
PIN_TOP
 10
57.203848
 20
76.143358
 40
0.000000
 41
0.000000
 42
0.000000
  0
SEQEND
  0
POLYLINE
  8
PG_NEW-SILK-TOP
 66
1
 70
0
 40
0.000000
 41
0.000000
 39
0.000000
  0
VERTEX
  8
PG_NEW-SILK-TOP
 10
58.703972
 20
74.293476
 40
0.119888
 41
0.119888
 42
0.000000
  0
VERTEX
  8
PG_NEW-SILK-TOP
 10
58.703972
 20
77.293724
 40
0.119888
 41
0.119888
 42
0.000000
  0
VERTEX
  8
PG_NEW-SILK-TOP
 10
56.104028
 20
77.293724
 40
0.119888
 41
0.119888
 42
0.000000
  0
VERTEX
  8
PG_NEW-SILK-TOP
 10
56.104028
 20
74.293476
 40
0.119888
 41
0.119888
 42
0.000000
  0
VERTEX
  8
PG_NEW-SILK-TOP
 10
58.703972
 20
74.293476
 40
0.119888
 41
0.119888
 42
0.000000
  0
SEQEND
  0
POLYLINE
  8
PIN_TOP
 66
1
 70
1
 40
0.000000
 41
0.000000
 39
0.000000
  0
VERTEX
  8
PIN_TOP
 10
76.598526
 20
80.318864
 40
0.000000
 41
0.000000
 42
0.000000
  0
VERTEX
  8
PIN_TOP
 10
76.598526
 20
79.618840
 40
0.000000
 41
0.000000
 42
0.000000
  0
VERTEX
  8
PIN_TOP
 10
76.248514
 20
79.618840
 40
0.000000
 41
0.000000
 42
0.000000
  0
VERTEX
  8
PIN_TOP
 10
76.248514
 20
80.318864
 40
0.000000
 41
0.000000
 42
0.000000
  0
SEQEND
  0
POLYLINE
  8
PIN_TOP
 66
1
 70
1
 40
0.000000
 41
0.000000
 39
0.000000
  0
VERTEX
  8
PIN_TOP
 10
75.948286
 20
80.318864
 40
0.000000
 41
0.000000
 42
0.000000
  0
VERTEX
  8
PIN_TOP
 10
75.948286
 20
79.618840
 40
0.000000
 41
0.000000
 42
0.000000
  0
VERTEX
  8
PIN_TOP
 10
75.598274
 20
79.618840
 40
0.000000
 41
0.000000
 42
0.000000
  0
VERTEX
  8
PIN_TOP
 10
75.598274
 20
80.318864
 40
0.000000
 41
0.000000
 42
0.000000
  0
SEQEND
  0
POLYLINE
  8
PIN_TOP
 66
1
 70
1
 40
0.000000
 41
0.000000
 39
0.000000
  0
VERTEX
  8
PIN_TOP
 10
75.948286
 20
81.518760
 40
0.000000
 41
0.000000
 42
0.000000
  0
VERTEX
  8
PIN_TOP
 10
75.948286
 20
80.818736
 40
0.000000
 41
0.000000
 42
0.000000
  0
VERTEX
  8
PIN_TOP
 10
75.598274
 20
80.818736
 40
0.000000
 41
0.000000
 42
0.000000
  0
VERTEX
  8
PIN_TOP
 10
75.598274
 20
81.518760
 40
0.000000
 41
0.000000
 42
0.000000
  0
SEQEND
  0
POLYLINE
  8
PIN_TOP
 66
1
 70
1
 40
0.000000
 41
0.000000
 39
0.000000
  0
VERTEX
  8
PIN_TOP
 10
76.598526
 20
81.518760
 40
0.000000
 41
0.000000
 42
0.000000
  0
VERTEX
  8
PIN_TOP
 10
76.598526
 20
80.818736
 40
0.000000
 41
0.000000
 42
0.000000
  0
VERTEX
  8
PIN_TOP
 10
76.248514
 20
80.818736
 40
0.000000
 41
0.000000
 42
0.000000
  0
VERTEX
  8
PIN_TOP
 10
76.248514
 20
81.518760
 40
0.000000
 41
0.000000
 42
0.000000
  0
SEQEND
  0
POLYLINE
  8
PG_NEW-SILK-TOP
 66
1
 70
0
 40
0.000000
 41
0.000000
 39
0.000000
  0
VERTEX
  8
PG_NEW-SILK-TOP
 10
76.848462
 20
79.368904
 40
0.127000
 41
0.127000
 42
0.000000
  0
VERTEX
  8
PG_NEW-SILK-TOP
 10
75.348338
 20
79.368904
 40
0.127000
 41
0.127000
 42
0.000000
  0
VERTEX
  8
PG_NEW-SILK-TOP
 10
75.348338
 20
81.768696
 40
0.127000
 41
0.127000
 42
0.000000
  0
VERTEX
  8
PG_NEW-SILK-TOP
 10
76.848462
 20
81.768696
 40
0.127000
 41
0.127000
 42
0.000000
  0
VERTEX
  8
PG_NEW-SILK-TOP
 10
76.848462
 20
79.368904
 40
0.127000
 41
0.127000
 42
0.000000
  0
SEQEND
  0
POLYLINE
  8
PIN_TOP
 66
1
 70
1
 40
0.000000
 41
0.000000
 39
0.000000
  0
VERTEX
  8
PIN_TOP
 10
78.757526
 20
80.217264
 40
0.000000
 41
0.000000
 42
0.000000
  0
VERTEX
  8
PIN_TOP
 10
78.757526
 20
79.517240
 40
0.000000
 41
0.000000
 42
0.000000
  0
VERTEX
  8
PIN_TOP
 10
78.407514
 20
79.517240
 40
0.000000
 41
0.000000
 42
0.000000
  0
VERTEX
  8
PIN_TOP
 10
78.407514
 20
80.217264
 40
0.000000
 41
0.000000
 42
0.000000
  0
SEQEND
  0
POLYLINE
  8
PIN_TOP
 66
1
 70
1
 40
0.000000
 41
0.000000
 39
0.000000
  0
VERTEX
  8
PIN_TOP
 10
78.107286
 20
80.217264
 40
0.000000
 41
0.000000
 42
0.000000
  0
VERTEX
  8
PIN_TOP
 10
78.107286
 20
79.517240
 40
0.000000
 41
0.000000
 42
0.000000
  0
VERTEX
  8
PIN_TOP
 10
77.757274
 20
79.517240
 40
0.000000
 41
0.000000
 42
0.000000
  0
VERTEX
  8
PIN_TOP
 10
77.757274
 20
80.217264
 40
0.000000
 41
0.000000
 42
0.000000
  0
SEQEND
  0
POLYLINE
  8
PIN_TOP
 66
1
 70
1
 40
0.000000
 41
0.000000
 39
0.000000
  0
VERTEX
  8
PIN_TOP
 10
78.107286
 20
81.417160
 40
0.000000
 41
0.000000
 42
0.000000
  0
VERTEX
  8
PIN_TOP
 10
78.107286
 20
80.717136
 40
0.000000
 41
0.000000
 42
0.000000
  0
VERTEX
  8
PIN_TOP
 10
77.757274
 20
80.717136
 40
0.000000
 41
0.000000
 42
0.000000
  0
VERTEX
  8
PIN_TOP
 10
77.757274
 20
81.417160
 40
0.000000
 41
0.000000
 42
0.000000
  0
SEQEND
  0
POLYLINE
  8
PIN_TOP
 66
1
 70
1
 40
0.000000
 41
0.000000
 39
0.000000
  0
VERTEX
  8
PIN_TOP
 10
78.757526
 20
81.417160
 40
0.000000
 41
0.000000
 42
0.000000
  0
VERTEX
  8
PIN_TOP
 10
78.757526
 20
80.717136
 40
0.000000
 41
0.000000
 42
0.000000
  0
VERTEX
  8
PIN_TOP
 10
78.407514
 20
80.717136
 40
0.000000
 41
0.000000
 42
0.000000
  0
VERTEX
  8
PIN_TOP
 10
78.407514
 20
81.417160
 40
0.000000
 41
0.000000
 42
0.000000
  0
SEQEND
  0
POLYLINE
  8
PG_NEW-SILK-TOP
 66
1
 70
0
 40
0.000000
 41
0.000000
 39
0.000000
  0
VERTEX
  8
PG_NEW-SILK-TOP
 10
79.007462
 20
79.267304
 40
0.127000
 41
0.127000
 42
0.000000
  0
VERTEX
  8
PG_NEW-SILK-TOP
 10
77.507338
 20
79.267304
 40
0.127000
 41
0.127000
 42
0.000000
  0
VERTEX
  8
PG_NEW-SILK-TOP
 10
77.507338
 20
81.667096
 40
0.127000
 41
0.127000
 42
0.000000
  0
VERTEX
  8
PG_NEW-SILK-TOP
 10
79.007462
 20
81.667096
 40
0.127000
 41
0.127000
 42
0.000000
  0
VERTEX
  8
PG_NEW-SILK-TOP
 10
79.007462
 20
79.267304
 40
0.127000
 41
0.127000
 42
0.000000
  0
SEQEND
  0
POLYLINE
  8
PIN_TOP
 66
1
 70
1
 40
0.000000
 41
0.000000
 39
0.000000
  0
VERTEX
  8
PIN_TOP
 10
70.855586
 20
60.231147
 40
0.000000
 41
0.000000
 42
0.000000
  0
VERTEX
  8
PIN_TOP
 10
71.525638
 20
60.231147
 40
0.000000
 41
0.000000
 42
0.000000
  0
VERTEX
  8
PIN_TOP
 10
71.525638
 20
60.031249
 40
0.000000
 41
0.000000
 42
0.000000
  0
VERTEX
  8
PIN_TOP
 10
70.855586
 20
60.031249
 40
0.000000
 41
0.000000
 42
0.000000
  0
SEQEND
  0
POLYLINE
  8
PIN_TOP
 66
1
 70
1
 40
0.000000
 41
0.000000
 39
0.000000
  0
VERTEX
  8
PIN_TOP
 10
70.855586
 20
59.731021
 40
0.000000
 41
0.000000
 42
0.000000
  0
VERTEX
  8
PIN_TOP
 10
71.525638
 20
59.731021
 40
0.000000
 41
0.000000
 42
0.000000
  0
VERTEX
  8
PIN_TOP
 10
71.525638
 20
59.531123
 40
0.000000
 41
0.000000
 42
0.000000
  0
VERTEX
  8
PIN_TOP
 10
70.855586
 20
59.531123
 40
0.000000
 41
0.000000
 42
0.000000
  0
SEQEND
  0
POLYLINE
  8
PIN_TOP
 66
1
 70
1
 40
0.000000
 41
0.000000
 39
0.000000
  0
VERTEX
  8
PIN_TOP
 10
70.852919
 20
59.331225
 40
0.000000
 41
0.000000
 42
0.000000
  0
VERTEX
  8
PIN_TOP
 10
71.627873
 20
59.331225
 40
0.000000
 41
0.000000
 42
0.000000
  0
VERTEX
  8
PIN_TOP
 10
71.627873
 20
58.931175
 40
0.000000
 41
0.000000
 42
0.000000
  0
VERTEX
  8
PIN_TOP
 10
70.852919
 20
58.931175
 40
0.000000
 41
0.000000
 42
0.000000
  0
SEQEND
  0
POLYLINE
  8
PIN_TOP
 66
1
 70
1
 40
0.000000
 41
0.000000
 39
0.000000
  0
VERTEX
  8
PIN_TOP
 10
70.855586
 20
58.731277
 40
0.000000
 41
0.000000
 42
0.000000
  0
VERTEX
  8
PIN_TOP
 10
71.525638
 20
58.731277
 40
0.000000
 41
0.000000
 42
0.000000
  0
VERTEX
  8
PIN_TOP
 10
71.525638
 20
58.531379
 40
0.000000
 41
0.000000
 42
0.000000
  0
VERTEX
  8
PIN_TOP
 10
70.855586
 20
58.531379
 40
0.000000
 41
0.000000
 42
0.000000
  0
SEQEND
  0
POLYLINE
  8
PIN_TOP
 66
1
 70
1
 40
0.000000
 41
0.000000
 39
0.000000
  0
VERTEX
  8
PIN_TOP
 10
70.855586
 20
58.231151
 40
0.000000
 41
0.000000
 42
0.000000
  0
VERTEX
  8
PIN_TOP
 10
71.525638
 20
58.231151
 40
0.000000
 41
0.000000
 42
0.000000
  0
VERTEX
  8
PIN_TOP
 10
71.525638
 20
58.031253
 40
0.000000
 41
0.000000
 42
0.000000
  0
VERTEX
  8
PIN_TOP
 10
70.855586
 20
58.031253
 40
0.000000
 41
0.000000
 42
0.000000
  0
SEQEND
  0
POLYLINE
  8
PIN_TOP
 66
1
 70
1
 40
0.000000
 41
0.000000
 39
0.000000
  0
VERTEX
  8
PIN_TOP
 10
71.730362
 20
58.231151
 40
0.000000
 41
0.000000
 42
0.000000
  0
VERTEX
  8
PIN_TOP
 10
72.400414
 20
58.231151
 40
0.000000
 41
0.000000
 42
0.000000
  0
VERTEX
  8
PIN_TOP
 10
72.400414
 20
58.031253
 40
0.000000
 41
0.000000
 42
0.000000
  0
VERTEX
  8
PIN_TOP
 10
71.730362
 20
58.031253
 40
0.000000
 41
0.000000
 42
0.000000
  0
SEQEND
  0
POLYLINE
  8
PIN_TOP
 66
1
 70
1
 40
0.000000
 41
0.000000
 39
0.000000
  0
VERTEX
  8
PIN_TOP
 10
71.730362
 20
58.731277
 40
0.000000
 41
0.000000
 42
0.000000
  0
VERTEX
  8
PIN_TOP
 10
72.400414
 20
58.731277
 40
0.000000
 41
0.000000
 42
0.000000
  0
VERTEX
  8
PIN_TOP
 10
72.400414
 20
58.531379
 40
0.000000
 41
0.000000
 42
0.000000
  0
VERTEX
  8
PIN_TOP
 10
71.730362
 20
58.531379
 40
0.000000
 41
0.000000
 42
0.000000
  0
SEQEND
  0
POLYLINE
  8
PIN_TOP
 66
1
 70
1
 40
0.000000
 41
0.000000
 39
0.000000
  0
VERTEX
  8
PIN_TOP
 10
71.628127
 20
59.331225
 40
0.000000
 41
0.000000
 42
0.000000
  0
VERTEX
  8
PIN_TOP
 10
72.403081
 20
59.331225
 40
0.000000
 41
0.000000
 42
0.000000
  0
VERTEX
  8
PIN_TOP
 10
72.403081
 20
58.931175
 40
0.000000
 41
0.000000
 42
0.000000
  0
VERTEX
  8
PIN_TOP
 10
71.628127
 20
58.931175
 40
0.000000
 41
0.000000
 42
0.000000
  0
SEQEND
  0
POLYLINE
  8
PIN_TOP
 66
1
 70
1
 40
0.000000
 41
0.000000
 39
0.000000
  0
VERTEX
  8
PIN_TOP
 10
71.730362
 20
59.731021
 40
0.000000
 41
0.000000
 42
0.000000
  0
VERTEX
  8
PIN_TOP
 10
72.400414
 20
59.731021
 40
0.000000
 41
0.000000
 42
0.000000
  0
VERTEX
  8
PIN_TOP
 10
72.400414
 20
59.531123
 40
0.000000
 41
0.000000
 42
0.000000
  0
VERTEX
  8
PIN_TOP
 10
71.730362
 20
59.531123
 40
0.000000
 41
0.000000
 42
0.000000
  0
SEQEND
  0
POLYLINE
  8
PIN_TOP
 66
1
 70
1
 40
0.000000
 41
0.000000
 39
0.000000
  0
VERTEX
  8
PIN_TOP
 10
71.730362
 20
60.231147
 40
0.000000
 41
0.000000
 42
0.000000
  0
VERTEX
  8
PIN_TOP
 10
72.400414
 20
60.231147
 40
0.000000
 41
0.000000
 42
0.000000
  0
VERTEX
  8
PIN_TOP
 10
72.400414
 20
60.031249
 40
0.000000
 41
0.000000
 42
0.000000
  0
VERTEX
  8
PIN_TOP
 10
71.730362
 20
60.031249
 40
0.000000
 41
0.000000
 42
0.000000
  0
SEQEND
  0
POLYLINE
  8
PG_NEW-SILK-TOP
 66
1
 70
0
 40
0.000000
 41
0.000000
 39
0.000000
  0
VERTEX
  8
PG_NEW-SILK-TOP
 10
72.128126
 20
60.381134
 40
0.127000
 41
0.127000
 42
0.000000
  0
VERTEX
  8
PG_NEW-SILK-TOP
 10
71.128128
 20
60.381134
 40
0.127000
 41
0.127000
 42
0.000000
  0
SEQEND
  0
POLYLINE
  8
PG_NEW-SILK-TOP
 66
1
 70
0
 40
0.000000
 41
0.000000
 39
0.000000
  0
VERTEX
  8
PG_NEW-SILK-TOP
 10
72.128126
 20
57.881266
 40
0.127000
 41
0.127000
 42
0.000000
  0
VERTEX
  8
PG_NEW-SILK-TOP
 10
71.128128
 20
57.881266
 40
0.127000
 41
0.127000
 42
0.000000
  0
SEQEND
  0
POLYLINE
  8
PIN_TOP
 66
1
 70
1
 40
0.000000
 41
0.000000
 39
0.000000
  0
VERTEX
  8
PIN_TOP
 10
70.550786
 20
57.487947
 40
0.000000
 41
0.000000
 42
0.000000
  0
VERTEX
  8
PIN_TOP
 10
71.220838
 20
57.487947
 40
0.000000
 41
0.000000
 42
0.000000
  0
VERTEX
  8
PIN_TOP
 10
71.220838
 20
57.288049
 40
0.000000
 41
0.000000
 42
0.000000
  0
VERTEX
  8
PIN_TOP
 10
70.550786
 20
57.288049
 40
0.000000
 41
0.000000
 42
0.000000
  0
SEQEND
  0
POLYLINE
  8
PIN_TOP
 66
1
 70
1
 40
0.000000
 41
0.000000
 39
0.000000
  0
VERTEX
  8
PIN_TOP
 10
70.550786
 20
56.987821
 40
0.000000
 41
0.000000
 42
0.000000
  0
VERTEX
  8
PIN_TOP
 10
71.220838
 20
56.987821
 40
0.000000
 41
0.000000
 42
0.000000
  0
VERTEX
  8
PIN_TOP
 10
71.220838
 20
56.787923
 40
0.000000
 41
0.000000
 42
0.000000
  0
VERTEX
  8
PIN_TOP
 10
70.550786
 20
56.787923
 40
0.000000
 41
0.000000
 42
0.000000
  0
SEQEND
  0
POLYLINE
  8
PIN_TOP
 66
1
 70
1
 40
0.000000
 41
0.000000
 39
0.000000
  0
VERTEX
  8
PIN_TOP
 10
70.548119
 20
56.588025
 40
0.000000
 41
0.000000
 42
0.000000
  0
VERTEX
  8
PIN_TOP
 10
71.323073
 20
56.588025
 40
0.000000
 41
0.000000
 42
0.000000
  0
VERTEX
  8
PIN_TOP
 10
71.323073
 20
56.187975
 40
0.000000
 41
0.000000
 42
0.000000
  0
VERTEX
  8
PIN_TOP
 10
70.548119
 20
56.187975
 40
0.000000
 41
0.000000
 42
0.000000
  0
SEQEND
  0
POLYLINE
  8
PIN_TOP
 66
1
 70
1
 40
0.000000
 41
0.000000
 39
0.000000
  0
VERTEX
  8
PIN_TOP
 10
70.550786
 20
55.988077
 40
0.000000
 41
0.000000
 42
0.000000
  0
VERTEX
  8
PIN_TOP
 10
71.220838
 20
55.988077
 40
0.000000
 41
0.000000
 42
0.000000
  0
VERTEX
  8
PIN_TOP
 10
71.220838
 20
55.788179
 40
0.000000
 41
0.000000
 42
0.000000
  0
VERTEX
  8
PIN_TOP
 10
70.550786
 20
55.788179
 40
0.000000
 41
0.000000
 42
0.000000
  0
SEQEND
  0
POLYLINE
  8
PIN_TOP
 66
1
 70
1
 40
0.000000
 41
0.000000
 39
0.000000
  0
VERTEX
  8
PIN_TOP
 10
70.550786
 20
55.487951
 40
0.000000
 41
0.000000
 42
0.000000
  0
VERTEX
  8
PIN_TOP
 10
71.220838
 20
55.487951
 40
0.000000
 41
0.000000
 42
0.000000
  0
VERTEX
  8
PIN_TOP
 10
71.220838
 20
55.288053
 40
0.000000
 41
0.000000
 42
0.000000
  0
VERTEX
  8
PIN_TOP
 10
70.550786
 20
55.288053
 40
0.000000
 41
0.000000
 42
0.000000
  0
SEQEND
  0
POLYLINE
  8
PIN_TOP
 66
1
 70
1
 40
0.000000
 41
0.000000
 39
0.000000
  0
VERTEX
  8
PIN_TOP
 10
71.425562
 20
55.487951
 40
0.000000
 41
0.000000
 42
0.000000
  0
VERTEX
  8
PIN_TOP
 10
72.095614
 20
55.487951
 40
0.000000
 41
0.000000
 42
0.000000
  0
VERTEX
  8
PIN_TOP
 10
72.095614
 20
55.288053
 40
0.000000
 41
0.000000
 42
0.000000
  0
VERTEX
  8
PIN_TOP
 10
71.425562
 20
55.288053
 40
0.000000
 41
0.000000
 42
0.000000
  0
SEQEND
  0
POLYLINE
  8
PIN_TOP
 66
1
 70
1
 40
0.000000
 41
0.000000
 39
0.000000
  0
VERTEX
  8
PIN_TOP
 10
71.425562
 20
55.988077
 40
0.000000
 41
0.000000
 42
0.000000
  0
VERTEX
  8
PIN_TOP
 10
72.095614
 20
55.988077
 40
0.000000
 41
0.000000
 42
0.000000
  0
VERTEX
  8
PIN_TOP
 10
72.095614
 20
55.788179
 40
0.000000
 41
0.000000
 42
0.000000
  0
VERTEX
  8
PIN_TOP
 10
71.425562
 20
55.788179
 40
0.000000
 41
0.000000
 42
0.000000
  0
SEQEND
  0
POLYLINE
  8
PIN_TOP
 66
1
 70
1
 40
0.000000
 41
0.000000
 39
0.000000
  0
VERTEX
  8
PIN_TOP
 10
71.323327
 20
56.588025
 40
0.000000
 41
0.000000
 42
0.000000
  0
VERTEX
  8
PIN_TOP
 10
72.098281
 20
56.588025
 40
0.000000
 41
0.000000
 42
0.000000
  0
VERTEX
  8
PIN_TOP
 10
72.098281
 20
56.187975
 40
0.000000
 41
0.000000
 42
0.000000
  0
VERTEX
  8
PIN_TOP
 10
71.323327
 20
56.187975
 40
0.000000
 41
0.000000
 42
0.000000
  0
SEQEND
  0
POLYLINE
  8
PIN_TOP
 66
1
 70
1
 40
0.000000
 41
0.000000
 39
0.000000
  0
VERTEX
  8
PIN_TOP
 10
71.425562
 20
56.987821
 40
0.000000
 41
0.000000
 42
0.000000
  0
VERTEX
  8
PIN_TOP
 10
72.095614
 20
56.987821
 40
0.000000
 41
0.000000
 42
0.000000
  0
VERTEX
  8
PIN_TOP
 10
72.095614
 20
56.787923
 40
0.000000
 41
0.000000
 42
0.000000
  0
VERTEX
  8
PIN_TOP
 10
71.425562
 20
56.787923
 40
0.000000
 41
0.000000
 42
0.000000
  0
SEQEND
  0
POLYLINE
  8
PIN_TOP
 66
1
 70
1
 40
0.000000
 41
0.000000
 39
0.000000
  0
VERTEX
  8
PIN_TOP
 10
71.425562
 20
57.487947
 40
0.000000
 41
0.000000
 42
0.000000
  0
VERTEX
  8
PIN_TOP
 10
72.095614
 20
57.487947
 40
0.000000
 41
0.000000
 42
0.000000
  0
VERTEX
  8
PIN_TOP
 10
72.095614
 20
57.288049
 40
0.000000
 41
0.000000
 42
0.000000
  0
VERTEX
  8
PIN_TOP
 10
71.425562
 20
57.288049
 40
0.000000
 41
0.000000
 42
0.000000
  0
SEQEND
  0
POLYLINE
  8
PG_NEW-SILK-TOP
 66
1
 70
0
 40
0.000000
 41
0.000000
 39
0.000000
  0
VERTEX
  8
PG_NEW-SILK-TOP
 10
71.823326
 20
57.637934
 40
0.127000
 41
0.127000
 42
0.000000
  0
VERTEX
  8
PG_NEW-SILK-TOP
 10
70.823328
 20
57.637934
 40
0.127000
 41
0.127000
 42
0.000000
  0
SEQEND
  0
POLYLINE
  8
PG_NEW-SILK-TOP
 66
1
 70
0
 40
0.000000
 41
0.000000
 39
0.000000
  0
VERTEX
  8
PG_NEW-SILK-TOP
 10
71.823326
 20
55.138066
 40
0.127000
 41
0.127000
 42
0.000000
  0
VERTEX
  8
PG_NEW-SILK-TOP
 10
70.823328
 20
55.138066
 40
0.127000
 41
0.127000
 42
0.000000
  0
SEQEND
  0
POLYLINE
  8
PIN_TOP
 66
1
 70
1
 40
0.000000
 41
0.000000
 39
0.000000
  0
VERTEX
  8
PIN_TOP
 10
74.126598
 20
97.866327
 40
0.000000
 41
0.000000
 42
0.000000
  0
VERTEX
  8
PIN_TOP
 10
72.826626
 20
97.866327
 40
0.000000
 41
0.000000
 42
0.000000
  0
VERTEX
  8
PIN_TOP
 10
72.826626
 20
98.166301
 40
0.000000
 41
0.000000
 42
0.000000
  0
VERTEX
  8
PIN_TOP
 10
74.126598
 20
98.166301
 40
0.000000
 41
0.000000
 42
0.000000
  0
SEQEND
  0
POLYLINE
  8
PIN_TOP
 66
1
 70
1
 40
0.000000
 41
0.000000
 39
0.000000
  0
VERTEX
  8
PIN_TOP
 10
74.126598
 20
100.866575
 40
0.000000
 41
0.000000
 42
0.000000
  0
VERTEX
  8
PIN_TOP
 10
72.826626
 20
100.866575
 40
0.000000
 41
0.000000
 42
0.000000
  0
VERTEX
  8
PIN_TOP
 10
72.826626
 20
101.166549
 40
0.000000
 41
0.000000
 42
0.000000
  0
VERTEX
  8
PIN_TOP
 10
74.126598
 20
101.166549
 40
0.000000
 41
0.000000
 42
0.000000
  0
SEQEND
  0
POLYLINE
  8
PIN_TOP
 66
1
 70
1
 40
0.000000
 41
0.000000
 39
0.000000
  0
VERTEX
  8
PIN_TOP
 10
74.126598
 20
99.366451
 40
0.000000
 41
0.000000
 42
0.000000
  0
VERTEX
  8
PIN_TOP
 10
72.826626
 20
99.366451
 40
0.000000
 41
0.000000
 42
0.000000
  0
VERTEX
  8
PIN_TOP
 10
72.826626
 20
99.666425
 40
0.000000
 41
0.000000
 42
0.000000
  0
VERTEX
  8
PIN_TOP
 10
74.126598
 20
99.666425
 40
0.000000
 41
0.000000
 42
0.000000
  0
SEQEND
  0
POLYLINE
  8
PIN_TOP
 66
1
 70
1
 40
0.000000
 41
0.000000
 39
0.000000
  0
VERTEX
  8
PIN_TOP
 10
74.126598
 20
98.366453
 40
0.000000
 41
0.000000
 42
0.000000
  0
VERTEX
  8
PIN_TOP
 10
72.826626
 20
98.366453
 40
0.000000
 41
0.000000
 42
0.000000
  0
VERTEX
  8
PIN_TOP
 10
72.826626
 20
98.666427
 40
0.000000
 41
0.000000
 42
0.000000
  0
VERTEX
  8
PIN_TOP
 10
74.126598
 20
98.666427
 40
0.000000
 41
0.000000
 42
0.000000
  0
SEQEND
  0
POLYLINE
  8
PIN_TOP
 66
1
 70
1
 40
0.000000
 41
0.000000
 39
0.000000
  0
VERTEX
  8
PIN_TOP
 10
74.126598
 20
98.866325
 40
0.000000
 41
0.000000
 42
0.000000
  0
VERTEX
  8
PIN_TOP
 10
72.826626
 20
98.866325
 40
0.000000
 41
0.000000
 42
0.000000
  0
VERTEX
  8
PIN_TOP
 10
72.826626
 20
99.166299
 40
0.000000
 41
0.000000
 42
0.000000
  0
VERTEX
  8
PIN_TOP
 10
74.126598
 20
99.166299
 40
0.000000
 41
0.000000
 42
0.000000
  0
SEQEND
  0
POLYLINE
  8
PIN_TOP
 66
1
 70
1
 40
0.000000
 41
0.000000
 39
0.000000
  0
VERTEX
  8
PIN_TOP
 10
74.126598
 20
99.866577
 40
0.000000
 41
0.000000
 42
0.000000
  0
VERTEX
  8
PIN_TOP
 10
72.826626
 20
99.866577
 40
0.000000
 41
0.000000
 42
0.000000
  0
VERTEX
  8
PIN_TOP
 10
72.826626
 20
100.166551
 40
0.000000
 41
0.000000
 42
0.000000
  0
VERTEX
  8
PIN_TOP
 10
74.126598
 20
100.166551
 40
0.000000
 41
0.000000
 42
0.000000
  0
SEQEND
  0
POLYLINE
  8
PIN_TOP
 66
1
 70
1
 40
0.000000
 41
0.000000
 39
0.000000
  0
VERTEX
  8
PIN_TOP
 10
74.126598
 20
102.166420
 40
0.000000
 41
0.000000
 42
0.000000
  0
VERTEX
  8
PIN_TOP
 10
72.826626
 20
102.166420
 40
0.000000
 41
0.000000
 42
0.000000
  0
VERTEX
  8
PIN_TOP
 10
72.826626
 20
102.766368
 40
0.000000
 41
0.000000
 42
0.000000
  0
VERTEX
  8
PIN_TOP
 10
74.126598
 20
102.766368
 40
0.000000
 41
0.000000
 42
0.000000
  0
SEQEND
  0
POLYLINE
  8
PIN_TOP
 66
1
 70
1
 40
0.000000
 41
0.000000
 39
0.000000
  0
VERTEX
  8
PIN_TOP
 10
74.126598
 20
95.766382
 40
0.000000
 41
0.000000
 42
0.000000
  0
VERTEX
  8
PIN_TOP
 10
72.826626
 20
95.766382
 40
0.000000
 41
0.000000
 42
0.000000
  0
VERTEX
  8
PIN_TOP
 10
72.826626
 20
96.366330
 40
0.000000
 41
0.000000
 42
0.000000
  0
VERTEX
  8
PIN_TOP
 10
74.126598
 20
96.366330
 40
0.000000
 41
0.000000
 42
0.000000
  0
SEQEND
  0
POLYLINE
  8
PIN_TOP
 66
1
 70
1
 40
0.000000
 41
0.000000
 39
0.000000
  0
VERTEX
  8
PIN_TOP
 10
73.576561
 20
95.468567
 40
0.000000
 41
0.000000
 42
0.000000
  0
VERTEX
  8
PIN_TOP
 10
74.676635
 20
95.468567
 40
0.000000
 41
0.000000
 42
-1.000000
  0
VERTEX
  8
PIN_TOP
 10
74.676635
 20
94.468569
 40
0.000000
 41
0.000000
 42
0.000000
  0
VERTEX
  8
PIN_TOP
 10
73.576561
 20
94.468569
 40
0.000000
 41
0.000000
 42
-1.000000
  0
SEQEND
  0
POLYLINE
  8
PIN_TOP
 66
1
 70
1
 40
0.000000
 41
0.000000
 39
0.000000
  0
VERTEX
  8
PIN_TOP
 10
73.576561
 20
104.108631
 40
0.000000
 41
0.000000
 42
0.000000
  0
VERTEX
  8
PIN_TOP
 10
74.676635
 20
104.108631
 40
0.000000
 41
0.000000
 42
-1.000000
  0
VERTEX
  8
PIN_TOP
 10
74.676635
 20
103.108633
 40
0.000000
 41
0.000000
 42
0.000000
  0
VERTEX
  8
PIN_TOP
 10
73.576561
 20
103.108633
 40
0.000000
 41
0.000000
 42
-1.000000
  0
SEQEND
  0
POLYLINE
  8
PIN_TOP
 66
1
 70
1
 40
0.000000
 41
0.000000
 39
0.000000
  0
VERTEX
  8
PIN_TOP
 10
77.906626
 20
95.468567
 40
0.000000
 41
0.000000
 42
0.000000
  0
VERTEX
  8
PIN_TOP
 10
78.706726
 20
95.468567
 40
0.000000
 41
0.000000
 42
-1.000000
  0
VERTEX
  8
PIN_TOP
 10
78.706726
 20
94.468569
 40
0.000000
 41
0.000000
 42
0.000000
  0
VERTEX
  8
PIN_TOP
 10
77.906626
 20
94.468569
 40
0.000000
 41
0.000000
 42
-1.000000
  0
SEQEND
  0
POLYLINE
  8
PIN_TOP
 66
1
 70
1
 40
0.000000
 41
0.000000
 39
0.000000
  0
VERTEX
  8
PIN_TOP
 10
77.906626
 20
104.108631
 40
0.000000
 41
0.000000
 42
0.000000
  0
VERTEX
  8
PIN_TOP
 10
78.706726
 20
104.108631
 40
0.000000
 41
0.000000
 42
-1.000000
  0
VERTEX
  8
PIN_TOP
 10
78.706726
 20
103.108633
 40
0.000000
 41
0.000000
 42
0.000000
  0
VERTEX
  8
PIN_TOP
 10
77.906626
 20
103.108633
 40
0.000000
 41
0.000000
 42
-1.000000
  0
SEQEND
  0
POLYLINE
  8
PIN_TOP
 66
1
 70
1
 40
0.000000
 41
0.000000
 39
0.000000
  0
VERTEX
  8
PIN_TOP
 10
74.126598
 20
100.366449
 40
0.000000
 41
0.000000
 42
0.000000
  0
VERTEX
  8
PIN_TOP
 10
72.826626
 20
100.366449
 40
0.000000
 41
0.000000
 42
0.000000
  0
VERTEX
  8
PIN_TOP
 10
72.826626
 20
100.666423
 40
0.000000
 41
0.000000
 42
0.000000
  0
VERTEX
  8
PIN_TOP
 10
74.126598
 20
100.666423
 40
0.000000
 41
0.000000
 42
0.000000
  0
SEQEND
  0
POLYLINE
  8
PIN_TOP
 66
1
 70
1
 40
0.000000
 41
0.000000
 39
0.000000
  0
VERTEX
  8
PIN_TOP
 10
74.126598
 20
97.366455
 40
0.000000
 41
0.000000
 42
0.000000
  0
VERTEX
  8
PIN_TOP
 10
72.826626
 20
97.366455
 40
0.000000
 41
0.000000
 42
0.000000
  0
VERTEX
  8
PIN_TOP
 10
72.826626
 20
97.666429
 40
0.000000
 41
0.000000
 42
0.000000
  0
VERTEX
  8
PIN_TOP
 10
74.126598
 20
97.666429
 40
0.000000
 41
0.000000
 42
0.000000
  0
SEQEND
  0
POLYLINE
  8
PIN_TOP
 66
1
 70
1
 40
0.000000
 41
0.000000
 39
0.000000
  0
VERTEX
  8
PIN_TOP
 10
74.126598
 20
96.566482
 40
0.000000
 41
0.000000
 42
0.000000
  0
VERTEX
  8
PIN_TOP
 10
72.826626
 20
96.566482
 40
0.000000
 41
0.000000
 42
0.000000
  0
VERTEX
  8
PIN_TOP
 10
72.826626
 20
97.166430
 40
0.000000
 41
0.000000
 42
0.000000
  0
VERTEX
  8
PIN_TOP
 10
74.126598
 20
97.166430
 40
0.000000
 41
0.000000
 42
0.000000
  0
SEQEND
  0
POLYLINE
  8
PIN_TOP
 66
1
 70
1
 40
0.000000
 41
0.000000
 39
0.000000
  0
VERTEX
  8
PIN_TOP
 10
74.126598
 20
101.366574
 40
0.000000
 41
0.000000
 42
0.000000
  0
VERTEX
  8
PIN_TOP
 10
72.826626
 20
101.366574
 40
0.000000
 41
0.000000
 42
0.000000
  0
VERTEX
  8
PIN_TOP
 10
72.826626
 20
101.966522
 40
0.000000
 41
0.000000
 42
0.000000
  0
VERTEX
  8
PIN_TOP
 10
74.126598
 20
101.966522
 40
0.000000
 41
0.000000
 42
0.000000
  0
SEQEND
  0
CIRCLE
  8
PIN_TOP
 10
74.656696
 20
102.156514
 40
0.324993
  0
CIRCLE
  8
PIN_TOP
 10
74.656696
 20
96.376490
 40
0.324993
  0
POLYLINE
  8
PG_NEW-SILK-TOP
 66
1
 70
0
 40
0.000000
 41
0.000000
 39
0.000000
  0
VERTEX
  8
PG_NEW-SILK-TOP
 10
77.214730
 20
103.838502
 40
0.150114
 41
0.150114
 42
0.000000
  0
VERTEX
  8
PG_NEW-SILK-TOP
 10
75.318620
 20
103.838502
 40
0.150114
 41
0.150114
 42
0.000000
  0
SEQEND
  0
POLYLINE
  8
PG_NEW-SILK-TOP
 66
1
 70
0
 40
0.000000
 41
0.000000
 39
0.000000
  0
VERTEX
  8
PG_NEW-SILK-TOP
 10
75.318620
 20
94.694502
 40
0.150114
 41
0.150114
 42
0.000000
  0
VERTEX
  8
PG_NEW-SILK-TOP
 10
77.214730
 20
94.694502
 40
0.150114
 41
0.150114
 42
0.000000
  0
SEQEND
  0
POLYLINE
  8
PG_NEW-SILK-TOP
 66
1
 70
0
 40
0.000000
 41
0.000000
 39
0.000000
  0
VERTEX
  8
PG_NEW-SILK-TOP
 10
79.398622
 20
94.694502
 40
0.150114
 41
0.150114
 42
0.000000
  0
VERTEX
  8
PG_NEW-SILK-TOP
 10
80.971644
 20
94.694502
 40
0.150114
 41
0.150114
 42
0.000000
  0
VERTEX
  8
PG_NEW-SILK-TOP
 10
80.971644
 20
103.838502
 40
0.150114
 41
0.150114
 42
0.000000
  0
VERTEX
  8
PG_NEW-SILK-TOP
 10
79.398622
 20
103.838502
 40
0.150114
 41
0.150114
 42
0.000000
  0
SEQEND
  0
POLYLINE
  8
PIN_TOP
 66
1
 70
1
 40
0.000000
 41
0.000000
 39
0.000000
  0
VERTEX
  8
PIN_TOP
 10
75.781154
 20
63.683896
 40
0.000000
 41
0.000000
 42
0.000000
  0
VERTEX
  8
PIN_TOP
 10
76.390754
 20
63.683896
 40
0.000000
 41
0.000000
 42
0.000000
  0
VERTEX
  8
PIN_TOP
 10
76.390754
 20
63.125096
 40
0.000000
 41
0.000000
 42
0.000000
  0
VERTEX
  8
PIN_TOP
 10
75.781154
 20
63.125096
 40
0.000000
 41
0.000000
 42
0.000000
  0
SEQEND
  0
POLYLINE
  8
PIN_TOP
 66
1
 70
1
 40
0.000000
 41
0.000000
 39
0.000000
  0
VERTEX
  8
PIN_TOP
 10
75.781154
 20
62.834012
 40
0.000000
 41
0.000000
 42
0.000000
  0
VERTEX
  8
PIN_TOP
 10
76.390754
 20
62.834012
 40
0.000000
 41
0.000000
 42
0.000000
  0
VERTEX
  8
PIN_TOP
 10
76.390754
 20
62.275212
 40
0.000000
 41
0.000000
 42
0.000000
  0
VERTEX
  8
PIN_TOP
 10
75.781154
 20
62.275212
 40
0.000000
 41
0.000000
 42
0.000000
  0
SEQEND
  0
POLYLINE
  8
PG_NEW-SILK-TOP
 66
1
 70
0
 40
0.000000
 41
0.000000
 39
0.000000
  0
VERTEX
  8
PG_NEW-SILK-TOP
 10
75.685904
 20
63.779654
 40
0.050800
 41
0.050800
 42
0.000000
  0
VERTEX
  8
PG_NEW-SILK-TOP
 10
76.486004
 20
63.779654
 40
0.050800
 41
0.050800
 42
0.000000
  0
VERTEX
  8
PG_NEW-SILK-TOP
 10
76.486004
 20
62.179454
 40
0.050800
 41
0.050800
 42
0.000000
  0
VERTEX
  8
PG_NEW-SILK-TOP
 10
75.685904
 20
62.179454
 40
0.050800
 41
0.050800
 42
0.000000
  0
VERTEX
  8
PG_NEW-SILK-TOP
 10
75.685904
 20
63.779654
 40
0.050800
 41
0.050800
 42
0.000000
  0
SEQEND
  0
POLYLINE
  8
PIN_TOP
 66
1
 70
1
 40
0.000000
 41
0.000000
 39
0.000000
  0
VERTEX
  8
PIN_TOP
 10
72.961246
 20
61.538104
 40
0.000000
 41
0.000000
 42
0.000000
  0
VERTEX
  8
PIN_TOP
 10
72.351646
 20
61.538104
 40
0.000000
 41
0.000000
 42
0.000000
  0
VERTEX
  8
PIN_TOP
 10
72.351646
 20
62.096904
 40
0.000000
 41
0.000000
 42
0.000000
  0
VERTEX
  8
PIN_TOP
 10
72.961246
 20
62.096904
 40
0.000000
 41
0.000000
 42
0.000000
  0
SEQEND
  0
POLYLINE
  8
PIN_TOP
 66
1
 70
1
 40
0.000000
 41
0.000000
 39
0.000000
  0
VERTEX
  8
PIN_TOP
 10
72.961246
 20
62.387988
 40
0.000000
 41
0.000000
 42
0.000000
  0
VERTEX
  8
PIN_TOP
 10
72.351646
 20
62.387988
 40
0.000000
 41
0.000000
 42
0.000000
  0
VERTEX
  8
PIN_TOP
 10
72.351646
 20
62.946788
 40
0.000000
 41
0.000000
 42
0.000000
  0
VERTEX
  8
PIN_TOP
 10
72.961246
 20
62.946788
 40
0.000000
 41
0.000000
 42
0.000000
  0
SEQEND
  0
POLYLINE
  8
PG_NEW-SILK-TOP
 66
1
 70
0
 40
0.000000
 41
0.000000
 39
0.000000
  0
VERTEX
  8
PG_NEW-SILK-TOP
 10
73.056496
 20
61.442346
 40
0.050800
 41
0.050800
 42
0.000000
  0
VERTEX
  8
PG_NEW-SILK-TOP
 10
72.256396
 20
61.442346
 40
0.050800
 41
0.050800
 42
0.000000
  0
VERTEX
  8
PG_NEW-SILK-TOP
 10
72.256396
 20
63.042546
 40
0.050800
 41
0.050800
 42
0.000000
  0
VERTEX
  8
PG_NEW-SILK-TOP
 10
73.056496
 20
63.042546
 40
0.050800
 41
0.050800
 42
0.000000
  0
VERTEX
  8
PG_NEW-SILK-TOP
 10
73.056496
 20
61.442346
 40
0.050800
 41
0.050800
 42
0.000000
  0
SEQEND
  0
POLYLINE
  8
PIN_TOP
 66
1
 70
1
 40
0.000000
 41
0.000000
 39
0.000000
  0
VERTEX
  8
PIN_TOP
 10
57.689496
 20
65.544446
 40
0.000000
 41
0.000000
 42
0.000000
  0
VERTEX
  8
PIN_TOP
 10
57.689496
 20
64.934846
 40
0.000000
 41
0.000000
 42
0.000000
  0
VERTEX
  8
PIN_TOP
 10
57.130696
 20
64.934846
 40
0.000000
 41
0.000000
 42
0.000000
  0
VERTEX
  8
PIN_TOP
 10
57.130696
 20
65.544446
 40
0.000000
 41
0.000000
 42
0.000000
  0
SEQEND
  0
POLYLINE
  8
PIN_TOP
 66
1
 70
1
 40
0.000000
 41
0.000000
 39
0.000000
  0
VERTEX
  8
PIN_TOP
 10
56.839612
 20
65.544446
 40
0.000000
 41
0.000000
 42
0.000000
  0
VERTEX
  8
PIN_TOP
 10
56.839612
 20
64.934846
 40
0.000000
 41
0.000000
 42
0.000000
  0
VERTEX
  8
PIN_TOP
 10
56.280812
 20
64.934846
 40
0.000000
 41
0.000000
 42
0.000000
  0
VERTEX
  8
PIN_TOP
 10
56.280812
 20
65.544446
 40
0.000000
 41
0.000000
 42
0.000000
  0
SEQEND
  0
POLYLINE
  8
PG_NEW-SILK-TOP
 66
1
 70
0
 40
0.000000
 41
0.000000
 39
0.000000
  0
VERTEX
  8
PG_NEW-SILK-TOP
 10
57.785254
 20
65.639696
 40
0.050800
 41
0.050800
 42
0.000000
  0
VERTEX
  8
PG_NEW-SILK-TOP
 10
57.785254
 20
64.839596
 40
0.050800
 41
0.050800
 42
0.000000
  0
VERTEX
  8
PG_NEW-SILK-TOP
 10
56.185054
 20
64.839596
 40
0.050800
 41
0.050800
 42
0.000000
  0
VERTEX
  8
PG_NEW-SILK-TOP
 10
56.185054
 20
65.639696
 40
0.050800
 41
0.050800
 42
0.000000
  0
VERTEX
  8
PG_NEW-SILK-TOP
 10
57.785254
 20
65.639696
 40
0.050800
 41
0.050800
 42
0.000000
  0
SEQEND
  0
POLYLINE
  8
PIN_TOP
 66
1
 70
1
 40
0.000000
 41
0.000000
 39
0.000000
  0
VERTEX
  8
PIN_TOP
 10
57.689496
 20
64.630046
 40
0.000000
 41
0.000000
 42
0.000000
  0
VERTEX
  8
PIN_TOP
 10
57.689496
 20
64.020446
 40
0.000000
 41
0.000000
 42
0.000000
  0
VERTEX
  8
PIN_TOP
 10
57.130696
 20
64.020446
 40
0.000000
 41
0.000000
 42
0.000000
  0
VERTEX
  8
PIN_TOP
 10
57.130696
 20
64.630046
 40
0.000000
 41
0.000000
 42
0.000000
  0
SEQEND
  0
POLYLINE
  8
PIN_TOP
 66
1
 70
1
 40
0.000000
 41
0.000000
 39
0.000000
  0
VERTEX
  8
PIN_TOP
 10
56.839612
 20
64.630046
 40
0.000000
 41
0.000000
 42
0.000000
  0
VERTEX
  8
PIN_TOP
 10
56.839612
 20
64.020446
 40
0.000000
 41
0.000000
 42
0.000000
  0
VERTEX
  8
PIN_TOP
 10
56.280812
 20
64.020446
 40
0.000000
 41
0.000000
 42
0.000000
  0
VERTEX
  8
PIN_TOP
 10
56.280812
 20
64.630046
 40
0.000000
 41
0.000000
 42
0.000000
  0
SEQEND
  0
POLYLINE
  8
PG_NEW-SILK-TOP
 66
1
 70
0
 40
0.000000
 41
0.000000
 39
0.000000
  0
VERTEX
  8
PG_NEW-SILK-TOP
 10
57.785254
 20
64.725296
 40
0.050800
 41
0.050800
 42
0.000000
  0
VERTEX
  8
PG_NEW-SILK-TOP
 10
57.785254
 20
63.925196
 40
0.050800
 41
0.050800
 42
0.000000
  0
VERTEX
  8
PG_NEW-SILK-TOP
 10
56.185054
 20
63.925196
 40
0.050800
 41
0.050800
 42
0.000000
  0
VERTEX
  8
PG_NEW-SILK-TOP
 10
56.185054
 20
64.725296
 40
0.050800
 41
0.050800
 42
0.000000
  0
VERTEX
  8
PG_NEW-SILK-TOP
 10
57.785254
 20
64.725296
 40
0.050800
 41
0.050800
 42
0.000000
  0
SEQEND
  0
POLYLINE
  8
PIN_TOP
 66
1
 70
1
 40
0.000000
 41
0.000000
 39
0.000000
  0
VERTEX
  8
PIN_TOP
 10
72.218296
 20
51.015646
 40
0.000000
 41
0.000000
 42
0.000000
  0
VERTEX
  8
PIN_TOP
 10
72.218296
 20
50.406046
 40
0.000000
 41
0.000000
 42
0.000000
  0
VERTEX
  8
PIN_TOP
 10
71.659496
 20
50.406046
 40
0.000000
 41
0.000000
 42
0.000000
  0
VERTEX
  8
PIN_TOP
 10
71.659496
 20
51.015646
 40
0.000000
 41
0.000000
 42
0.000000
  0
SEQEND
  0
POLYLINE
  8
PIN_TOP
 66
1
 70
1
 40
0.000000
 41
0.000000
 39
0.000000
  0
VERTEX
  8
PIN_TOP
 10
71.368412
 20
51.015646
 40
0.000000
 41
0.000000
 42
0.000000
  0
VERTEX
  8
PIN_TOP
 10
71.368412
 20
50.406046
 40
0.000000
 41
0.000000
 42
0.000000
  0
VERTEX
  8
PIN_TOP
 10
70.809612
 20
50.406046
 40
0.000000
 41
0.000000
 42
0.000000
  0
VERTEX
  8
PIN_TOP
 10
70.809612
 20
51.015646
 40
0.000000
 41
0.000000
 42
0.000000
  0
SEQEND
  0
POLYLINE
  8
PG_NEW-SILK-TOP
 66
1
 70
0
 40
0.000000
 41
0.000000
 39
0.000000
  0
VERTEX
  8
PG_NEW-SILK-TOP
 10
72.314054
 20
51.110896
 40
0.050800
 41
0.050800
 42
0.000000
  0
VERTEX
  8
PG_NEW-SILK-TOP
 10
72.314054
 20
50.310796
 40
0.050800
 41
0.050800
 42
0.000000
  0
VERTEX
  8
PG_NEW-SILK-TOP
 10
70.713854
 20
50.310796
 40
0.050800
 41
0.050800
 42
0.000000
  0
VERTEX
  8
PG_NEW-SILK-TOP
 10
70.713854
 20
51.110896
 40
0.050800
 41
0.050800
 42
0.000000
  0
VERTEX
  8
PG_NEW-SILK-TOP
 10
72.314054
 20
51.110896
 40
0.050800
 41
0.050800
 42
0.000000
  0
SEQEND
  0
POLYLINE
  8
PIN_TOP
 66
1
 70
1
 40
0.000000
 41
0.000000
 39
0.000000
  0
VERTEX
  8
PIN_TOP
 10
62.516004
 20
48.450119
 40
0.000000
 41
0.000000
 42
0.000000
  0
VERTEX
  8
PIN_TOP
 10
63.566040
 20
48.450119
 40
0.000000
 41
0.000000
 42
0.000000
  0
VERTEX
  8
PIN_TOP
 10
63.566040
 20
46.250225
 40
0.000000
 41
0.000000
 42
0.000000
  0
VERTEX
  8
PIN_TOP
 10
62.516004
 20
46.250225
 40
0.000000
 41
0.000000
 42
0.000000
  0
SEQEND
  0
POLYLINE
  8
PIN_TOP
 66
1
 70
1
 40
0.000000
 41
0.000000
 39
0.000000
  0
VERTEX
  8
PIN_TOP
 10
65.465960
 20
48.450119
 40
0.000000
 41
0.000000
 42
0.000000
  0
VERTEX
  8
PIN_TOP
 10
66.515996
 20
48.450119
 40
0.000000
 41
0.000000
 42
0.000000
  0
VERTEX
  8
PIN_TOP
 10
66.515996
 20
46.250225
 40
0.000000
 41
0.000000
 42
0.000000
  0
VERTEX
  8
PIN_TOP
 10
65.465960
 20
46.250225
 40
0.000000
 41
0.000000
 42
0.000000
  0
SEQEND
  0
POLYLINE
  8
PIN_TOP
 66
1
 70
1
 40
0.000000
 41
0.000000
 39
0.000000
  0
VERTEX
  8
PIN_TOP
 10
65.015999
 20
49.400206
 40
0.000000
 41
0.000000
 42
0.000000
  0
VERTEX
  8
PIN_TOP
 10
65.015999
 20
48.350170
 40
0.000000
 41
0.000000
 42
0.000000
  0
VERTEX
  8
PIN_TOP
 10
64.016001
 20
48.350170
 40
0.000000
 41
0.000000
 42
0.000000
  0
VERTEX
  8
PIN_TOP
 10
64.016001
 20
49.400206
 40
0.000000
 41
0.000000
 42
0.000000
  0
SEQEND
  0
POLYLINE
  8
PG_NEW-SILK-TOP
 66
1
 70
0
 40
0.000000
 41
0.000000
 39
0.000000
  0
VERTEX
  8
PG_NEW-SILK-TOP
 10
66.091054
 20
48.550068
 40
0.127000
 41
0.127000
 42
0.000000
  0
VERTEX
  8
PG_NEW-SILK-TOP
 10
66.091054
 20
48.725074
 40
0.127000
 41
0.127000
 42
0.000000
  0
VERTEX
  8
PG_NEW-SILK-TOP
 10
65.115948
 20
48.725074
 40
0.127000
 41
0.127000
 42
0.000000
  0
SEQEND
  0
POLYLINE
  8
PG_NEW-SILK-TOP
 66
1
 70
0
 40
0.000000
 41
0.000000
 39
0.000000
  0
VERTEX
  8
PG_NEW-SILK-TOP
 10
63.916052
 20
48.725074
 40
0.127000
 41
0.127000
 42
0.000000
  0
VERTEX
  8
PG_NEW-SILK-TOP
 10
62.940946
 20
48.725074
 40
0.127000
 41
0.127000
 42
0.000000
  0
VERTEX
  8
PG_NEW-SILK-TOP
 10
62.940946
 20
48.550068
 40
0.127000
 41
0.127000
 42
0.000000
  0
SEQEND
  0
POLYLINE
  8
PG_NEW-SILK-TOP
 66
1
 70
0
 40
0.000000
 41
0.000000
 39
0.000000
  0
VERTEX
  8
PG_NEW-SILK-TOP
 10
62.940946
 20
46.150276
 40
0.127000
 41
0.127000
 42
0.000000
  0
VERTEX
  8
PG_NEW-SILK-TOP
 10
62.940946
 20
45.975270
 40
0.127000
 41
0.127000
 42
0.000000
  0
VERTEX
  8
PG_NEW-SILK-TOP
 10
66.091054
 20
45.975270
 40
0.127000
 41
0.127000
 42
0.000000
  0
VERTEX
  8
PG_NEW-SILK-TOP
 10
66.091054
 20
46.150276
 40
0.127000
 41
0.127000
 42
0.000000
  0
SEQEND
  0
POLYLINE
  8
PIN_TOP
 66
1
 70
1
 40
0.000000
 41
0.000000
 39
0.000000
  0
VERTEX
  8
PIN_TOP
 10
56.302402
 20
99.329748
 40
0.000000
 41
0.000000
 42
0.000000
  0
VERTEX
  8
PIN_TOP
 10
58.302398
 20
99.329748
 40
0.000000
 41
0.000000
 42
0.000000
  0
VERTEX
  8
PIN_TOP
 10
58.302398
 20
98.629724
 40
0.000000
 41
0.000000
 42
0.000000
  0
VERTEX
  8
PIN_TOP
 10
56.302402
 20
98.629724
 40
0.000000
 41
0.000000
 42
0.000000
  0
SEQEND
  0
POLYLINE
  8
PIN_TOP
 66
1
 70
1
 40
0.000000
 41
0.000000
 39
0.000000
  0
VERTEX
  8
PIN_TOP
 10
56.302402
 20
97.229676
 40
0.000000
 41
0.000000
 42
0.000000
  0
VERTEX
  8
PIN_TOP
 10
58.302398
 20
97.229676
 40
0.000000
 41
0.000000
 42
0.000000
  0
VERTEX
  8
PIN_TOP
 10
58.302398
 20
96.529652
 40
0.000000
 41
0.000000
 42
0.000000
  0
VERTEX
  8
PIN_TOP
 10
56.302402
 20
96.529652
 40
0.000000
 41
0.000000
 42
0.000000
  0
SEQEND
  0
POLYLINE
  8
PG_NEW-SILK-TOP
 66
1
 70
0
 40
0.000000
 41
0.000000
 39
0.000000
  0
VERTEX
  8
PG_NEW-SILK-TOP
 10
56.152288
 20
98.514154
 40
0.100076
 41
0.100076
 42
0.000000
  0
VERTEX
  8
PG_NEW-SILK-TOP
 10
56.152288
 20
97.373440
 40
0.100076
 41
0.100076
 42
0.000000
  0
SEQEND
  0
POLYLINE
  8
PG_NEW-SILK-TOP
 66
1
 70
0
 40
0.000000
 41
0.000000
 39
0.000000
  0
VERTEX
  8
PG_NEW-SILK-TOP
 10
58.452512
 20
98.514154
 40
0.100076
 41
0.100076
 42
0.000000
  0
VERTEX
  8
PG_NEW-SILK-TOP
 10
58.452512
 20
97.373440
 40
0.100076
 41
0.100076
 42
0.000000
  0
SEQEND
  0
POLYLINE
  8
PIN_TOP
 66
1
 70
1
 40
0.000000
 41
0.000000
 39
0.000000
  0
VERTEX
  8
PIN_TOP
 10
63.687198
 20
106.410252
 40
0.000000
 41
0.000000
 42
0.000000
  0
VERTEX
  8
PIN_TOP
 10
61.687202
 20
106.410252
 40
0.000000
 41
0.000000
 42
0.000000
  0
VERTEX
  8
PIN_TOP
 10
61.687202
 20
107.110276
 40
0.000000
 41
0.000000
 42
0.000000
  0
VERTEX
  8
PIN_TOP
 10
63.687198
 20
107.110276
 40
0.000000
 41
0.000000
 42
0.000000
  0
SEQEND
  0
POLYLINE
  8
PIN_TOP
 66
1
 70
1
 40
0.000000
 41
0.000000
 39
0.000000
  0
VERTEX
  8
PIN_TOP
 10
63.687198
 20
108.510324
 40
0.000000
 41
0.000000
 42
0.000000
  0
VERTEX
  8
PIN_TOP
 10
61.687202
 20
108.510324
 40
0.000000
 41
0.000000
 42
0.000000
  0
VERTEX
  8
PIN_TOP
 10
61.687202
 20
109.210348
 40
0.000000
 41
0.000000
 42
0.000000
  0
VERTEX
  8
PIN_TOP
 10
63.687198
 20
109.210348
 40
0.000000
 41
0.000000
 42
0.000000
  0
SEQEND
  0
POLYLINE
  8
PG_NEW-SILK-TOP
 66
1
 70
0
 40
0.000000
 41
0.000000
 39
0.000000
  0
VERTEX
  8
PG_NEW-SILK-TOP
 10
63.837312
 20
107.225846
 40
0.100076
 41
0.100076
 42
0.000000
  0
VERTEX
  8
PG_NEW-SILK-TOP
 10
63.837312
 20
108.366560
 40
0.100076
 41
0.100076
 42
0.000000
  0
SEQEND
  0
POLYLINE
  8
PG_NEW-SILK-TOP
 66
1
 70
0
 40
0.000000
 41
0.000000
 39
0.000000
  0
VERTEX
  8
PG_NEW-SILK-TOP
 10
61.537088
 20
107.225846
 40
0.100076
 41
0.100076
 42
0.000000
  0
VERTEX
  8
PG_NEW-SILK-TOP
 10
61.537088
 20
108.366560
 40
0.100076
 41
0.100076
 42
0.000000
  0
SEQEND
  0
POLYLINE
  8
PIN_TOP
 66
1
 70
1
 40
0.000000
 41
0.000000
 39
0.000000
  0
VERTEX
  8
PIN_TOP
 10
66.227198
 20
106.410252
 40
0.000000
 41
0.000000
 42
0.000000
  0
VERTEX
  8
PIN_TOP
 10
64.227202
 20
106.410252
 40
0.000000
 41
0.000000
 42
0.000000
  0
VERTEX
  8
PIN_TOP
 10
64.227202
 20
107.110276
 40
0.000000
 41
0.000000
 42
0.000000
  0
VERTEX
  8
PIN_TOP
 10
66.227198
 20
107.110276
 40
0.000000
 41
0.000000
 42
0.000000
  0
SEQEND
  0
POLYLINE
  8
PIN_TOP
 66
1
 70
1
 40
0.000000
 41
0.000000
 39
0.000000
  0
VERTEX
  8
PIN_TOP
 10
66.227198
 20
108.510324
 40
0.000000
 41
0.000000
 42
0.000000
  0
VERTEX
  8
PIN_TOP
 10
64.227202
 20
108.510324
 40
0.000000
 41
0.000000
 42
0.000000
  0
VERTEX
  8
PIN_TOP
 10
64.227202
 20
109.210348
 40
0.000000
 41
0.000000
 42
0.000000
  0
VERTEX
  8
PIN_TOP
 10
66.227198
 20
109.210348
 40
0.000000
 41
0.000000
 42
0.000000
  0
SEQEND
  0
POLYLINE
  8
PG_NEW-SILK-TOP
 66
1
 70
0
 40
0.000000
 41
0.000000
 39
0.000000
  0
VERTEX
  8
PG_NEW-SILK-TOP
 10
66.377312
 20
107.225846
 40
0.100076
 41
0.100076
 42
0.000000
  0
VERTEX
  8
PG_NEW-SILK-TOP
 10
66.377312
 20
108.366560
 40
0.100076
 41
0.100076
 42
0.000000
  0
SEQEND
  0
POLYLINE
  8
PG_NEW-SILK-TOP
 66
1
 70
0
 40
0.000000
 41
0.000000
 39
0.000000
  0
VERTEX
  8
PG_NEW-SILK-TOP
 10
64.077088
 20
107.225846
 40
0.100076
 41
0.100076
 42
0.000000
  0
VERTEX
  8
PG_NEW-SILK-TOP
 10
64.077088
 20
108.366560
 40
0.100076
 41
0.100076
 42
0.000000
  0
SEQEND
  0
POLYLINE
  8
PIN_TOP
 66
1
 70
1
 40
0.000000
 41
0.000000
 39
0.000000
  0
VERTEX
  8
PIN_TOP
 10
59.299348
 20
104.174798
 40
0.000000
 41
0.000000
 42
0.000000
  0
VERTEX
  8
PIN_TOP
 10
59.299348
 20
102.174802
 40
0.000000
 41
0.000000
 42
0.000000
  0
VERTEX
  8
PIN_TOP
 10
58.599324
 20
102.174802
 40
0.000000
 41
0.000000
 42
0.000000
  0
VERTEX
  8
PIN_TOP
 10
58.599324
 20
104.174798
 40
0.000000
 41
0.000000
 42
0.000000
  0
SEQEND
  0
POLYLINE
  8
PIN_TOP
 66
1
 70
1
 40
0.000000
 41
0.000000
 39
0.000000
  0
VERTEX
  8
PIN_TOP
 10
57.199276
 20
104.174798
 40
0.000000
 41
0.000000
 42
0.000000
  0
VERTEX
  8
PIN_TOP
 10
57.199276
 20
102.174802
 40
0.000000
 41
0.000000
 42
0.000000
  0
VERTEX
  8
PIN_TOP
 10
56.499252
 20
102.174802
 40
0.000000
 41
0.000000
 42
0.000000
  0
VERTEX
  8
PIN_TOP
 10
56.499252
 20
104.174798
 40
0.000000
 41
0.000000
 42
0.000000
  0
SEQEND
  0
POLYLINE
  8
PG_NEW-SILK-TOP
 66
1
 70
0
 40
0.000000
 41
0.000000
 39
0.000000
  0
VERTEX
  8
PG_NEW-SILK-TOP
 10
58.483754
 20
104.324912
 40
0.100076
 41
0.100076
 42
0.000000
  0
VERTEX
  8
PG_NEW-SILK-TOP
 10
57.343040
 20
104.324912
 40
0.100076
 41
0.100076
 42
0.000000
  0
SEQEND
  0
POLYLINE
  8
PG_NEW-SILK-TOP
 66
1
 70
0
 40
0.000000
 41
0.000000
 39
0.000000
  0
VERTEX
  8
PG_NEW-SILK-TOP
 10
58.483754
 20
102.024688
 40
0.100076
 41
0.100076
 42
0.000000
  0
VERTEX
  8
PG_NEW-SILK-TOP
 10
57.343040
 20
102.024688
 40
0.100076
 41
0.100076
 42
0.000000
  0
SEQEND
  0
POLYLINE
  8
PIN_TOP
 66
1
 70
1
 40
0.000000
 41
0.000000
 39
0.000000
  0
VERTEX
  8
PIN_TOP
 10
59.299348
 20
106.663998
 40
0.000000
 41
0.000000
 42
0.000000
  0
VERTEX
  8
PIN_TOP
 10
59.299348
 20
104.664002
 40
0.000000
 41
0.000000
 42
0.000000
  0
VERTEX
  8
PIN_TOP
 10
58.599324
 20
104.664002
 40
0.000000
 41
0.000000
 42
0.000000
  0
VERTEX
  8
PIN_TOP
 10
58.599324
 20
106.663998
 40
0.000000
 41
0.000000
 42
0.000000
  0
SEQEND
  0
POLYLINE
  8
PIN_TOP
 66
1
 70
1
 40
0.000000
 41
0.000000
 39
0.000000
  0
VERTEX
  8
PIN_TOP
 10
57.199276
 20
106.663998
 40
0.000000
 41
0.000000
 42
0.000000
  0
VERTEX
  8
PIN_TOP
 10
57.199276
 20
104.664002
 40
0.000000
 41
0.000000
 42
0.000000
  0
VERTEX
  8
PIN_TOP
 10
56.499252
 20
104.664002
 40
0.000000
 41
0.000000
 42
0.000000
  0
VERTEX
  8
PIN_TOP
 10
56.499252
 20
106.663998
 40
0.000000
 41
0.000000
 42
0.000000
  0
SEQEND
  0
POLYLINE
  8
PG_NEW-SILK-TOP
 66
1
 70
0
 40
0.000000
 41
0.000000
 39
0.000000
  0
VERTEX
  8
PG_NEW-SILK-TOP
 10
58.483754
 20
106.814112
 40
0.100076
 41
0.100076
 42
0.000000
  0
VERTEX
  8
PG_NEW-SILK-TOP
 10
57.343040
 20
106.814112
 40
0.100076
 41
0.100076
 42
0.000000
  0
SEQEND
  0
POLYLINE
  8
PG_NEW-SILK-TOP
 66
1
 70
0
 40
0.000000
 41
0.000000
 39
0.000000
  0
VERTEX
  8
PG_NEW-SILK-TOP
 10
58.483754
 20
104.513888
 40
0.100076
 41
0.100076
 42
0.000000
  0
VERTEX
  8
PG_NEW-SILK-TOP
 10
57.343040
 20
104.513888
 40
0.100076
 41
0.100076
 42
0.000000
  0
SEQEND
  0
POLYLINE
  8
PIN_TOP
 66
1
 70
1
 40
0.000000
 41
0.000000
 39
0.000000
  0
VERTEX
  8
PIN_TOP
 10
59.655202
 20
96.992948
 40
0.000000
 41
0.000000
 42
0.000000
  0
VERTEX
  8
PIN_TOP
 10
61.655198
 20
96.992948
 40
0.000000
 41
0.000000
 42
0.000000
  0
VERTEX
  8
PIN_TOP
 10
61.655198
 20
96.292924
 40
0.000000
 41
0.000000
 42
0.000000
  0
VERTEX
  8
PIN_TOP
 10
59.655202
 20
96.292924
 40
0.000000
 41
0.000000
 42
0.000000
  0
SEQEND
  0
POLYLINE
  8
PIN_TOP
 66
1
 70
1
 40
0.000000
 41
0.000000
 39
0.000000
  0
VERTEX
  8
PIN_TOP
 10
59.655202
 20
94.892876
 40
0.000000
 41
0.000000
 42
0.000000
  0
VERTEX
  8
PIN_TOP
 10
61.655198
 20
94.892876
 40
0.000000
 41
0.000000
 42
0.000000
  0
VERTEX
  8
PIN_TOP
 10
61.655198
 20
94.192852
 40
0.000000
 41
0.000000
 42
0.000000
  0
VERTEX
  8
PIN_TOP
 10
59.655202
 20
94.192852
 40
0.000000
 41
0.000000
 42
0.000000
  0
SEQEND
  0
POLYLINE
  8
PG_NEW-SILK-TOP
 66
1
 70
0
 40
0.000000
 41
0.000000
 39
0.000000
  0
VERTEX
  8
PG_NEW-SILK-TOP
 10
59.505088
 20
96.177354
 40
0.100076
 41
0.100076
 42
0.000000
  0
VERTEX
  8
PG_NEW-SILK-TOP
 10
59.505088
 20
95.036640
 40
0.100076
 41
0.100076
 42
0.000000
  0
SEQEND
  0
POLYLINE
  8
PG_NEW-SILK-TOP
 66
1
 70
0
 40
0.000000
 41
0.000000
 39
0.000000
  0
VERTEX
  8
PG_NEW-SILK-TOP
 10
61.805312
 20
96.177354
 40
0.100076
 41
0.100076
 42
0.000000
  0
VERTEX
  8
PG_NEW-SILK-TOP
 10
61.805312
 20
95.036640
 40
0.100076
 41
0.100076
 42
0.000000
  0
SEQEND
  0
POLYLINE
  8
PIN_TOP
 66
1
 70
1
 40
0.000000
 41
0.000000
 39
0.000000
  0
VERTEX
  8
PIN_TOP
 10
59.299348
 20
101.685598
 40
0.000000
 41
0.000000
 42
0.000000
  0
VERTEX
  8
PIN_TOP
 10
59.299348
 20
99.685602
 40
0.000000
 41
0.000000
 42
0.000000
  0
VERTEX
  8
PIN_TOP
 10
58.599324
 20
99.685602
 40
0.000000
 41
0.000000
 42
0.000000
  0
VERTEX
  8
PIN_TOP
 10
58.599324
 20
101.685598
 40
0.000000
 41
0.000000
 42
0.000000
  0
SEQEND
  0
POLYLINE
  8
PIN_TOP
 66
1
 70
1
 40
0.000000
 41
0.000000
 39
0.000000
  0
VERTEX
  8
PIN_TOP
 10
57.199276
 20
101.685598
 40
0.000000
 41
0.000000
 42
0.000000
  0
VERTEX
  8
PIN_TOP
 10
57.199276
 20
99.685602
 40
0.000000
 41
0.000000
 42
0.000000
  0
VERTEX
  8
PIN_TOP
 10
56.499252
 20
99.685602
 40
0.000000
 41
0.000000
 42
0.000000
  0
VERTEX
  8
PIN_TOP
 10
56.499252
 20
101.685598
 40
0.000000
 41
0.000000
 42
0.000000
  0
SEQEND
  0
POLYLINE
  8
PG_NEW-SILK-TOP
 66
1
 70
0
 40
0.000000
 41
0.000000
 39
0.000000
  0
VERTEX
  8
PG_NEW-SILK-TOP
 10
58.483754
 20
101.835712
 40
0.100076
 41
0.100076
 42
0.000000
  0
VERTEX
  8
PG_NEW-SILK-TOP
 10
57.343040
 20
101.835712
 40
0.100076
 41
0.100076
 42
0.000000
  0
SEQEND
  0
POLYLINE
  8
PG_NEW-SILK-TOP
 66
1
 70
0
 40
0.000000
 41
0.000000
 39
0.000000
  0
VERTEX
  8
PG_NEW-SILK-TOP
 10
58.483754
 20
99.535488
 40
0.100076
 41
0.100076
 42
0.000000
  0
VERTEX
  8
PG_NEW-SILK-TOP
 10
57.343040
 20
99.535488
 40
0.100076
 41
0.100076
 42
0.000000
  0
SEQEND
  0
CIRCLE
  8
PIN_TOP
 10
58.013600
 20
69.240400
 40
0.406400
  0
POLYLINE
  8
PG_NEW-SILK-TOP
 66
1
 70
0
 40
0.000000
 41
0.000000
 39
0.000000
  0
VERTEX
  8
PG_NEW-SILK-TOP
 10
58.581544
 20
69.240400
 40
0.127000
 41
0.127000
 42
1.000000
  0
VERTEX
  8
PG_NEW-SILK-TOP
 10
57.445656
 20
69.240400
 40
0.127000
 41
0.127000
 42
1.000000
  0
VERTEX
  8
PG_NEW-SILK-TOP
 10
58.581544
 20
69.240400
 40
0.127000
 41
0.127000
 42
0.000000
  0
SEQEND
  0
CIRCLE
  8
PIN_TOP
 10
71.831200
 20
93.980000
 40
0.249936
  0
CIRCLE
  8
PIN_TOP
 10
72.440800
 20
93.268800
 40
0.249936
  0
POLYLINE
  8
PIN_TOP
 66
1
 70
1
 40
0.000000
 41
0.000000
 39
0.000000
  0
VERTEX
  8
PIN_TOP
 10
58.209180
 20
72.829674
 40
0.000000
 41
0.000000
 42
0.000000
  0
VERTEX
  8
PIN_TOP
 10
56.405780
 20
72.829674
 40
0.000000
 41
0.000000
 42
0.000000
  0
VERTEX
  8
PIN_TOP
 10
56.405780
 20
73.845674
 40
0.000000
 41
0.000000
 42
0.000000
  0
VERTEX
  8
PIN_TOP
 10
58.209180
 20
73.845674
 40
0.000000
 41
0.000000
 42
0.000000
  0
SEQEND
  0
POLYLINE
  8
PIN_TOP
 66
1
 70
1
 40
0.000000
 41
0.000000
 39
0.000000
  0
VERTEX
  8
PIN_TOP
 10
58.209180
 20
70.213474
 40
0.000000
 41
0.000000
 42
0.000000
  0
VERTEX
  8
PIN_TOP
 10
56.405780
 20
70.213474
 40
0.000000
 41
0.000000
 42
0.000000
  0
VERTEX
  8
PIN_TOP
 10
56.405780
 20
71.229474
 40
0.000000
 41
0.000000
 42
0.000000
  0
VERTEX
  8
PIN_TOP
 10
58.209180
 20
71.229474
 40
0.000000
 41
0.000000
 42
0.000000
  0
SEQEND
  0
POLYLINE
  8
PG_NEW-SILK-TOP
 66
1
 70
0
 40
0.000000
 41
0.000000
 39
0.000000
  0
VERTEX
  8
PG_NEW-SILK-TOP
 10
56.707532
 20
71.829676
 40
0.100076
 41
0.100076
 42
0.000000
  0
VERTEX
  8
PG_NEW-SILK-TOP
 10
57.907428
 20
71.829676
 40
0.100076
 41
0.100076
 42
0.000000
  0
VERTEX
  8
PG_NEW-SILK-TOP
 10
57.907428
 20
72.229472
 40
0.100076
 41
0.100076
 42
0.000000
  0
VERTEX
  8
PG_NEW-SILK-TOP
 10
56.707532
 20
72.229472
 40
0.100076
 41
0.100076
 42
0.000000
  0
VERTEX
  8
PG_NEW-SILK-TOP
 10
56.707532
 20
71.829676
 40
0.100076
 41
0.100076
 42
0.000000
  0
SEQEND
  0
POLYLINE
  8
PG_NEW-SILK-TOP
 66
1
 70
0
 40
0.000000
 41
0.000000
 39
0.000000
  0
VERTEX
  8
PG_NEW-SILK-TOP
 10
57.107582
 20
71.629524
 40
0.100076
 41
0.100076
 42
0.000000
  0
VERTEX
  8
PG_NEW-SILK-TOP
 10
57.307480
 20
71.629524
 40
0.100076
 41
0.100076
 42
0.000000
  0
VERTEX
  8
PG_NEW-SILK-TOP
 10
57.307480
 20
71.329550
 40
0.100076
 41
0.100076
 42
0.000000
  0
SEQEND
  0
POLYLINE
  8
PG_NEW-SILK-TOP
 66
1
 70
0
 40
0.000000
 41
0.000000
 39
0.000000
  0
VERTEX
  8
PG_NEW-SILK-TOP
 10
57.307480
 20
72.429624
 40
0.100076
 41
0.100076
 42
0.000000
  0
VERTEX
  8
PG_NEW-SILK-TOP
 10
57.307480
 20
72.629522
 40
0.100076
 41
0.100076
 42
0.000000
  0
SEQEND
  0
POLYLINE
  8
PG_NEW-SILK-TOP
 66
1
 70
0
 40
0.000000
 41
0.000000
 39
0.000000
  0
VERTEX
  8
PG_NEW-SILK-TOP
 10
56.707532
 20
72.429624
 40
0.100076
 41
0.100076
 42
0.000000
  0
VERTEX
  8
PG_NEW-SILK-TOP
 10
57.907428
 20
72.429624
 40
0.100076
 41
0.100076
 42
0.000000
  0
SEQEND
  0
POLYLINE
  8
PG_NEW-SILK-TOP
 66
1
 70
0
 40
0.000000
 41
0.000000
 39
0.000000
  0
VERTEX
  8
PG_NEW-SILK-TOP
 10
56.707532
 20
71.629524
 40
0.100076
 41
0.100076
 42
0.000000
  0
VERTEX
  8
PG_NEW-SILK-TOP
 10
57.907428
 20
71.629524
 40
0.100076
 41
0.100076
 42
0.000000
  0
SEQEND
  0
POLYLINE
  8
PG_NEW-SILK-TOP
 66
1
 70
0
 40
0.000000
 41
0.000000
 39
0.000000
  0
VERTEX
  8
PG_NEW-SILK-TOP
 10
56.207406
 20
73.429622
 40
0.127000
 41
0.127000
 42
0.000000
  0
VERTEX
  8
PG_NEW-SILK-TOP
 10
56.207406
 20
70.029578
 40
0.127000
 41
0.127000
 42
0.000000
  0
VERTEX
  8
PG_NEW-SILK-TOP
 10
58.407554
 20
70.029578
 40
0.127000
 41
0.127000
 42
0.000000
  0
VERTEX
  8
PG_NEW-SILK-TOP
 10
58.407554
 20
74.029570
 40
0.127000
 41
0.127000
 42
0.000000
  0
VERTEX
  8
PG_NEW-SILK-TOP
 10
56.207406
 20
74.029570
 40
0.127000
 41
0.127000
 42
0.000000
  0
VERTEX
  8
PG_NEW-SILK-TOP
 10
56.207406
 20
73.329546
 40
0.127000
 41
0.127000
 42
0.000000
  0
SEQEND
  0
POLYLINE
  8
PIN_TOP
 66
1
 70
1
 40
0.000000
 41
0.000000
 39
0.000000
  0
VERTEX
  8
PIN_TOP
 10
60.845192
 20
50.141886
 40
0.000000
 41
0.000000
 42
0.000000
  0
VERTEX
  8
PIN_TOP
 10
60.845192
 20
50.441860
 40
0.000000
 41
0.000000
 42
0.000000
  0
VERTEX
  8
PIN_TOP
 10
61.145166
 20
50.441860
 40
0.000000
 41
0.000000
 42
0.000000
  0
VERTEX
  8
PIN_TOP
 10
61.145166
 20
50.141886
 40
0.000000
 41
0.000000
 42
0.000000
  0
SEQEND
  0
POLYLINE
  8
PIN_TOP
 66
1
 70
1
 40
0.000000
 41
0.000000
 39
0.000000
  0
VERTEX
  8
PIN_TOP
 10
60.345320
 20
50.141886
 40
0.000000
 41
0.000000
 42
0.000000
  0
VERTEX
  8
PIN_TOP
 10
60.345320
 20
50.441860
 40
0.000000
 41
0.000000
 42
0.000000
  0
VERTEX
  8
PIN_TOP
 10
60.645294
 20
50.441860
 40
0.000000
 41
0.000000
 42
0.000000
  0
VERTEX
  8
PIN_TOP
 10
60.645294
 20
50.141886
 40
0.000000
 41
0.000000
 42
0.000000
  0
SEQEND
  0
POLYLINE
  8
PG_NEW-SILK-TOP
 66
1
 70
0
 40
0.000000
 41
0.000000
 39
0.000000
  0
VERTEX
  8
PG_NEW-SILK-TOP
 10
60.195460
 20
50.144426
 40
0.101600
 41
0.101600
 42
0.000000
  0
VERTEX
  8
PG_NEW-SILK-TOP
 10
60.195460
 20
50.439574
 40
0.101600
 41
0.101600
 42
-0.414157
  0
VERTEX
  8
PG_NEW-SILK-TOP
 10
60.347860
 20
50.591974
 40
0.101600
 41
0.101600
 42
0.000000
  0
VERTEX
  8
PG_NEW-SILK-TOP
 10
61.143134
 20
50.591974
 40
0.101600
 41
0.101600
 42
-0.414139
  0
VERTEX
  8
PG_NEW-SILK-TOP
 10
61.295534
 20
50.439574
 40
0.101600
 41
0.101600
 42
0.000000
  0
VERTEX
  8
PG_NEW-SILK-TOP
 10
61.295534
 20
50.144426
 40
0.101600
 41
0.101600
 42
-0.414241
  0
VERTEX
  8
PG_NEW-SILK-TOP
 10
61.143134
 20
49.992026
 40
0.101600
 41
0.101600
 42
0.000000
  0
VERTEX
  8
PG_NEW-SILK-TOP
 10
60.347860
 20
49.992026
 40
0.101600
 41
0.101600
 42
-0.414260
  0
VERTEX
  8
PG_NEW-SILK-TOP
 10
60.195460
 20
50.144426
 40
0.101600
 41
0.101600
 42
0.000000
  0
SEQEND
  0
POLYLINE
  8
PIN_TOP
 66
1
 70
1
 40
0.000000
 41
0.000000
 39
0.000000
  0
VERTEX
  8
PIN_TOP
 10
63.350013
 20
49.730787
 40
0.000000
 41
0.000000
 42
0.000000
  0
VERTEX
  8
PIN_TOP
 10
63.649987
 20
49.730787
 40
0.000000
 41
0.000000
 42
0.000000
  0
VERTEX
  8
PIN_TOP
 10
63.649987
 20
49.430813
 40
0.000000
 41
0.000000
 42
0.000000
  0
VERTEX
  8
PIN_TOP
 10
63.350013
 20
49.430813
 40
0.000000
 41
0.000000
 42
0.000000
  0
SEQEND
  0
POLYLINE
  8
PIN_TOP
 66
1
 70
1
 40
0.000000
 41
0.000000
 39
0.000000
  0
VERTEX
  8
PIN_TOP
 10
63.350013
 20
50.230659
 40
0.000000
 41
0.000000
 42
0.000000
  0
VERTEX
  8
PIN_TOP
 10
63.649987
 20
50.230659
 40
0.000000
 41
0.000000
 42
0.000000
  0
VERTEX
  8
PIN_TOP
 10
63.649987
 20
49.930685
 40
0.000000
 41
0.000000
 42
0.000000
  0
VERTEX
  8
PIN_TOP
 10
63.350013
 20
49.930685
 40
0.000000
 41
0.000000
 42
0.000000
  0
SEQEND
  0
POLYLINE
  8
PG_NEW-SILK-TOP
 66
1
 70
0
 40
0.000000
 41
0.000000
 39
0.000000
  0
VERTEX
  8
PG_NEW-SILK-TOP
 10
63.352426
 20
50.380646
 40
0.101600
 41
0.101600
 42
0.000000
  0
VERTEX
  8
PG_NEW-SILK-TOP
 10
63.647574
 20
50.380646
 40
0.101600
 41
0.101600
 42
-0.414362
  0
VERTEX
  8
PG_NEW-SILK-TOP
 10
63.799974
 20
50.228246
 40
0.101600
 41
0.101600
 42
0.000000
  0
VERTEX
  8
PG_NEW-SILK-TOP
 10
63.799974
 20
49.433226
 40
0.101600
 41
0.101600
 42
-0.414362
  0
VERTEX
  8
PG_NEW-SILK-TOP
 10
63.647574
 20
49.280826
 40
0.101600
 41
0.101600
 42
0.000000
  0
VERTEX
  8
PG_NEW-SILK-TOP
 10
63.352426
 20
49.280826
 40
0.101600
 41
0.101600
 42
-0.414362
  0
VERTEX
  8
PG_NEW-SILK-TOP
 10
63.200026
 20
49.433226
 40
0.101600
 41
0.101600
 42
0.000000
  0
VERTEX
  8
PG_NEW-SILK-TOP
 10
63.200026
 20
50.228246
 40
0.101600
 41
0.101600
 42
-0.414362
  0
VERTEX
  8
PG_NEW-SILK-TOP
 10
63.352426
 20
50.380646
 40
0.101600
 41
0.101600
 42
0.000000
  0
SEQEND
  0
POLYLINE
  8
PIN_TOP
 66
1
 70
1
 40
0.000000
 41
0.000000
 39
0.000000
  0
VERTEX
  8
PIN_TOP
 10
59.082813
 20
75.075923
 40
0.000000
 41
0.000000
 42
0.000000
  0
VERTEX
  8
PIN_TOP
 10
59.382787
 20
75.075923
 40
0.000000
 41
0.000000
 42
0.000000
  0
VERTEX
  8
PIN_TOP
 10
59.382787
 20
74.775949
 40
0.000000
 41
0.000000
 42
0.000000
  0
VERTEX
  8
PIN_TOP
 10
59.082813
 20
74.775949
 40
0.000000
 41
0.000000
 42
0.000000
  0
SEQEND
  0
POLYLINE
  8
PIN_TOP
 66
1
 70
1
 40
0.000000
 41
0.000000
 39
0.000000
  0
VERTEX
  8
PIN_TOP
 10
59.082813
 20
74.576051
 40
0.000000
 41
0.000000
 42
0.000000
  0
VERTEX
  8
PIN_TOP
 10
59.382787
 20
74.576051
 40
0.000000
 41
0.000000
 42
0.000000
  0
VERTEX
  8
PIN_TOP
 10
59.382787
 20
74.276077
 40
0.000000
 41
0.000000
 42
0.000000
  0
VERTEX
  8
PIN_TOP
 10
59.082813
 20
74.276077
 40
0.000000
 41
0.000000
 42
0.000000
  0
SEQEND
  0
POLYLINE
  8
PG_NEW-SILK-TOP
 66
1
 70
0
 40
0.000000
 41
0.000000
 39
0.000000
  0
VERTEX
  8
PG_NEW-SILK-TOP
 10
59.085226
 20
75.225910
 40
0.101600
 41
0.101600
 42
0.000000
  0
VERTEX
  8
PG_NEW-SILK-TOP
 10
59.380374
 20
75.225910
 40
0.101600
 41
0.101600
 42
-0.414362
  0
VERTEX
  8
PG_NEW-SILK-TOP
 10
59.532774
 20
75.073510
 40
0.101600
 41
0.101600
 42
0.000000
  0
VERTEX
  8
PG_NEW-SILK-TOP
 10
59.532774
 20
74.278490
 40
0.101600
 41
0.101600
 42
-0.414362
  0
VERTEX
  8
PG_NEW-SILK-TOP
 10
59.380374
 20
74.126090
 40
0.101600
 41
0.101600
 42
0.000000
  0
VERTEX
  8
PG_NEW-SILK-TOP
 10
59.085226
 20
74.126090
 40
0.101600
 41
0.101600
 42
-0.414362
  0
VERTEX
  8
PG_NEW-SILK-TOP
 10
58.932826
 20
74.278490
 40
0.101600
 41
0.101600
 42
0.000000
  0
VERTEX
  8
PG_NEW-SILK-TOP
 10
58.932826
 20
75.073510
 40
0.101600
 41
0.101600
 42
-0.414362
  0
VERTEX
  8
PG_NEW-SILK-TOP
 10
59.085226
 20
75.225910
 40
0.101600
 41
0.101600
 42
0.000000
  0
SEQEND
  0
POLYLINE
  8
PIN_TOP
 66
1
 70
1
 40
0.000000
 41
0.000000
 39
0.000000
  0
VERTEX
  8
PIN_TOP
 10
59.382787
 20
76.714477
 40
0.000000
 41
0.000000
 42
0.000000
  0
VERTEX
  8
PIN_TOP
 10
59.082813
 20
76.714477
 40
0.000000
 41
0.000000
 42
0.000000
  0
VERTEX
  8
PIN_TOP
 10
59.082813
 20
77.014451
 40
0.000000
 41
0.000000
 42
0.000000
  0
VERTEX
  8
PIN_TOP
 10
59.382787
 20
77.014451
 40
0.000000
 41
0.000000
 42
0.000000
  0
SEQEND
  0
POLYLINE
  8
PIN_TOP
 66
1
 70
1
 40
0.000000
 41
0.000000
 39
0.000000
  0
VERTEX
  8
PIN_TOP
 10
59.382787
 20
77.214349
 40
0.000000
 41
0.000000
 42
0.000000
  0
VERTEX
  8
PIN_TOP
 10
59.082813
 20
77.214349
 40
0.000000
 41
0.000000
 42
0.000000
  0
VERTEX
  8
PIN_TOP
 10
59.082813
 20
77.514323
 40
0.000000
 41
0.000000
 42
0.000000
  0
VERTEX
  8
PIN_TOP
 10
59.382787
 20
77.514323
 40
0.000000
 41
0.000000
 42
0.000000
  0
SEQEND
  0
POLYLINE
  8
PG_NEW-SILK-TOP
 66
1
 70
0
 40
0.000000
 41
0.000000
 39
0.000000
  0
VERTEX
  8
PG_NEW-SILK-TOP
 10
59.380374
 20
76.564490
 40
0.101600
 41
0.101600
 42
0.000000
  0
VERTEX
  8
PG_NEW-SILK-TOP
 10
59.085226
 20
76.564490
 40
0.101600
 41
0.101600
 42
-0.414362
  0
VERTEX
  8
PG_NEW-SILK-TOP
 10
58.932826
 20
76.716890
 40
0.101600
 41
0.101600
 42
0.000000
  0
VERTEX
  8
PG_NEW-SILK-TOP
 10
58.932826
 20
77.511910
 40
0.101600
 41
0.101600
 42
-0.414362
  0
VERTEX
  8
PG_NEW-SILK-TOP
 10
59.085226
 20
77.664310
 40
0.101600
 41
0.101600
 42
0.000000
  0
VERTEX
  8
PG_NEW-SILK-TOP
 10
59.380374
 20
77.664310
 40
0.101600
 41
0.101600
 42
-0.414362
  0
VERTEX
  8
PG_NEW-SILK-TOP
 10
59.532774
 20
77.511910
 40
0.101600
 41
0.101600
 42
0.000000
  0
VERTEX
  8
PG_NEW-SILK-TOP
 10
59.532774
 20
76.716890
 40
0.101600
 41
0.101600
 42
-0.414362
  0
VERTEX
  8
PG_NEW-SILK-TOP
 10
59.380374
 20
76.564490
 40
0.101600
 41
0.101600
 42
0.000000
  0
SEQEND
  0
POLYLINE
  8
PIN_TOP
 66
1
 70
1
 40
0.000000
 41
0.000000
 39
0.000000
  0
VERTEX
  8
PIN_TOP
 10
64.670813
 20
96.005523
 40
0.000000
 41
0.000000
 42
0.000000
  0
VERTEX
  8
PIN_TOP
 10
64.970787
 20
96.005523
 40
0.000000
 41
0.000000
 42
0.000000
  0
VERTEX
  8
PIN_TOP
 10
64.970787
 20
95.705549
 40
0.000000
 41
0.000000
 42
0.000000
  0
VERTEX
  8
PIN_TOP
 10
64.670813
 20
95.705549
 40
0.000000
 41
0.000000
 42
0.000000
  0
SEQEND
  0
POLYLINE
  8
PIN_TOP
 66
1
 70
1
 40
0.000000
 41
0.000000
 39
0.000000
  0
VERTEX
  8
PIN_TOP
 10
64.670813
 20
95.505651
 40
0.000000
 41
0.000000
 42
0.000000
  0
VERTEX
  8
PIN_TOP
 10
64.970787
 20
95.505651
 40
0.000000
 41
0.000000
 42
0.000000
  0
VERTEX
  8
PIN_TOP
 10
64.970787
 20
95.205677
 40
0.000000
 41
0.000000
 42
0.000000
  0
VERTEX
  8
PIN_TOP
 10
64.670813
 20
95.205677
 40
0.000000
 41
0.000000
 42
0.000000
  0
SEQEND
  0
POLYLINE
  8
PG_NEW-SILK-TOP
 66
1
 70
0
 40
0.000000
 41
0.000000
 39
0.000000
  0
VERTEX
  8
PG_NEW-SILK-TOP
 10
64.673226
 20
96.155510
 40
0.101600
 41
0.101600
 42
0.000000
  0
VERTEX
  8
PG_NEW-SILK-TOP
 10
64.968374
 20
96.155510
 40
0.101600
 41
0.101600
 42
-0.414362
  0
VERTEX
  8
PG_NEW-SILK-TOP
 10
65.120774
 20
96.003110
 40
0.101600
 41
0.101600
 42
0.000000
  0
VERTEX
  8
PG_NEW-SILK-TOP
 10
65.120774
 20
95.208090
 40
0.101600
 41
0.101600
 42
-0.414362
  0
VERTEX
  8
PG_NEW-SILK-TOP
 10
64.968374
 20
95.055690
 40
0.101600
 41
0.101600
 42
0.000000
  0
VERTEX
  8
PG_NEW-SILK-TOP
 10
64.673226
 20
95.055690
 40
0.101600
 41
0.101600
 42
-0.414362
  0
VERTEX
  8
PG_NEW-SILK-TOP
 10
64.520826
 20
95.208090
 40
0.101600
 41
0.101600
 42
0.000000
  0
VERTEX
  8
PG_NEW-SILK-TOP
 10
64.520826
 20
96.003110
 40
0.101600
 41
0.101600
 42
-0.414362
  0
VERTEX
  8
PG_NEW-SILK-TOP
 10
64.673226
 20
96.155510
 40
0.101600
 41
0.101600
 42
0.000000
  0
SEQEND
  0
POLYLINE
  8
PIN_TOP
 66
1
 70
1
 40
0.000000
 41
0.000000
 39
0.000000
  0
VERTEX
  8
PIN_TOP
 10
75.232387
 20
91.852877
 40
0.000000
 41
0.000000
 42
0.000000
  0
VERTEX
  8
PIN_TOP
 10
74.932413
 20
91.852877
 40
0.000000
 41
0.000000
 42
0.000000
  0
VERTEX
  8
PIN_TOP
 10
74.932413
 20
92.152851
 40
0.000000
 41
0.000000
 42
0.000000
  0
VERTEX
  8
PIN_TOP
 10
75.232387
 20
92.152851
 40
0.000000
 41
0.000000
 42
0.000000
  0
SEQEND
  0
POLYLINE
  8
PIN_TOP
 66
1
 70
1
 40
0.000000
 41
0.000000
 39
0.000000
  0
VERTEX
  8
PIN_TOP
 10
75.232387
 20
92.352749
 40
0.000000
 41
0.000000
 42
0.000000
  0
VERTEX
  8
PIN_TOP
 10
74.932413
 20
92.352749
 40
0.000000
 41
0.000000
 42
0.000000
  0
VERTEX
  8
PIN_TOP
 10
74.932413
 20
92.652723
 40
0.000000
 41
0.000000
 42
0.000000
  0
VERTEX
  8
PIN_TOP
 10
75.232387
 20
92.652723
 40
0.000000
 41
0.000000
 42
0.000000
  0
SEQEND
  0
POLYLINE
  8
PG_NEW-SILK-TOP
 66
1
 70
0
 40
0.000000
 41
0.000000
 39
0.000000
  0
VERTEX
  8
PG_NEW-SILK-TOP
 10
75.229974
 20
91.702890
 40
0.101600
 41
0.101600
 42
0.000000
  0
VERTEX
  8
PG_NEW-SILK-TOP
 10
74.934826
 20
91.702890
 40
0.101600
 41
0.101600
 42
-0.414362
  0
VERTEX
  8
PG_NEW-SILK-TOP
 10
74.782426
 20
91.855290
 40
0.101600
 41
0.101600
 42
0.000000
  0
VERTEX
  8
PG_NEW-SILK-TOP
 10
74.782426
 20
92.650310
 40
0.101600
 41
0.101600
 42
-0.414362
  0
VERTEX
  8
PG_NEW-SILK-TOP
 10
74.934826
 20
92.802710
 40
0.101600
 41
0.101600
 42
0.000000
  0
VERTEX
  8
PG_NEW-SILK-TOP
 10
75.229974
 20
92.802710
 40
0.101600
 41
0.101600
 42
-0.414362
  0
VERTEX
  8
PG_NEW-SILK-TOP
 10
75.382374
 20
92.650310
 40
0.101600
 41
0.101600
 42
0.000000
  0
VERTEX
  8
PG_NEW-SILK-TOP
 10
75.382374
 20
91.855290
 40
0.101600
 41
0.101600
 42
-0.414362
  0
VERTEX
  8
PG_NEW-SILK-TOP
 10
75.229974
 20
91.702890
 40
0.101600
 41
0.101600
 42
0.000000
  0
SEQEND
  0
POLYLINE
  8
PIN_TOP
 66
1
 70
1
 40
0.000000
 41
0.000000
 39
0.000000
  0
VERTEX
  8
PIN_TOP
 10
74.419587
 20
91.852877
 40
0.000000
 41
0.000000
 42
0.000000
  0
VERTEX
  8
PIN_TOP
 10
74.119613
 20
91.852877
 40
0.000000
 41
0.000000
 42
0.000000
  0
VERTEX
  8
PIN_TOP
 10
74.119613
 20
92.152851
 40
0.000000
 41
0.000000
 42
0.000000
  0
VERTEX
  8
PIN_TOP
 10
74.419587
 20
92.152851
 40
0.000000
 41
0.000000
 42
0.000000
  0
SEQEND
  0
POLYLINE
  8
PIN_TOP
 66
1
 70
1
 40
0.000000
 41
0.000000
 39
0.000000
  0
VERTEX
  8
PIN_TOP
 10
74.419587
 20
92.352749
 40
0.000000
 41
0.000000
 42
0.000000
  0
VERTEX
  8
PIN_TOP
 10
74.119613
 20
92.352749
 40
0.000000
 41
0.000000
 42
0.000000
  0
VERTEX
  8
PIN_TOP
 10
74.119613
 20
92.652723
 40
0.000000
 41
0.000000
 42
0.000000
  0
VERTEX
  8
PIN_TOP
 10
74.419587
 20
92.652723
 40
0.000000
 41
0.000000
 42
0.000000
  0
SEQEND
  0
POLYLINE
  8
PG_NEW-SILK-TOP
 66
1
 70
0
 40
0.000000
 41
0.000000
 39
0.000000
  0
VERTEX
  8
PG_NEW-SILK-TOP
 10
74.417174
 20
91.702890
 40
0.101600
 41
0.101600
 42
0.000000
  0
VERTEX
  8
PG_NEW-SILK-TOP
 10
74.122026
 20
91.702890
 40
0.101600
 41
0.101600
 42
-0.414362
  0
VERTEX
  8
PG_NEW-SILK-TOP
 10
73.969626
 20
91.855290
 40
0.101600
 41
0.101600
 42
0.000000
  0
VERTEX
  8
PG_NEW-SILK-TOP
 10
73.969626
 20
92.650310
 40
0.101600
 41
0.101600
 42
-0.414362
  0
VERTEX
  8
PG_NEW-SILK-TOP
 10
74.122026
 20
92.802710
 40
0.101600
 41
0.101600
 42
0.000000
  0
VERTEX
  8
PG_NEW-SILK-TOP
 10
74.417174
 20
92.802710
 40
0.101600
 41
0.101600
 42
-0.414362
  0
VERTEX
  8
PG_NEW-SILK-TOP
 10
74.569574
 20
92.650310
 40
0.101600
 41
0.101600
 42
0.000000
  0
VERTEX
  8
PG_NEW-SILK-TOP
 10
74.569574
 20
91.855290
 40
0.101600
 41
0.101600
 42
-0.414362
  0
VERTEX
  8
PG_NEW-SILK-TOP
 10
74.417174
 20
91.702890
 40
0.101600
 41
0.101600
 42
0.000000
  0
SEQEND
  0
POLYLINE
  8
PIN_TOP
 66
1
 70
1
 40
0.000000
 41
0.000000
 39
0.000000
  0
VERTEX
  8
PIN_TOP
 10
75.740387
 20
77.527277
 40
0.000000
 41
0.000000
 42
0.000000
  0
VERTEX
  8
PIN_TOP
 10
75.440413
 20
77.527277
 40
0.000000
 41
0.000000
 42
0.000000
  0
VERTEX
  8
PIN_TOP
 10
75.440413
 20
77.827251
 40
0.000000
 41
0.000000
 42
0.000000
  0
VERTEX
  8
PIN_TOP
 10
75.740387
 20
77.827251
 40
0.000000
 41
0.000000
 42
0.000000
  0
SEQEND
  0
POLYLINE
  8
PIN_TOP
 66
1
 70
1
 40
0.000000
 41
0.000000
 39
0.000000
  0
VERTEX
  8
PIN_TOP
 10
75.740387
 20
78.027149
 40
0.000000
 41
0.000000
 42
0.000000
  0
VERTEX
  8
PIN_TOP
 10
75.440413
 20
78.027149
 40
0.000000
 41
0.000000
 42
0.000000
  0
VERTEX
  8
PIN_TOP
 10
75.440413
 20
78.327123
 40
0.000000
 41
0.000000
 42
0.000000
  0
VERTEX
  8
PIN_TOP
 10
75.740387
 20
78.327123
 40
0.000000
 41
0.000000
 42
0.000000
  0
SEQEND
  0
POLYLINE
  8
PG_NEW-SILK-TOP
 66
1
 70
0
 40
0.000000
 41
0.000000
 39
0.000000
  0
VERTEX
  8
PG_NEW-SILK-TOP
 10
75.737974
 20
77.377290
 40
0.101600
 41
0.101600
 42
0.000000
  0
VERTEX
  8
PG_NEW-SILK-TOP
 10
75.442826
 20
77.377290
 40
0.101600
 41
0.101600
 42
-0.414362
  0
VERTEX
  8
PG_NEW-SILK-TOP
 10
75.290426
 20
77.529690
 40
0.101600
 41
0.101600
 42
0.000000
  0
VERTEX
  8
PG_NEW-SILK-TOP
 10
75.290426
 20
78.324710
 40
0.101600
 41
0.101600
 42
-0.414362
  0
VERTEX
  8
PG_NEW-SILK-TOP
 10
75.442826
 20
78.477110
 40
0.101600
 41
0.101600
 42
0.000000
  0
VERTEX
  8
PG_NEW-SILK-TOP
 10
75.737974
 20
78.477110
 40
0.101600
 41
0.101600
 42
-0.414362
  0
VERTEX
  8
PG_NEW-SILK-TOP
 10
75.890374
 20
78.324710
 40
0.101600
 41
0.101600
 42
0.000000
  0
VERTEX
  8
PG_NEW-SILK-TOP
 10
75.890374
 20
77.529690
 40
0.101600
 41
0.101600
 42
-0.414362
  0
VERTEX
  8
PG_NEW-SILK-TOP
 10
75.737974
 20
77.377290
 40
0.101600
 41
0.101600
 42
0.000000
  0
SEQEND
  0
POLYLINE
  8
PIN_TOP
 66
1
 70
1
 40
0.000000
 41
0.000000
 39
0.000000
  0
VERTEX
  8
PIN_TOP
 10
78.280387
 20
77.425677
 40
0.000000
 41
0.000000
 42
0.000000
  0
VERTEX
  8
PIN_TOP
 10
77.980413
 20
77.425677
 40
0.000000
 41
0.000000
 42
0.000000
  0
VERTEX
  8
PIN_TOP
 10
77.980413
 20
77.725651
 40
0.000000
 41
0.000000
 42
0.000000
  0
VERTEX
  8
PIN_TOP
 10
78.280387
 20
77.725651
 40
0.000000
 41
0.000000
 42
0.000000
  0
SEQEND
  0
POLYLINE
  8
PIN_TOP
 66
1
 70
1
 40
0.000000
 41
0.000000
 39
0.000000
  0
VERTEX
  8
PIN_TOP
 10
78.280387
 20
77.925549
 40
0.000000
 41
0.000000
 42
0.000000
  0
VERTEX
  8
PIN_TOP
 10
77.980413
 20
77.925549
 40
0.000000
 41
0.000000
 42
0.000000
  0
VERTEX
  8
PIN_TOP
 10
77.980413
 20
78.225523
 40
0.000000
 41
0.000000
 42
0.000000
  0
VERTEX
  8
PIN_TOP
 10
78.280387
 20
78.225523
 40
0.000000
 41
0.000000
 42
0.000000
  0
SEQEND
  0
POLYLINE
  8
PG_NEW-SILK-TOP
 66
1
 70
0
 40
0.000000
 41
0.000000
 39
0.000000
  0
VERTEX
  8
PG_NEW-SILK-TOP
 10
78.277974
 20
77.275690
 40
0.101600
 41
0.101600
 42
0.000000
  0
VERTEX
  8
PG_NEW-SILK-TOP
 10
77.982826
 20
77.275690
 40
0.101600
 41
0.101600
 42
-0.414362
  0
VERTEX
  8
PG_NEW-SILK-TOP
 10
77.830426
 20
77.428090
 40
0.101600
 41
0.101600
 42
0.000000
  0
VERTEX
  8
PG_NEW-SILK-TOP
 10
77.830426
 20
78.223110
 40
0.101600
 41
0.101600
 42
-0.414362
  0
VERTEX
  8
PG_NEW-SILK-TOP
 10
77.982826
 20
78.375510
 40
0.101600
 41
0.101600
 42
0.000000
  0
VERTEX
  8
PG_NEW-SILK-TOP
 10
78.277974
 20
78.375510
 40
0.101600
 41
0.101600
 42
-0.414362
  0
VERTEX
  8
PG_NEW-SILK-TOP
 10
78.430374
 20
78.223110
 40
0.101600
 41
0.101600
 42
0.000000
  0
VERTEX
  8
PG_NEW-SILK-TOP
 10
78.430374
 20
77.428090
 40
0.101600
 41
0.101600
 42
-0.414362
  0
VERTEX
  8
PG_NEW-SILK-TOP
 10
78.277974
 20
77.275690
 40
0.101600
 41
0.101600
 42
0.000000
  0
SEQEND
  0
POLYLINE
  8
PIN_TOP
 66
1
 70
1
 40
0.000000
 41
0.000000
 39
0.000000
  0
VERTEX
  8
PIN_TOP
 10
78.991587
 20
77.425677
 40
0.000000
 41
0.000000
 42
0.000000
  0
VERTEX
  8
PIN_TOP
 10
78.691613
 20
77.425677
 40
0.000000
 41
0.000000
 42
0.000000
  0
VERTEX
  8
PIN_TOP
 10
78.691613
 20
77.725651
 40
0.000000
 41
0.000000
 42
0.000000
  0
VERTEX
  8
PIN_TOP
 10
78.991587
 20
77.725651
 40
0.000000
 41
0.000000
 42
0.000000
  0
SEQEND
  0
POLYLINE
  8
PIN_TOP
 66
1
 70
1
 40
0.000000
 41
0.000000
 39
0.000000
  0
VERTEX
  8
PIN_TOP
 10
78.991587
 20
77.925549
 40
0.000000
 41
0.000000
 42
0.000000
  0
VERTEX
  8
PIN_TOP
 10
78.691613
 20
77.925549
 40
0.000000
 41
0.000000
 42
0.000000
  0
VERTEX
  8
PIN_TOP
 10
78.691613
 20
78.225523
 40
0.000000
 41
0.000000
 42
0.000000
  0
VERTEX
  8
PIN_TOP
 10
78.991587
 20
78.225523
 40
0.000000
 41
0.000000
 42
0.000000
  0
SEQEND
  0
POLYLINE
  8
PG_NEW-SILK-TOP
 66
1
 70
0
 40
0.000000
 41
0.000000
 39
0.000000
  0
VERTEX
  8
PG_NEW-SILK-TOP
 10
78.989174
 20
77.275690
 40
0.101600
 41
0.101600
 42
0.000000
  0
VERTEX
  8
PG_NEW-SILK-TOP
 10
78.694026
 20
77.275690
 40
0.101600
 41
0.101600
 42
-0.414362
  0
VERTEX
  8
PG_NEW-SILK-TOP
 10
78.541626
 20
77.428090
 40
0.101600
 41
0.101600
 42
0.000000
  0
VERTEX
  8
PG_NEW-SILK-TOP
 10
78.541626
 20
78.223110
 40
0.101600
 41
0.101600
 42
-0.414362
  0
VERTEX
  8
PG_NEW-SILK-TOP
 10
78.694026
 20
78.375510
 40
0.101600
 41
0.101600
 42
0.000000
  0
VERTEX
  8
PG_NEW-SILK-TOP
 10
78.989174
 20
78.375510
 40
0.101600
 41
0.101600
 42
-0.414362
  0
VERTEX
  8
PG_NEW-SILK-TOP
 10
79.141574
 20
78.223110
 40
0.101600
 41
0.101600
 42
0.000000
  0
VERTEX
  8
PG_NEW-SILK-TOP
 10
79.141574
 20
77.428090
 40
0.101600
 41
0.101600
 42
-0.414362
  0
VERTEX
  8
PG_NEW-SILK-TOP
 10
78.989174
 20
77.275690
 40
0.101600
 41
0.101600
 42
0.000000
  0
SEQEND
  0
POLYLINE
  8
PIN_TOP
 66
1
 70
1
 40
0.000000
 41
0.000000
 39
0.000000
  0
VERTEX
  8
PIN_TOP
 10
59.489213
 20
108.095923
 40
0.000000
 41
0.000000
 42
0.000000
  0
VERTEX
  8
PIN_TOP
 10
59.789187
 20
108.095923
 40
0.000000
 41
0.000000
 42
0.000000
  0
VERTEX
  8
PIN_TOP
 10
59.789187
 20
107.795949
 40
0.000000
 41
0.000000
 42
0.000000
  0
VERTEX
  8
PIN_TOP
 10
59.489213
 20
107.795949
 40
0.000000
 41
0.000000
 42
0.000000
  0
SEQEND
  0
POLYLINE
  8
PIN_TOP
 66
1
 70
1
 40
0.000000
 41
0.000000
 39
0.000000
  0
VERTEX
  8
PIN_TOP
 10
59.489213
 20
107.596051
 40
0.000000
 41
0.000000
 42
0.000000
  0
VERTEX
  8
PIN_TOP
 10
59.789187
 20
107.596051
 40
0.000000
 41
0.000000
 42
0.000000
  0
VERTEX
  8
PIN_TOP
 10
59.789187
 20
107.296077
 40
0.000000
 41
0.000000
 42
0.000000
  0
VERTEX
  8
PIN_TOP
 10
59.489213
 20
107.296077
 40
0.000000
 41
0.000000
 42
0.000000
  0
SEQEND
  0
POLYLINE
  8
PG_NEW-SILK-TOP
 66
1
 70
0
 40
0.000000
 41
0.000000
 39
0.000000
  0
VERTEX
  8
PG_NEW-SILK-TOP
 10
59.491626
 20
108.245910
 40
0.101600
 41
0.101600
 42
0.000000
  0
VERTEX
  8
PG_NEW-SILK-TOP
 10
59.786774
 20
108.245910
 40
0.101600
 41
0.101600
 42
-0.414362
  0
VERTEX
  8
PG_NEW-SILK-TOP
 10
59.939174
 20
108.093510
 40
0.101600
 41
0.101600
 42
0.000000
  0
VERTEX
  8
PG_NEW-SILK-TOP
 10
59.939174
 20
107.298490
 40
0.101600
 41
0.101600
 42
-0.414362
  0
VERTEX
  8
PG_NEW-SILK-TOP
 10
59.786774
 20
107.146090
 40
0.101600
 41
0.101600
 42
0.000000
  0
VERTEX
  8
PG_NEW-SILK-TOP
 10
59.491626
 20
107.146090
 40
0.101600
 41
0.101600
 42
-0.414362
  0
VERTEX
  8
PG_NEW-SILK-TOP
 10
59.339226
 20
107.298490
 40
0.101600
 41
0.101600
 42
0.000000
  0
VERTEX
  8
PG_NEW-SILK-TOP
 10
59.339226
 20
108.093510
 40
0.101600
 41
0.101600
 42
-0.414362
  0
VERTEX
  8
PG_NEW-SILK-TOP
 10
59.491626
 20
108.245910
 40
0.101600
 41
0.101600
 42
0.000000
  0
SEQEND
  0
POLYLINE
  8
PIN_TOP
 66
1
 70
1
 40
0.000000
 41
0.000000
 39
0.000000
  0
VERTEX
  8
PIN_TOP
 10
59.789187
 20
108.616877
 40
0.000000
 41
0.000000
 42
0.000000
  0
VERTEX
  8
PIN_TOP
 10
59.489213
 20
108.616877
 40
0.000000
 41
0.000000
 42
0.000000
  0
VERTEX
  8
PIN_TOP
 10
59.489213
 20
108.916851
 40
0.000000
 41
0.000000
 42
0.000000
  0
VERTEX
  8
PIN_TOP
 10
59.789187
 20
108.916851
 40
0.000000
 41
0.000000
 42
0.000000
  0
SEQEND
  0
POLYLINE
  8
PIN_TOP
 66
1
 70
1
 40
0.000000
 41
0.000000
 39
0.000000
  0
VERTEX
  8
PIN_TOP
 10
59.789187
 20
109.116749
 40
0.000000
 41
0.000000
 42
0.000000
  0
VERTEX
  8
PIN_TOP
 10
59.489213
 20
109.116749
 40
0.000000
 41
0.000000
 42
0.000000
  0
VERTEX
  8
PIN_TOP
 10
59.489213
 20
109.416723
 40
0.000000
 41
0.000000
 42
0.000000
  0
VERTEX
  8
PIN_TOP
 10
59.789187
 20
109.416723
 40
0.000000
 41
0.000000
 42
0.000000
  0
SEQEND
  0
POLYLINE
  8
PG_NEW-SILK-TOP
 66
1
 70
0
 40
0.000000
 41
0.000000
 39
0.000000
  0
VERTEX
  8
PG_NEW-SILK-TOP
 10
59.786774
 20
108.466890
 40
0.101600
 41
0.101600
 42
0.000000
  0
VERTEX
  8
PG_NEW-SILK-TOP
 10
59.491626
 20
108.466890
 40
0.101600
 41
0.101600
 42
-0.414362
  0
VERTEX
  8
PG_NEW-SILK-TOP
 10
59.339226
 20
108.619290
 40
0.101600
 41
0.101600
 42
0.000000
  0
VERTEX
  8
PG_NEW-SILK-TOP
 10
59.339226
 20
109.414310
 40
0.101600
 41
0.101600
 42
-0.414362
  0
VERTEX
  8
PG_NEW-SILK-TOP
 10
59.491626
 20
109.566710
 40
0.101600
 41
0.101600
 42
0.000000
  0
VERTEX
  8
PG_NEW-SILK-TOP
 10
59.786774
 20
109.566710
 40
0.101600
 41
0.101600
 42
-0.414362
  0
VERTEX
  8
PG_NEW-SILK-TOP
 10
59.939174
 20
109.414310
 40
0.101600
 41
0.101600
 42
0.000000
  0
VERTEX
  8
PG_NEW-SILK-TOP
 10
59.939174
 20
108.619290
 40
0.101600
 41
0.101600
 42
-0.414362
  0
VERTEX
  8
PG_NEW-SILK-TOP
 10
59.786774
 20
108.466890
 40
0.101600
 41
0.101600
 42
0.000000
  0
SEQEND
  0
POLYLINE
  8
PIN_TOP
 66
1
 70
1
 40
0.000000
 41
0.000000
 39
0.000000
  0
VERTEX
  8
PIN_TOP
 10
72.332723
 20
95.755587
 40
0.000000
 41
0.000000
 42
0.000000
  0
VERTEX
  8
PIN_TOP
 10
72.332723
 20
95.455613
 40
0.000000
 41
0.000000
 42
0.000000
  0
VERTEX
  8
PIN_TOP
 10
72.032749
 20
95.455613
 40
0.000000
 41
0.000000
 42
0.000000
  0
VERTEX
  8
PIN_TOP
 10
72.032749
 20
95.755587
 40
0.000000
 41
0.000000
 42
0.000000
  0
SEQEND
  0
POLYLINE
  8
PIN_TOP
 66
1
 70
1
 40
0.000000
 41
0.000000
 39
0.000000
  0
VERTEX
  8
PIN_TOP
 10
71.832851
 20
95.755587
 40
0.000000
 41
0.000000
 42
0.000000
  0
VERTEX
  8
PIN_TOP
 10
71.832851
 20
95.455613
 40
0.000000
 41
0.000000
 42
0.000000
  0
VERTEX
  8
PIN_TOP
 10
71.532877
 20
95.455613
 40
0.000000
 41
0.000000
 42
0.000000
  0
VERTEX
  8
PIN_TOP
 10
71.532877
 20
95.755587
 40
0.000000
 41
0.000000
 42
0.000000
  0
SEQEND
  0
POLYLINE
  8
PG_NEW-SILK-TOP
 66
1
 70
0
 40
0.000000
 41
0.000000
 39
0.000000
  0
VERTEX
  8
PG_NEW-SILK-TOP
 10
72.482710
 20
95.753174
 40
0.101600
 41
0.101600
 42
0.000000
  0
VERTEX
  8
PG_NEW-SILK-TOP
 10
72.482710
 20
95.458026
 40
0.101600
 41
0.101600
 42
-0.414362
  0
VERTEX
  8
PG_NEW-SILK-TOP
 10
72.330310
 20
95.305626
 40
0.101600
 41
0.101600
 42
0.000000
  0
VERTEX
  8
PG_NEW-SILK-TOP
 10
71.535290
 20
95.305626
 40
0.101600
 41
0.101600
 42
-0.414362
  0
VERTEX
  8
PG_NEW-SILK-TOP
 10
71.382890
 20
95.458026
 40
0.101600
 41
0.101600
 42
0.000000
  0
VERTEX
  8
PG_NEW-SILK-TOP
 10
71.382890
 20
95.753174
 40
0.101600
 41
0.101600
 42
-0.414362
  0
VERTEX
  8
PG_NEW-SILK-TOP
 10
71.535290
 20
95.905574
 40
0.101600
 41
0.101600
 42
0.000000
  0
VERTEX
  8
PG_NEW-SILK-TOP
 10
72.330310
 20
95.905574
 40
0.101600
 41
0.101600
 42
-0.414362
  0
VERTEX
  8
PG_NEW-SILK-TOP
 10
72.482710
 20
95.753174
 40
0.101600
 41
0.101600
 42
0.000000
  0
SEQEND
  0
POLYLINE
  8
PIN_TOP
 66
1
 70
1
 40
0.000000
 41
0.000000
 39
0.000000
  0
VERTEX
  8
PIN_TOP
 10
71.376413
 20
108.908723
 40
0.000000
 41
0.000000
 42
0.000000
  0
VERTEX
  8
PIN_TOP
 10
71.676387
 20
108.908723
 40
0.000000
 41
0.000000
 42
0.000000
  0
VERTEX
  8
PIN_TOP
 10
71.676387
 20
108.608749
 40
0.000000
 41
0.000000
 42
0.000000
  0
VERTEX
  8
PIN_TOP
 10
71.376413
 20
108.608749
 40
0.000000
 41
0.000000
 42
0.000000
  0
SEQEND
  0
POLYLINE
  8
PIN_TOP
 66
1
 70
1
 40
0.000000
 41
0.000000
 39
0.000000
  0
VERTEX
  8
PIN_TOP
 10
71.376413
 20
108.408851
 40
0.000000
 41
0.000000
 42
0.000000
  0
VERTEX
  8
PIN_TOP
 10
71.676387
 20
108.408851
 40
0.000000
 41
0.000000
 42
0.000000
  0
VERTEX
  8
PIN_TOP
 10
71.676387
 20
108.108877
 40
0.000000
 41
0.000000
 42
0.000000
  0
VERTEX
  8
PIN_TOP
 10
71.376413
 20
108.108877
 40
0.000000
 41
0.000000
 42
0.000000
  0
SEQEND
  0
POLYLINE
  8
PG_NEW-SILK-TOP
 66
1
 70
0
 40
0.000000
 41
0.000000
 39
0.000000
  0
VERTEX
  8
PG_NEW-SILK-TOP
 10
71.378826
 20
109.058710
 40
0.101600
 41
0.101600
 42
0.000000
  0
VERTEX
  8
PG_NEW-SILK-TOP
 10
71.673974
 20
109.058710
 40
0.101600
 41
0.101600
 42
-0.414362
  0
VERTEX
  8
PG_NEW-SILK-TOP
 10
71.826374
 20
108.906310
 40
0.101600
 41
0.101600
 42
0.000000
  0
VERTEX
  8
PG_NEW-SILK-TOP
 10
71.826374
 20
108.111290
 40
0.101600
 41
0.101600
 42
-0.414362
  0
VERTEX
  8
PG_NEW-SILK-TOP
 10
71.673974
 20
107.958890
 40
0.101600
 41
0.101600
 42
0.000000
  0
VERTEX
  8
PG_NEW-SILK-TOP
 10
71.378826
 20
107.958890
 40
0.101600
 41
0.101600
 42
-0.414362
  0
VERTEX
  8
PG_NEW-SILK-TOP
 10
71.226426
 20
108.111290
 40
0.101600
 41
0.101600
 42
0.000000
  0
VERTEX
  8
PG_NEW-SILK-TOP
 10
71.226426
 20
108.906310
 40
0.101600
 41
0.101600
 42
-0.414362
  0
VERTEX
  8
PG_NEW-SILK-TOP
 10
71.378826
 20
109.058710
 40
0.101600
 41
0.101600
 42
0.000000
  0
SEQEND
  0
POLYLINE
  8
PIN_TOP
 66
1
 70
1
 40
0.000000
 41
0.000000
 39
0.000000
  0
VERTEX
  8
PIN_TOP
 10
72.087613
 20
108.908723
 40
0.000000
 41
0.000000
 42
0.000000
  0
VERTEX
  8
PIN_TOP
 10
72.387587
 20
108.908723
 40
0.000000
 41
0.000000
 42
0.000000
  0
VERTEX
  8
PIN_TOP
 10
72.387587
 20
108.608749
 40
0.000000
 41
0.000000
 42
0.000000
  0
VERTEX
  8
PIN_TOP
 10
72.087613
 20
108.608749
 40
0.000000
 41
0.000000
 42
0.000000
  0
SEQEND
  0
POLYLINE
  8
PIN_TOP
 66
1
 70
1
 40
0.000000
 41
0.000000
 39
0.000000
  0
VERTEX
  8
PIN_TOP
 10
72.087613
 20
108.408851
 40
0.000000
 41
0.000000
 42
0.000000
  0
VERTEX
  8
PIN_TOP
 10
72.387587
 20
108.408851
 40
0.000000
 41
0.000000
 42
0.000000
  0
VERTEX
  8
PIN_TOP
 10
72.387587
 20
108.108877
 40
0.000000
 41
0.000000
 42
0.000000
  0
VERTEX
  8
PIN_TOP
 10
72.087613
 20
108.108877
 40
0.000000
 41
0.000000
 42
0.000000
  0
SEQEND
  0
POLYLINE
  8
PG_NEW-SILK-TOP
 66
1
 70
0
 40
0.000000
 41
0.000000
 39
0.000000
  0
VERTEX
  8
PG_NEW-SILK-TOP
 10
72.090026
 20
109.058710
 40
0.101600
 41
0.101600
 42
0.000000
  0
VERTEX
  8
PG_NEW-SILK-TOP
 10
72.385174
 20
109.058710
 40
0.101600
 41
0.101600
 42
-0.414362
  0
VERTEX
  8
PG_NEW-SILK-TOP
 10
72.537574
 20
108.906310
 40
0.101600
 41
0.101600
 42
0.000000
  0
VERTEX
  8
PG_NEW-SILK-TOP
 10
72.537574
 20
108.111290
 40
0.101600
 41
0.101600
 42
-0.414362
  0
VERTEX
  8
PG_NEW-SILK-TOP
 10
72.385174
 20
107.958890
 40
0.101600
 41
0.101600
 42
0.000000
  0
VERTEX
  8
PG_NEW-SILK-TOP
 10
72.090026
 20
107.958890
 40
0.101600
 41
0.101600
 42
-0.414362
  0
VERTEX
  8
PG_NEW-SILK-TOP
 10
71.937626
 20
108.111290
 40
0.101600
 41
0.101600
 42
0.000000
  0
VERTEX
  8
PG_NEW-SILK-TOP
 10
71.937626
 20
108.906310
 40
0.101600
 41
0.101600
 42
-0.414362
  0
VERTEX
  8
PG_NEW-SILK-TOP
 10
72.090026
 20
109.058710
 40
0.101600
 41
0.101600
 42
0.000000
  0
SEQEND
  0
POLYLINE
  8
PIN_TOP
 66
1
 70
1
 40
0.000000
 41
0.000000
 39
0.000000
  0
VERTEX
  8
PIN_TOP
 10
75.995022
 20
68.125086
 40
0.000000
 41
0.000000
 42
0.000000
  0
VERTEX
  8
PIN_TOP
 10
75.995022
 20
68.425060
 40
0.000000
 41
0.000000
 42
0.000000
  0
VERTEX
  8
PIN_TOP
 10
76.294996
 20
68.425060
 40
0.000000
 41
0.000000
 42
0.000000
  0
VERTEX
  8
PIN_TOP
 10
76.294996
 20
68.125086
 40
0.000000
 41
0.000000
 42
0.000000
  0
SEQEND
  0
POLYLINE
  8
PIN_TOP
 66
1
 70
1
 40
0.000000
 41
0.000000
 39
0.000000
  0
VERTEX
  8
PIN_TOP
 10
75.495150
 20
68.125086
 40
0.000000
 41
0.000000
 42
0.000000
  0
VERTEX
  8
PIN_TOP
 10
75.495150
 20
68.425060
 40
0.000000
 41
0.000000
 42
0.000000
  0
VERTEX
  8
PIN_TOP
 10
75.795124
 20
68.425060
 40
0.000000
 41
0.000000
 42
0.000000
  0
VERTEX
  8
PIN_TOP
 10
75.795124
 20
68.125086
 40
0.000000
 41
0.000000
 42
0.000000
  0
SEQEND
  0
POLYLINE
  8
PG_NEW-SILK-TOP
 66
1
 70
0
 40
0.000000
 41
0.000000
 39
0.000000
  0
VERTEX
  8
PG_NEW-SILK-TOP
 10
75.345290
 20
68.127626
 40
0.101600
 41
0.101600
 42
0.000000
  0
VERTEX
  8
PG_NEW-SILK-TOP
 10
75.345290
 20
68.422774
 40
0.101600
 41
0.101600
 42
-0.414362
  0
VERTEX
  8
PG_NEW-SILK-TOP
 10
75.497690
 20
68.575174
 40
0.101600
 41
0.101600
 42
0.000000
  0
VERTEX
  8
PG_NEW-SILK-TOP
 10
76.292710
 20
68.575174
 40
0.101600
 41
0.101600
 42
-0.414362
  0
VERTEX
  8
PG_NEW-SILK-TOP
 10
76.445110
 20
68.422774
 40
0.101600
 41
0.101600
 42
0.000000
  0
VERTEX
  8
PG_NEW-SILK-TOP
 10
76.445110
 20
68.127626
 40
0.101600
 41
0.101600
 42
-0.414362
  0
VERTEX
  8
PG_NEW-SILK-TOP
 10
76.292710
 20
67.975226
 40
0.101600
 41
0.101600
 42
0.000000
  0
VERTEX
  8
PG_NEW-SILK-TOP
 10
75.497690
 20
67.975226
 40
0.101600
 41
0.101600
 42
-0.414362
  0
VERTEX
  8
PG_NEW-SILK-TOP
 10
75.345290
 20
68.127626
 40
0.101600
 41
0.101600
 42
0.000000
  0
SEQEND
  0
POLYLINE
  8
PIN_TOP
 66
1
 70
1
 40
0.000000
 41
0.000000
 39
0.000000
  0
VERTEX
  8
PIN_TOP
 10
78.839187
 20
72.439149
 40
0.000000
 41
0.000000
 42
0.000000
  0
VERTEX
  8
PIN_TOP
 10
78.539213
 20
72.439149
 40
0.000000
 41
0.000000
 42
0.000000
  0
VERTEX
  8
PIN_TOP
 10
78.539213
 20
72.739123
 40
0.000000
 41
0.000000
 42
0.000000
  0
VERTEX
  8
PIN_TOP
 10
78.839187
 20
72.739123
 40
0.000000
 41
0.000000
 42
0.000000
  0
SEQEND
  0
POLYLINE
  8
PIN_TOP
 66
1
 70
1
 40
0.000000
 41
0.000000
 39
0.000000
  0
VERTEX
  8
PIN_TOP
 10
78.839187
 20
71.939277
 40
0.000000
 41
0.000000
 42
0.000000
  0
VERTEX
  8
PIN_TOP
 10
78.539213
 20
71.939277
 40
0.000000
 41
0.000000
 42
0.000000
  0
VERTEX
  8
PIN_TOP
 10
78.539213
 20
72.239251
 40
0.000000
 41
0.000000
 42
0.000000
  0
VERTEX
  8
PIN_TOP
 10
78.839187
 20
72.239251
 40
0.000000
 41
0.000000
 42
0.000000
  0
SEQEND
  0
POLYLINE
  8
PG_NEW-SILK-TOP
 66
1
 70
0
 40
0.000000
 41
0.000000
 39
0.000000
  0
VERTEX
  8
PG_NEW-SILK-TOP
 10
78.836774
 20
71.789290
 40
0.101600
 41
0.101600
 42
0.000000
  0
VERTEX
  8
PG_NEW-SILK-TOP
 10
78.541626
 20
71.789290
 40
0.101600
 41
0.101600
 42
-0.414362
  0
VERTEX
  8
PG_NEW-SILK-TOP
 10
78.389226
 20
71.941690
 40
0.101600
 41
0.101600
 42
0.000000
  0
VERTEX
  8
PG_NEW-SILK-TOP
 10
78.389226
 20
72.736710
 40
0.101600
 41
0.101600
 42
-0.414362
  0
VERTEX
  8
PG_NEW-SILK-TOP
 10
78.541626
 20
72.889110
 40
0.101600
 41
0.101600
 42
0.000000
  0
VERTEX
  8
PG_NEW-SILK-TOP
 10
78.836774
 20
72.889110
 40
0.101600
 41
0.101600
 42
-0.414362
  0
VERTEX
  8
PG_NEW-SILK-TOP
 10
78.989174
 20
72.736710
 40
0.101600
 41
0.101600
 42
0.000000
  0
VERTEX
  8
PG_NEW-SILK-TOP
 10
78.989174
 20
71.941690
 40
0.101600
 41
0.101600
 42
-0.414362
  0
VERTEX
  8
PG_NEW-SILK-TOP
 10
78.836774
 20
71.789290
 40
0.101600
 41
0.101600
 42
0.000000
  0
SEQEND
  0
POLYLINE
  8
PIN_TOP
 66
1
 70
1
 40
0.000000
 41
0.000000
 39
0.000000
  0
VERTEX
  8
PIN_TOP
 10
75.440413
 20
70.918451
 40
0.000000
 41
0.000000
 42
0.000000
  0
VERTEX
  8
PIN_TOP
 10
75.740387
 20
70.918451
 40
0.000000
 41
0.000000
 42
0.000000
  0
VERTEX
  8
PIN_TOP
 10
75.740387
 20
70.618477
 40
0.000000
 41
0.000000
 42
0.000000
  0
VERTEX
  8
PIN_TOP
 10
75.440413
 20
70.618477
 40
0.000000
 41
0.000000
 42
0.000000
  0
SEQEND
  0
POLYLINE
  8
PIN_TOP
 66
1
 70
1
 40
0.000000
 41
0.000000
 39
0.000000
  0
VERTEX
  8
PIN_TOP
 10
75.440413
 20
71.418323
 40
0.000000
 41
0.000000
 42
0.000000
  0
VERTEX
  8
PIN_TOP
 10
75.740387
 20
71.418323
 40
0.000000
 41
0.000000
 42
0.000000
  0
VERTEX
  8
PIN_TOP
 10
75.740387
 20
71.118349
 40
0.000000
 41
0.000000
 42
0.000000
  0
VERTEX
  8
PIN_TOP
 10
75.440413
 20
71.118349
 40
0.000000
 41
0.000000
 42
0.000000
  0
SEQEND
  0
POLYLINE
  8
PG_NEW-SILK-TOP
 66
1
 70
0
 40
0.000000
 41
0.000000
 39
0.000000
  0
VERTEX
  8
PG_NEW-SILK-TOP
 10
75.442826
 20
71.568310
 40
0.101600
 41
0.101600
 42
0.000000
  0
VERTEX
  8
PG_NEW-SILK-TOP
 10
75.737974
 20
71.568310
 40
0.101600
 41
0.101600
 42
-0.414362
  0
VERTEX
  8
PG_NEW-SILK-TOP
 10
75.890374
 20
71.415910
 40
0.101600
 41
0.101600
 42
0.000000
  0
VERTEX
  8
PG_NEW-SILK-TOP
 10
75.890374
 20
70.620890
 40
0.101600
 41
0.101600
 42
-0.414362
  0
VERTEX
  8
PG_NEW-SILK-TOP
 10
75.737974
 20
70.468490
 40
0.101600
 41
0.101600
 42
0.000000
  0
VERTEX
  8
PG_NEW-SILK-TOP
 10
75.442826
 20
70.468490
 40
0.101600
 41
0.101600
 42
-0.414362
  0
VERTEX
  8
PG_NEW-SILK-TOP
 10
75.290426
 20
70.620890
 40
0.101600
 41
0.101600
 42
0.000000
  0
VERTEX
  8
PG_NEW-SILK-TOP
 10
75.290426
 20
71.415910
 40
0.101600
 41
0.101600
 42
-0.414362
  0
VERTEX
  8
PG_NEW-SILK-TOP
 10
75.442826
 20
71.568310
 40
0.101600
 41
0.101600
 42
0.000000
  0
SEQEND
  0
POLYLINE
  8
PIN_TOP
 66
1
 70
1
 40
0.000000
 41
0.000000
 39
0.000000
  0
VERTEX
  8
PIN_TOP
 10
75.995022
 20
67.413886
 40
0.000000
 41
0.000000
 42
0.000000
  0
VERTEX
  8
PIN_TOP
 10
75.995022
 20
67.713860
 40
0.000000
 41
0.000000
 42
0.000000
  0
VERTEX
  8
PIN_TOP
 10
76.294996
 20
67.713860
 40
0.000000
 41
0.000000
 42
0.000000
  0
VERTEX
  8
PIN_TOP
 10
76.294996
 20
67.413886
 40
0.000000
 41
0.000000
 42
0.000000
  0
SEQEND
  0
POLYLINE
  8
PIN_TOP
 66
1
 70
1
 40
0.000000
 41
0.000000
 39
0.000000
  0
VERTEX
  8
PIN_TOP
 10
75.495150
 20
67.413886
 40
0.000000
 41
0.000000
 42
0.000000
  0
VERTEX
  8
PIN_TOP
 10
75.495150
 20
67.713860
 40
0.000000
 41
0.000000
 42
0.000000
  0
VERTEX
  8
PIN_TOP
 10
75.795124
 20
67.713860
 40
0.000000
 41
0.000000
 42
0.000000
  0
VERTEX
  8
PIN_TOP
 10
75.795124
 20
67.413886
 40
0.000000
 41
0.000000
 42
0.000000
  0
SEQEND
  0
POLYLINE
  8
PG_NEW-SILK-TOP
 66
1
 70
0
 40
0.000000
 41
0.000000
 39
0.000000
  0
VERTEX
  8
PG_NEW-SILK-TOP
 10
75.345290
 20
67.416426
 40
0.101600
 41
0.101600
 42
0.000000
  0
VERTEX
  8
PG_NEW-SILK-TOP
 10
75.345290
 20
67.711574
 40
0.101600
 41
0.101600
 42
-0.414362
  0
VERTEX
  8
PG_NEW-SILK-TOP
 10
75.497690
 20
67.863974
 40
0.101600
 41
0.101600
 42
0.000000
  0
VERTEX
  8
PG_NEW-SILK-TOP
 10
76.292710
 20
67.863974
 40
0.101600
 41
0.101600
 42
-0.414362
  0
VERTEX
  8
PG_NEW-SILK-TOP
 10
76.445110
 20
67.711574
 40
0.101600
 41
0.101600
 42
0.000000
  0
VERTEX
  8
PG_NEW-SILK-TOP
 10
76.445110
 20
67.416426
 40
0.101600
 41
0.101600
 42
-0.414362
  0
VERTEX
  8
PG_NEW-SILK-TOP
 10
76.292710
 20
67.264026
 40
0.101600
 41
0.101600
 42
0.000000
  0
VERTEX
  8
PG_NEW-SILK-TOP
 10
75.497690
 20
67.264026
 40
0.101600
 41
0.101600
 42
-0.414362
  0
VERTEX
  8
PG_NEW-SILK-TOP
 10
75.345290
 20
67.416426
 40
0.101600
 41
0.101600
 42
0.000000
  0
SEQEND
  0
POLYLINE
  8
PIN_TOP
 66
1
 70
1
 40
0.000000
 41
0.000000
 39
0.000000
  0
VERTEX
  8
PIN_TOP
 10
75.440413
 20
69.699251
 40
0.000000
 41
0.000000
 42
0.000000
  0
VERTEX
  8
PIN_TOP
 10
75.740387
 20
69.699251
 40
0.000000
 41
0.000000
 42
0.000000
  0
VERTEX
  8
PIN_TOP
 10
75.740387
 20
69.399277
 40
0.000000
 41
0.000000
 42
0.000000
  0
VERTEX
  8
PIN_TOP
 10
75.440413
 20
69.399277
 40
0.000000
 41
0.000000
 42
0.000000
  0
SEQEND
  0
POLYLINE
  8
PIN_TOP
 66
1
 70
1
 40
0.000000
 41
0.000000
 39
0.000000
  0
VERTEX
  8
PIN_TOP
 10
75.440413
 20
70.199123
 40
0.000000
 41
0.000000
 42
0.000000
  0
VERTEX
  8
PIN_TOP
 10
75.740387
 20
70.199123
 40
0.000000
 41
0.000000
 42
0.000000
  0
VERTEX
  8
PIN_TOP
 10
75.740387
 20
69.899149
 40
0.000000
 41
0.000000
 42
0.000000
  0
VERTEX
  8
PIN_TOP
 10
75.440413
 20
69.899149
 40
0.000000
 41
0.000000
 42
0.000000
  0
SEQEND
  0
POLYLINE
  8
PG_NEW-SILK-TOP
 66
1
 70
0
 40
0.000000
 41
0.000000
 39
0.000000
  0
VERTEX
  8
PG_NEW-SILK-TOP
 10
75.442826
 20
70.349110
 40
0.101600
 41
0.101600
 42
0.000000
  0
VERTEX
  8
PG_NEW-SILK-TOP
 10
75.737974
 20
70.349110
 40
0.101600
 41
0.101600
 42
-0.414362
  0
VERTEX
  8
PG_NEW-SILK-TOP
 10
75.890374
 20
70.196710
 40
0.101600
 41
0.101600
 42
0.000000
  0
VERTEX
  8
PG_NEW-SILK-TOP
 10
75.890374
 20
69.401690
 40
0.101600
 41
0.101600
 42
-0.414362
  0
VERTEX
  8
PG_NEW-SILK-TOP
 10
75.737974
 20
69.249290
 40
0.101600
 41
0.101600
 42
0.000000
  0
VERTEX
  8
PG_NEW-SILK-TOP
 10
75.442826
 20
69.249290
 40
0.101600
 41
0.101600
 42
-0.414362
  0
VERTEX
  8
PG_NEW-SILK-TOP
 10
75.290426
 20
69.401690
 40
0.101600
 41
0.101600
 42
0.000000
  0
VERTEX
  8
PG_NEW-SILK-TOP
 10
75.290426
 20
70.196710
 40
0.101600
 41
0.101600
 42
-0.414362
  0
VERTEX
  8
PG_NEW-SILK-TOP
 10
75.442826
 20
70.349110
 40
0.101600
 41
0.101600
 42
0.000000
  0
SEQEND
  0
POLYLINE
  8
PIN_TOP
 66
1
 70
1
 40
0.000000
 41
0.000000
 39
0.000000
  0
VERTEX
  8
PIN_TOP
 10
56.691022
 20
66.905886
 40
0.000000
 41
0.000000
 42
0.000000
  0
VERTEX
  8
PIN_TOP
 10
56.691022
 20
67.205860
 40
0.000000
 41
0.000000
 42
0.000000
  0
VERTEX
  8
PIN_TOP
 10
56.990996
 20
67.205860
 40
0.000000
 41
0.000000
 42
0.000000
  0
VERTEX
  8
PIN_TOP
 10
56.990996
 20
66.905886
 40
0.000000
 41
0.000000
 42
0.000000
  0
SEQEND
  0
POLYLINE
  8
PIN_TOP
 66
1
 70
1
 40
0.000000
 41
0.000000
 39
0.000000
  0
VERTEX
  8
PIN_TOP
 10
56.191150
 20
66.905886
 40
0.000000
 41
0.000000
 42
0.000000
  0
VERTEX
  8
PIN_TOP
 10
56.191150
 20
67.205860
 40
0.000000
 41
0.000000
 42
0.000000
  0
VERTEX
  8
PIN_TOP
 10
56.491124
 20
67.205860
 40
0.000000
 41
0.000000
 42
0.000000
  0
VERTEX
  8
PIN_TOP
 10
56.491124
 20
66.905886
 40
0.000000
 41
0.000000
 42
0.000000
  0
SEQEND
  0
POLYLINE
  8
PG_NEW-SILK-TOP
 66
1
 70
0
 40
0.000000
 41
0.000000
 39
0.000000
  0
VERTEX
  8
PG_NEW-SILK-TOP
 10
56.041290
 20
66.908426
 40
0.101600
 41
0.101600
 42
0.000000
  0
VERTEX
  8
PG_NEW-SILK-TOP
 10
56.041290
 20
67.203574
 40
0.101600
 41
0.101600
 42
-0.414362
  0
VERTEX
  8
PG_NEW-SILK-TOP
 10
56.193690
 20
67.355974
 40
0.101600
 41
0.101600
 42
0.000000
  0
VERTEX
  8
PG_NEW-SILK-TOP
 10
56.988710
 20
67.355974
 40
0.101600
 41
0.101600
 42
-0.414362
  0
VERTEX
  8
PG_NEW-SILK-TOP
 10
57.141110
 20
67.203574
 40
0.101600
 41
0.101600
 42
0.000000
  0
VERTEX
  8
PG_NEW-SILK-TOP
 10
57.141110
 20
66.908426
 40
0.101600
 41
0.101600
 42
-0.414362
  0
VERTEX
  8
PG_NEW-SILK-TOP
 10
56.988710
 20
66.756026
 40
0.101600
 41
0.101600
 42
0.000000
  0
VERTEX
  8
PG_NEW-SILK-TOP
 10
56.193690
 20
66.756026
 40
0.101600
 41
0.101600
 42
-0.414362
  0
VERTEX
  8
PG_NEW-SILK-TOP
 10
56.041290
 20
66.908426
 40
0.101600
 41
0.101600
 42
0.000000
  0
SEQEND
  0
POLYLINE
  8
PIN_TOP
 66
1
 70
1
 40
0.000000
 41
0.000000
 39
0.000000
  0
VERTEX
  8
PIN_TOP
 10
59.231022
 20
73.509886
 40
0.000000
 41
0.000000
 42
0.000000
  0
VERTEX
  8
PIN_TOP
 10
59.231022
 20
73.809860
 40
0.000000
 41
0.000000
 42
0.000000
  0
VERTEX
  8
PIN_TOP
 10
59.530996
 20
73.809860
 40
0.000000
 41
0.000000
 42
0.000000
  0
VERTEX
  8
PIN_TOP
 10
59.530996
 20
73.509886
 40
0.000000
 41
0.000000
 42
0.000000
  0
SEQEND
  0
POLYLINE
  8
PIN_TOP
 66
1
 70
1
 40
0.000000
 41
0.000000
 39
0.000000
  0
VERTEX
  8
PIN_TOP
 10
58.731150
 20
73.509886
 40
0.000000
 41
0.000000
 42
0.000000
  0
VERTEX
  8
PIN_TOP
 10
58.731150
 20
73.809860
 40
0.000000
 41
0.000000
 42
0.000000
  0
VERTEX
  8
PIN_TOP
 10
59.031124
 20
73.809860
 40
0.000000
 41
0.000000
 42
0.000000
  0
VERTEX
  8
PIN_TOP
 10
59.031124
 20
73.509886
 40
0.000000
 41
0.000000
 42
0.000000
  0
SEQEND
  0
POLYLINE
  8
PG_NEW-SILK-TOP
 66
1
 70
0
 40
0.000000
 41
0.000000
 39
0.000000
  0
VERTEX
  8
PG_NEW-SILK-TOP
 10
58.581290
 20
73.512426
 40
0.101600
 41
0.101600
 42
0.000000
  0
VERTEX
  8
PG_NEW-SILK-TOP
 10
58.581290
 20
73.807574
 40
0.101600
 41
0.101600
 42
-0.414362
  0
VERTEX
  8
PG_NEW-SILK-TOP
 10
58.733690
 20
73.959974
 40
0.101600
 41
0.101600
 42
0.000000
  0
VERTEX
  8
PG_NEW-SILK-TOP
 10
59.528710
 20
73.959974
 40
0.101600
 41
0.101600
 42
-0.414362
  0
VERTEX
  8
PG_NEW-SILK-TOP
 10
59.681110
 20
73.807574
 40
0.101600
 41
0.101600
 42
0.000000
  0
VERTEX
  8
PG_NEW-SILK-TOP
 10
59.681110
 20
73.512426
 40
0.101600
 41
0.101600
 42
-0.414362
  0
VERTEX
  8
PG_NEW-SILK-TOP
 10
59.528710
 20
73.360026
 40
0.101600
 41
0.101600
 42
0.000000
  0
VERTEX
  8
PG_NEW-SILK-TOP
 10
58.733690
 20
73.360026
 40
0.101600
 41
0.101600
 42
-0.414362
  0
VERTEX
  8
PG_NEW-SILK-TOP
 10
58.581290
 20
73.512426
 40
0.101600
 41
0.101600
 42
0.000000
  0
SEQEND
  0
POLYLINE
  8
PIN_TOP
 66
1
 70
1
 40
0.000000
 41
0.000000
 39
0.000000
  0
VERTEX
  8
PIN_TOP
 10
56.847613
 20
69.089651
 40
0.000000
 41
0.000000
 42
0.000000
  0
VERTEX
  8
PIN_TOP
 10
57.147587
 20
69.089651
 40
0.000000
 41
0.000000
 42
0.000000
  0
VERTEX
  8
PIN_TOP
 10
57.147587
 20
68.789677
 40
0.000000
 41
0.000000
 42
0.000000
  0
VERTEX
  8
PIN_TOP
 10
56.847613
 20
68.789677
 40
0.000000
 41
0.000000
 42
0.000000
  0
SEQEND
  0
POLYLINE
  8
PIN_TOP
 66
1
 70
1
 40
0.000000
 41
0.000000
 39
0.000000
  0
VERTEX
  8
PIN_TOP
 10
56.847613
 20
69.589523
 40
0.000000
 41
0.000000
 42
0.000000
  0
VERTEX
  8
PIN_TOP
 10
57.147587
 20
69.589523
 40
0.000000
 41
0.000000
 42
0.000000
  0
VERTEX
  8
PIN_TOP
 10
57.147587
 20
69.289549
 40
0.000000
 41
0.000000
 42
0.000000
  0
VERTEX
  8
PIN_TOP
 10
56.847613
 20
69.289549
 40
0.000000
 41
0.000000
 42
0.000000
  0
SEQEND
  0
POLYLINE
  8
PG_NEW-SILK-TOP
 66
1
 70
0
 40
0.000000
 41
0.000000
 39
0.000000
  0
VERTEX
  8
PG_NEW-SILK-TOP
 10
56.850026
 20
69.739510
 40
0.101600
 41
0.101600
 42
0.000000
  0
VERTEX
  8
PG_NEW-SILK-TOP
 10
57.145174
 20
69.739510
 40
0.101600
 41
0.101600
 42
-0.414362
  0
VERTEX
  8
PG_NEW-SILK-TOP
 10
57.297574
 20
69.587110
 40
0.101600
 41
0.101600
 42
0.000000
  0
VERTEX
  8
PG_NEW-SILK-TOP
 10
57.297574
 20
68.792090
 40
0.101600
 41
0.101600
 42
-0.414362
  0
VERTEX
  8
PG_NEW-SILK-TOP
 10
57.145174
 20
68.639690
 40
0.101600
 41
0.101600
 42
0.000000
  0
VERTEX
  8
PG_NEW-SILK-TOP
 10
56.850026
 20
68.639690
 40
0.101600
 41
0.101600
 42
-0.414362
  0
VERTEX
  8
PG_NEW-SILK-TOP
 10
56.697626
 20
68.792090
 40
0.101600
 41
0.101600
 42
0.000000
  0
VERTEX
  8
PG_NEW-SILK-TOP
 10
56.697626
 20
69.587110
 40
0.101600
 41
0.101600
 42
-0.414362
  0
VERTEX
  8
PG_NEW-SILK-TOP
 10
56.850026
 20
69.739510
 40
0.101600
 41
0.101600
 42
0.000000
  0
SEQEND
  0
POLYLINE
  8
PIN_TOP
 66
1
 70
1
 40
0.000000
 41
0.000000
 39
0.000000
  0
VERTEX
  8
PIN_TOP
 10
59.231022
 20
70.868286
 40
0.000000
 41
0.000000
 42
0.000000
  0
VERTEX
  8
PIN_TOP
 10
59.231022
 20
71.168260
 40
0.000000
 41
0.000000
 42
0.000000
  0
VERTEX
  8
PIN_TOP
 10
59.530996
 20
71.168260
 40
0.000000
 41
0.000000
 42
0.000000
  0
VERTEX
  8
PIN_TOP
 10
59.530996
 20
70.868286
 40
0.000000
 41
0.000000
 42
0.000000
  0
SEQEND
  0
POLYLINE
  8
PIN_TOP
 66
1
 70
1
 40
0.000000
 41
0.000000
 39
0.000000
  0
VERTEX
  8
PIN_TOP
 10
58.731150
 20
70.868286
 40
0.000000
 41
0.000000
 42
0.000000
  0
VERTEX
  8
PIN_TOP
 10
58.731150
 20
71.168260
 40
0.000000
 41
0.000000
 42
0.000000
  0
VERTEX
  8
PIN_TOP
 10
59.031124
 20
71.168260
 40
0.000000
 41
0.000000
 42
0.000000
  0
VERTEX
  8
PIN_TOP
 10
59.031124
 20
70.868286
 40
0.000000
 41
0.000000
 42
0.000000
  0
SEQEND
  0
POLYLINE
  8
PG_NEW-SILK-TOP
 66
1
 70
0
 40
0.000000
 41
0.000000
 39
0.000000
  0
VERTEX
  8
PG_NEW-SILK-TOP
 10
58.581290
 20
70.870826
 40
0.101600
 41
0.101600
 42
0.000000
  0
VERTEX
  8
PG_NEW-SILK-TOP
 10
58.581290
 20
71.165974
 40
0.101600
 41
0.101600
 42
-0.414362
  0
VERTEX
  8
PG_NEW-SILK-TOP
 10
58.733690
 20
71.318374
 40
0.101600
 41
0.101600
 42
0.000000
  0
VERTEX
  8
PG_NEW-SILK-TOP
 10
59.528710
 20
71.318374
 40
0.101600
 41
0.101600
 42
-0.414362
  0
VERTEX
  8
PG_NEW-SILK-TOP
 10
59.681110
 20
71.165974
 40
0.101600
 41
0.101600
 42
0.000000
  0
VERTEX
  8
PG_NEW-SILK-TOP
 10
59.681110
 20
70.870826
 40
0.101600
 41
0.101600
 42
-0.414362
  0
VERTEX
  8
PG_NEW-SILK-TOP
 10
59.528710
 20
70.718426
 40
0.101600
 41
0.101600
 42
0.000000
  0
VERTEX
  8
PG_NEW-SILK-TOP
 10
58.733690
 20
70.718426
 40
0.101600
 41
0.101600
 42
-0.414362
  0
VERTEX
  8
PG_NEW-SILK-TOP
 10
58.581290
 20
70.870826
 40
0.101600
 41
0.101600
 42
0.000000
  0
SEQEND
  0
POLYLINE
  8
PIN_TOP
 66
1
 70
1
 40
0.000000
 41
0.000000
 39
0.000000
  0
VERTEX
  8
PIN_TOP
 10
76.276454
 20
76.277216
 40
0.000000
 41
0.000000
 42
0.000000
  0
VERTEX
  8
PIN_TOP
 10
75.516486
 20
76.277216
 40
0.000000
 41
0.000000
 42
0.000000
  0
VERTEX
  8
PIN_TOP
 10
75.516486
 20
77.037184
 40
0.000000
 41
0.000000
 42
0.000000
  0
VERTEX
  8
PIN_TOP
 10
76.276454
 20
77.037184
 40
0.000000
 41
0.000000
 42
0.000000
  0
SEQEND
  0
POLYLINE
  8
PIN_TOP
 66
1
 70
1
 40
0.000000
 41
0.000000
 39
0.000000
  0
VERTEX
  8
PIN_TOP
 10
77.696314
 20
76.277216
 40
0.000000
 41
0.000000
 42
0.000000
  0
VERTEX
  8
PIN_TOP
 10
76.936346
 20
76.277216
 40
0.000000
 41
0.000000
 42
0.000000
  0
VERTEX
  8
PIN_TOP
 10
76.936346
 20
77.037184
 40
0.000000
 41
0.000000
 42
0.000000
  0
VERTEX
  8
PIN_TOP
 10
77.696314
 20
77.037184
 40
0.000000
 41
0.000000
 42
0.000000
  0
SEQEND
  0
POLYLINE
  8
PG_NEW-SILK-TOP
 66
1
 70
0
 40
0.000000
 41
0.000000
 39
0.000000
  0
VERTEX
  8
PG_NEW-SILK-TOP
 10
75.306428
 20
76.311252
 40
0.101600
 41
0.101600
 42
0.000000
  0
VERTEX
  8
PG_NEW-SILK-TOP
 10
75.306428
 20
77.003148
 40
0.101600
 41
0.101600
 42
-0.414275
  0
VERTEX
  8
PG_NEW-SILK-TOP
 10
75.560428
 20
77.257148
 40
0.101600
 41
0.101600
 42
0.000000
  0
VERTEX
  8
PG_NEW-SILK-TOP
 10
77.652372
 20
77.257148
 40
0.101600
 41
0.101600
 42
-0.414275
  0
VERTEX
  8
PG_NEW-SILK-TOP
 10
77.906372
 20
77.003148
 40
0.101600
 41
0.101600
 42
0.000000
  0
VERTEX
  8
PG_NEW-SILK-TOP
 10
77.906372
 20
76.311252
 40
0.101600
 41
0.101600
 42
-0.414275
  0
VERTEX
  8
PG_NEW-SILK-TOP
 10
77.652372
 20
76.057252
 40
0.101600
 41
0.101600
 42
0.000000
  0
VERTEX
  8
PG_NEW-SILK-TOP
 10
75.560428
 20
76.057252
 40
0.101600
 41
0.101600
 42
-0.414275
  0
VERTEX
  8
PG_NEW-SILK-TOP
 10
75.306428
 20
76.311252
 40
0.101600
 41
0.101600
 42
0.000000
  0
SEQEND
  0
POLYLINE
  8
PIN_TOP
 66
1
 70
1
 40
0.000000
 41
0.000000
 39
0.000000
  0
VERTEX
  8
PIN_TOP
 10
67.715384
 20
95.174054
 40
0.000000
 41
0.000000
 42
0.000000
  0
VERTEX
  8
PIN_TOP
 10
67.715384
 20
94.414086
 40
0.000000
 41
0.000000
 42
0.000000
  0
VERTEX
  8
PIN_TOP
 10
66.955416
 20
94.414086
 40
0.000000
 41
0.000000
 42
0.000000
  0
VERTEX
  8
PIN_TOP
 10
66.955416
 20
95.174054
 40
0.000000
 41
0.000000
 42
0.000000
  0
SEQEND
  0
POLYLINE
  8
PIN_TOP
 66
1
 70
1
 40
0.000000
 41
0.000000
 39
0.000000
  0
VERTEX
  8
PIN_TOP
 10
67.715384
 20
96.593914
 40
0.000000
 41
0.000000
 42
0.000000
  0
VERTEX
  8
PIN_TOP
 10
67.715384
 20
95.833946
 40
0.000000
 41
0.000000
 42
0.000000
  0
VERTEX
  8
PIN_TOP
 10
66.955416
 20
95.833946
 40
0.000000
 41
0.000000
 42
0.000000
  0
VERTEX
  8
PIN_TOP
 10
66.955416
 20
96.593914
 40
0.000000
 41
0.000000
 42
0.000000
  0
SEQEND
  0
POLYLINE
  8
PG_NEW-SILK-TOP
 66
1
 70
0
 40
0.000000
 41
0.000000
 39
0.000000
  0
VERTEX
  8
PG_NEW-SILK-TOP
 10
67.681348
 20
94.204028
 40
0.101600
 41
0.101600
 42
0.000000
  0
VERTEX
  8
PG_NEW-SILK-TOP
 10
66.989452
 20
94.204028
 40
0.101600
 41
0.101600
 42
-0.414275
  0
VERTEX
  8
PG_NEW-SILK-TOP
 10
66.735452
 20
94.458028
 40
0.101600
 41
0.101600
 42
0.000000
  0
VERTEX
  8
PG_NEW-SILK-TOP
 10
66.735452
 20
96.549972
 40
0.101600
 41
0.101600
 42
-0.414275
  0
VERTEX
  8
PG_NEW-SILK-TOP
 10
66.989452
 20
96.803972
 40
0.101600
 41
0.101600
 42
0.000000
  0
VERTEX
  8
PG_NEW-SILK-TOP
 10
67.681348
 20
96.803972
 40
0.101600
 41
0.101600
 42
-0.414275
  0
VERTEX
  8
PG_NEW-SILK-TOP
 10
67.935348
 20
96.549972
 40
0.101600
 41
0.101600
 42
0.000000
  0
VERTEX
  8
PG_NEW-SILK-TOP
 10
67.935348
 20
94.458028
 40
0.101600
 41
0.101600
 42
-0.414275
  0
VERTEX
  8
PG_NEW-SILK-TOP
 10
67.681348
 20
94.204028
 40
0.101600
 41
0.101600
 42
0.000000
  0
SEQEND
  0
POLYLINE
  8
PIN_TOP
 66
1
 70
1
 40
0.000000
 41
0.000000
 39
0.000000
  0
VERTEX
  8
PIN_TOP
 10
70.941946
 20
97.915984
 40
0.000000
 41
0.000000
 42
0.000000
  0
VERTEX
  8
PIN_TOP
 10
71.701914
 20
97.915984
 40
0.000000
 41
0.000000
 42
0.000000
  0
VERTEX
  8
PIN_TOP
 10
71.701914
 20
97.156016
 40
0.000000
 41
0.000000
 42
0.000000
  0
VERTEX
  8
PIN_TOP
 10
70.941946
 20
97.156016
 40
0.000000
 41
0.000000
 42
0.000000
  0
SEQEND
  0
POLYLINE
  8
PIN_TOP
 66
1
 70
1
 40
0.000000
 41
0.000000
 39
0.000000
  0
VERTEX
  8
PIN_TOP
 10
69.522086
 20
97.915984
 40
0.000000
 41
0.000000
 42
0.000000
  0
VERTEX
  8
PIN_TOP
 10
70.282054
 20
97.915984
 40
0.000000
 41
0.000000
 42
0.000000
  0
VERTEX
  8
PIN_TOP
 10
70.282054
 20
97.156016
 40
0.000000
 41
0.000000
 42
0.000000
  0
VERTEX
  8
PIN_TOP
 10
69.522086
 20
97.156016
 40
0.000000
 41
0.000000
 42
0.000000
  0
SEQEND
  0
POLYLINE
  8
PG_NEW-SILK-TOP
 66
1
 70
0
 40
0.000000
 41
0.000000
 39
0.000000
  0
VERTEX
  8
PG_NEW-SILK-TOP
 10
71.911972
 20
97.881948
 40
0.101600
 41
0.101600
 42
0.000000
  0
VERTEX
  8
PG_NEW-SILK-TOP
 10
71.911972
 20
97.190052
 40
0.101600
 41
0.101600
 42
-0.414275
  0
VERTEX
  8
PG_NEW-SILK-TOP
 10
71.657972
 20
96.936052
 40
0.101600
 41
0.101600
 42
0.000000
  0
VERTEX
  8
PG_NEW-SILK-TOP
 10
69.566028
 20
96.936052
 40
0.101600
 41
0.101600
 42
-0.414275
  0
VERTEX
  8
PG_NEW-SILK-TOP
 10
69.312028
 20
97.190052
 40
0.101600
 41
0.101600
 42
0.000000
  0
VERTEX
  8
PG_NEW-SILK-TOP
 10
69.312028
 20
97.881948
 40
0.101600
 41
0.101600
 42
-0.414275
  0
VERTEX
  8
PG_NEW-SILK-TOP
 10
69.566028
 20
98.135948
 40
0.101600
 41
0.101600
 42
0.000000
  0
VERTEX
  8
PG_NEW-SILK-TOP
 10
71.657972
 20
98.135948
 40
0.101600
 41
0.101600
 42
-0.414275
  0
VERTEX
  8
PG_NEW-SILK-TOP
 10
71.911972
 20
97.881948
 40
0.101600
 41
0.101600
 42
0.000000
  0
SEQEND
  0
POLYLINE
  8
PIN_TOP
 66
1
 70
1
 40
0.000000
 41
0.000000
 39
0.000000
  0
VERTEX
  8
PIN_TOP
 10
66.216784
 20
95.174054
 40
0.000000
 41
0.000000
 42
0.000000
  0
VERTEX
  8
PIN_TOP
 10
66.216784
 20
94.414086
 40
0.000000
 41
0.000000
 42
0.000000
  0
VERTEX
  8
PIN_TOP
 10
65.456816
 20
94.414086
 40
0.000000
 41
0.000000
 42
0.000000
  0
VERTEX
  8
PIN_TOP
 10
65.456816
 20
95.174054
 40
0.000000
 41
0.000000
 42
0.000000
  0
SEQEND
  0
POLYLINE
  8
PIN_TOP
 66
1
 70
1
 40
0.000000
 41
0.000000
 39
0.000000
  0
VERTEX
  8
PIN_TOP
 10
66.216784
 20
96.593914
 40
0.000000
 41
0.000000
 42
0.000000
  0
VERTEX
  8
PIN_TOP
 10
66.216784
 20
95.833946
 40
0.000000
 41
0.000000
 42
0.000000
  0
VERTEX
  8
PIN_TOP
 10
65.456816
 20
95.833946
 40
0.000000
 41
0.000000
 42
0.000000
  0
VERTEX
  8
PIN_TOP
 10
65.456816
 20
96.593914
 40
0.000000
 41
0.000000
 42
0.000000
  0
SEQEND
  0
POLYLINE
  8
PG_NEW-SILK-TOP
 66
1
 70
0
 40
0.000000
 41
0.000000
 39
0.000000
  0
VERTEX
  8
PG_NEW-SILK-TOP
 10
66.182748
 20
94.204028
 40
0.101600
 41
0.101600
 42
0.000000
  0
VERTEX
  8
PG_NEW-SILK-TOP
 10
65.490852
 20
94.204028
 40
0.101600
 41
0.101600
 42
-0.414275
  0
VERTEX
  8
PG_NEW-SILK-TOP
 10
65.236852
 20
94.458028
 40
0.101600
 41
0.101600
 42
0.000000
  0
VERTEX
  8
PG_NEW-SILK-TOP
 10
65.236852
 20
96.549972
 40
0.101600
 41
0.101600
 42
-0.414275
  0
VERTEX
  8
PG_NEW-SILK-TOP
 10
65.490852
 20
96.803972
 40
0.101600
 41
0.101600
 42
0.000000
  0
VERTEX
  8
PG_NEW-SILK-TOP
 10
66.182748
 20
96.803972
 40
0.101600
 41
0.101600
 42
-0.414275
  0
VERTEX
  8
PG_NEW-SILK-TOP
 10
66.436748
 20
96.549972
 40
0.101600
 41
0.101600
 42
0.000000
  0
VERTEX
  8
PG_NEW-SILK-TOP
 10
66.436748
 20
94.458028
 40
0.101600
 41
0.101600
 42
-0.414275
  0
VERTEX
  8
PG_NEW-SILK-TOP
 10
66.182748
 20
94.204028
 40
0.101600
 41
0.101600
 42
0.000000
  0
SEQEND
  0
POLYLINE
  8
PIN_TOP
 66
1
 70
1
 40
0.000000
 41
0.000000
 39
0.000000
  0
VERTEX
  8
PIN_TOP
 10
69.470016
 20
99.872546
 40
0.000000
 41
0.000000
 42
0.000000
  0
VERTEX
  8
PIN_TOP
 10
69.470016
 20
100.632514
 40
0.000000
 41
0.000000
 42
0.000000
  0
VERTEX
  8
PIN_TOP
 10
70.229984
 20
100.632514
 40
0.000000
 41
0.000000
 42
0.000000
  0
VERTEX
  8
PIN_TOP
 10
70.229984
 20
99.872546
 40
0.000000
 41
0.000000
 42
0.000000
  0
SEQEND
  0
POLYLINE
  8
PIN_TOP
 66
1
 70
1
 40
0.000000
 41
0.000000
 39
0.000000
  0
VERTEX
  8
PIN_TOP
 10
69.470016
 20
98.452686
 40
0.000000
 41
0.000000
 42
0.000000
  0
VERTEX
  8
PIN_TOP
 10
69.470016
 20
99.212654
 40
0.000000
 41
0.000000
 42
0.000000
  0
VERTEX
  8
PIN_TOP
 10
70.229984
 20
99.212654
 40
0.000000
 41
0.000000
 42
0.000000
  0
VERTEX
  8
PIN_TOP
 10
70.229984
 20
98.452686
 40
0.000000
 41
0.000000
 42
0.000000
  0
SEQEND
  0
POLYLINE
  8
PG_NEW-SILK-TOP
 66
1
 70
0
 40
0.000000
 41
0.000000
 39
0.000000
  0
VERTEX
  8
PG_NEW-SILK-TOP
 10
69.504052
 20
100.842572
 40
0.101600
 41
0.101600
 42
0.000000
  0
VERTEX
  8
PG_NEW-SILK-TOP
 10
70.195948
 20
100.842572
 40
0.101600
 41
0.101600
 42
-0.414275
  0
VERTEX
  8
PG_NEW-SILK-TOP
 10
70.449948
 20
100.588572
 40
0.101600
 41
0.101600
 42
0.000000
  0
VERTEX
  8
PG_NEW-SILK-TOP
 10
70.449948
 20
98.496628
 40
0.101600
 41
0.101600
 42
-0.414275
  0
VERTEX
  8
PG_NEW-SILK-TOP
 10
70.195948
 20
98.242628
 40
0.101600
 41
0.101600
 42
0.000000
  0
VERTEX
  8
PG_NEW-SILK-TOP
 10
69.504052
 20
98.242628
 40
0.101600
 41
0.101600
 42
-0.414275
  0
VERTEX
  8
PG_NEW-SILK-TOP
 10
69.250052
 20
98.496628
 40
0.101600
 41
0.101600
 42
0.000000
  0
VERTEX
  8
PG_NEW-SILK-TOP
 10
69.250052
 20
100.588572
 40
0.101600
 41
0.101600
 42
-0.414275
  0
VERTEX
  8
PG_NEW-SILK-TOP
 10
69.504052
 20
100.842572
 40
0.101600
 41
0.101600
 42
0.000000
  0
SEQEND
  0
POLYLINE
  8
PIN_TOP
 66
1
 70
1
 40
0.000000
 41
0.000000
 39
0.000000
  0
VERTEX
  8
PIN_TOP
 10
70.129146
 20
105.027984
 40
0.000000
 41
0.000000
 42
0.000000
  0
VERTEX
  8
PIN_TOP
 10
70.889114
 20
105.027984
 40
0.000000
 41
0.000000
 42
0.000000
  0
VERTEX
  8
PIN_TOP
 10
70.889114
 20
104.268016
 40
0.000000
 41
0.000000
 42
0.000000
  0
VERTEX
  8
PIN_TOP
 10
70.129146
 20
104.268016
 40
0.000000
 41
0.000000
 42
0.000000
  0
SEQEND
  0
POLYLINE
  8
PIN_TOP
 66
1
 70
1
 40
0.000000
 41
0.000000
 39
0.000000
  0
VERTEX
  8
PIN_TOP
 10
68.709286
 20
105.027984
 40
0.000000
 41
0.000000
 42
0.000000
  0
VERTEX
  8
PIN_TOP
 10
69.469254
 20
105.027984
 40
0.000000
 41
0.000000
 42
0.000000
  0
VERTEX
  8
PIN_TOP
 10
69.469254
 20
104.268016
 40
0.000000
 41
0.000000
 42
0.000000
  0
VERTEX
  8
PIN_TOP
 10
68.709286
 20
104.268016
 40
0.000000
 41
0.000000
 42
0.000000
  0
SEQEND
  0
POLYLINE
  8
PG_NEW-SILK-TOP
 66
1
 70
0
 40
0.000000
 41
0.000000
 39
0.000000
  0
VERTEX
  8
PG_NEW-SILK-TOP
 10
71.099172
 20
104.993948
 40
0.101600
 41
0.101600
 42
0.000000
  0
VERTEX
  8
PG_NEW-SILK-TOP
 10
71.099172
 20
104.302052
 40
0.101600
 41
0.101600
 42
-0.414275
  0
VERTEX
  8
PG_NEW-SILK-TOP
 10
70.845172
 20
104.048052
 40
0.101600
 41
0.101600
 42
0.000000
  0
VERTEX
  8
PG_NEW-SILK-TOP
 10
68.753228
 20
104.048052
 40
0.101600
 41
0.101600
 42
-0.414275
  0
VERTEX
  8
PG_NEW-SILK-TOP
 10
68.499228
 20
104.302052
 40
0.101600
 41
0.101600
 42
0.000000
  0
VERTEX
  8
PG_NEW-SILK-TOP
 10
68.499228
 20
104.993948
 40
0.101600
 41
0.101600
 42
-0.414275
  0
VERTEX
  8
PG_NEW-SILK-TOP
 10
68.753228
 20
105.247948
 40
0.101600
 41
0.101600
 42
0.000000
  0
VERTEX
  8
PG_NEW-SILK-TOP
 10
70.845172
 20
105.247948
 40
0.101600
 41
0.101600
 42
-0.414275
  0
VERTEX
  8
PG_NEW-SILK-TOP
 10
71.099172
 20
104.993948
 40
0.101600
 41
0.101600
 42
0.000000
  0
SEQEND
  0
POLYLINE
  8
PIN_TOP
 66
1
 70
1
 40
0.000000
 41
0.000000
 39
0.000000
  0
VERTEX
  8
PIN_TOP
 10
62.104016
 20
95.935546
 40
0.000000
 41
0.000000
 42
0.000000
  0
VERTEX
  8
PIN_TOP
 10
62.104016
 20
96.695514
 40
0.000000
 41
0.000000
 42
0.000000
  0
VERTEX
  8
PIN_TOP
 10
62.863984
 20
96.695514
 40
0.000000
 41
0.000000
 42
0.000000
  0
VERTEX
  8
PIN_TOP
 10
62.863984
 20
95.935546
 40
0.000000
 41
0.000000
 42
0.000000
  0
SEQEND
  0
POLYLINE
  8
PIN_TOP
 66
1
 70
1
 40
0.000000
 41
0.000000
 39
0.000000
  0
VERTEX
  8
PIN_TOP
 10
62.104016
 20
94.515686
 40
0.000000
 41
0.000000
 42
0.000000
  0
VERTEX
  8
PIN_TOP
 10
62.104016
 20
95.275654
 40
0.000000
 41
0.000000
 42
0.000000
  0
VERTEX
  8
PIN_TOP
 10
62.863984
 20
95.275654
 40
0.000000
 41
0.000000
 42
0.000000
  0
VERTEX
  8
PIN_TOP
 10
62.863984
 20
94.515686
 40
0.000000
 41
0.000000
 42
0.000000
  0
SEQEND
  0
POLYLINE
  8
PG_NEW-SILK-TOP
 66
1
 70
0
 40
0.000000
 41
0.000000
 39
0.000000
  0
VERTEX
  8
PG_NEW-SILK-TOP
 10
62.138052
 20
96.905572
 40
0.101600
 41
0.101600
 42
0.000000
  0
VERTEX
  8
PG_NEW-SILK-TOP
 10
62.829948
 20
96.905572
 40
0.101600
 41
0.101600
 42
-0.414275
  0
VERTEX
  8
PG_NEW-SILK-TOP
 10
63.083948
 20
96.651572
 40
0.101600
 41
0.101600
 42
0.000000
  0
VERTEX
  8
PG_NEW-SILK-TOP
 10
63.083948
 20
94.559628
 40
0.101600
 41
0.101600
 42
-0.414275
  0
VERTEX
  8
PG_NEW-SILK-TOP
 10
62.829948
 20
94.305628
 40
0.101600
 41
0.101600
 42
0.000000
  0
VERTEX
  8
PG_NEW-SILK-TOP
 10
62.138052
 20
94.305628
 40
0.101600
 41
0.101600
 42
-0.414275
  0
VERTEX
  8
PG_NEW-SILK-TOP
 10
61.884052
 20
94.559628
 40
0.101600
 41
0.101600
 42
0.000000
  0
VERTEX
  8
PG_NEW-SILK-TOP
 10
61.884052
 20
96.651572
 40
0.101600
 41
0.101600
 42
-0.414275
  0
VERTEX
  8
PG_NEW-SILK-TOP
 10
62.138052
 20
96.905572
 40
0.101600
 41
0.101600
 42
0.000000
  0
SEQEND
  0
POLYLINE
  8
PIN_TOP
 66
1
 70
1
 40
0.000000
 41
0.000000
 39
0.000000
  0
VERTEX
  8
PIN_TOP
 10
63.424816
 20
95.935546
 40
0.000000
 41
0.000000
 42
0.000000
  0
VERTEX
  8
PIN_TOP
 10
63.424816
 20
96.695514
 40
0.000000
 41
0.000000
 42
0.000000
  0
VERTEX
  8
PIN_TOP
 10
64.184784
 20
96.695514
 40
0.000000
 41
0.000000
 42
0.000000
  0
VERTEX
  8
PIN_TOP
 10
64.184784
 20
95.935546
 40
0.000000
 41
0.000000
 42
0.000000
  0
SEQEND
  0
POLYLINE
  8
PIN_TOP
 66
1
 70
1
 40
0.000000
 41
0.000000
 39
0.000000
  0
VERTEX
  8
PIN_TOP
 10
63.424816
 20
94.515686
 40
0.000000
 41
0.000000
 42
0.000000
  0
VERTEX
  8
PIN_TOP
 10
63.424816
 20
95.275654
 40
0.000000
 41
0.000000
 42
0.000000
  0
VERTEX
  8
PIN_TOP
 10
64.184784
 20
95.275654
 40
0.000000
 41
0.000000
 42
0.000000
  0
VERTEX
  8
PIN_TOP
 10
64.184784
 20
94.515686
 40
0.000000
 41
0.000000
 42
0.000000
  0
SEQEND
  0
POLYLINE
  8
PG_NEW-SILK-TOP
 66
1
 70
0
 40
0.000000
 41
0.000000
 39
0.000000
  0
VERTEX
  8
PG_NEW-SILK-TOP
 10
63.458852
 20
96.905572
 40
0.101600
 41
0.101600
 42
0.000000
  0
VERTEX
  8
PG_NEW-SILK-TOP
 10
64.150748
 20
96.905572
 40
0.101600
 41
0.101600
 42
-0.414275
  0
VERTEX
  8
PG_NEW-SILK-TOP
 10
64.404748
 20
96.651572
 40
0.101600
 41
0.101600
 42
0.000000
  0
VERTEX
  8
PG_NEW-SILK-TOP
 10
64.404748
 20
94.559628
 40
0.101600
 41
0.101600
 42
-0.414275
  0
VERTEX
  8
PG_NEW-SILK-TOP
 10
64.150748
 20
94.305628
 40
0.101600
 41
0.101600
 42
0.000000
  0
VERTEX
  8
PG_NEW-SILK-TOP
 10
63.458852
 20
94.305628
 40
0.101600
 41
0.101600
 42
-0.414275
  0
VERTEX
  8
PG_NEW-SILK-TOP
 10
63.204852
 20
94.559628
 40
0.101600
 41
0.101600
 42
0.000000
  0
VERTEX
  8
PG_NEW-SILK-TOP
 10
63.204852
 20
96.651572
 40
0.101600
 41
0.101600
 42
-0.414275
  0
VERTEX
  8
PG_NEW-SILK-TOP
 10
63.458852
 20
96.905572
 40
0.101600
 41
0.101600
 42
0.000000
  0
SEQEND
  0
POLYLINE
  8
PIN_TOP
 66
1
 70
1
 40
0.000000
 41
0.000000
 39
0.000000
  0
VERTEX
  8
PIN_TOP
 10
69.467984
 20
107.569254
 40
0.000000
 41
0.000000
 42
0.000000
  0
VERTEX
  8
PIN_TOP
 10
69.467984
 20
106.809286
 40
0.000000
 41
0.000000
 42
0.000000
  0
VERTEX
  8
PIN_TOP
 10
68.708016
 20
106.809286
 40
0.000000
 41
0.000000
 42
0.000000
  0
VERTEX
  8
PIN_TOP
 10
68.708016
 20
107.569254
 40
0.000000
 41
0.000000
 42
0.000000
  0
SEQEND
  0
POLYLINE
  8
PIN_TOP
 66
1
 70
1
 40
0.000000
 41
0.000000
 39
0.000000
  0
VERTEX
  8
PIN_TOP
 10
69.467984
 20
108.989114
 40
0.000000
 41
0.000000
 42
0.000000
  0
VERTEX
  8
PIN_TOP
 10
69.467984
 20
108.229146
 40
0.000000
 41
0.000000
 42
0.000000
  0
VERTEX
  8
PIN_TOP
 10
68.708016
 20
108.229146
 40
0.000000
 41
0.000000
 42
0.000000
  0
VERTEX
  8
PIN_TOP
 10
68.708016
 20
108.989114
 40
0.000000
 41
0.000000
 42
0.000000
  0
SEQEND
  0
POLYLINE
  8
PG_NEW-SILK-TOP
 66
1
 70
0
 40
0.000000
 41
0.000000
 39
0.000000
  0
VERTEX
  8
PG_NEW-SILK-TOP
 10
69.433948
 20
106.599228
 40
0.101600
 41
0.101600
 42
0.000000
  0
VERTEX
  8
PG_NEW-SILK-TOP
 10
68.742052
 20
106.599228
 40
0.101600
 41
0.101600
 42
-0.414275
  0
VERTEX
  8
PG_NEW-SILK-TOP
 10
68.488052
 20
106.853228
 40
0.101600
 41
0.101600
 42
0.000000
  0
VERTEX
  8
PG_NEW-SILK-TOP
 10
68.488052
 20
108.945172
 40
0.101600
 41
0.101600
 42
-0.414275
  0
VERTEX
  8
PG_NEW-SILK-TOP
 10
68.742052
 20
109.199172
 40
0.101600
 41
0.101600
 42
0.000000
  0
VERTEX
  8
PG_NEW-SILK-TOP
 10
69.433948
 20
109.199172
 40
0.101600
 41
0.101600
 42
-0.414275
  0
VERTEX
  8
PG_NEW-SILK-TOP
 10
69.687948
 20
108.945172
 40
0.101600
 41
0.101600
 42
0.000000
  0
VERTEX
  8
PG_NEW-SILK-TOP
 10
69.687948
 20
106.853228
 40
0.101600
 41
0.101600
 42
-0.414275
  0
VERTEX
  8
PG_NEW-SILK-TOP
 10
69.433948
 20
106.599228
 40
0.101600
 41
0.101600
 42
0.000000
  0
SEQEND
  0
POLYLINE
  8
PIN_TOP
 66
1
 70
1
 40
0.000000
 41
0.000000
 39
0.000000
  0
VERTEX
  8
PIN_TOP
 10
70.027546
 20
101.878384
 40
0.000000
 41
0.000000
 42
0.000000
  0
VERTEX
  8
PIN_TOP
 10
70.787514
 20
101.878384
 40
0.000000
 41
0.000000
 42
0.000000
  0
VERTEX
  8
PIN_TOP
 10
70.787514
 20
101.118416
 40
0.000000
 41
0.000000
 42
0.000000
  0
VERTEX
  8
PIN_TOP
 10
70.027546
 20
101.118416
 40
0.000000
 41
0.000000
 42
0.000000
  0
SEQEND
  0
POLYLINE
  8
PIN_TOP
 66
1
 70
1
 40
0.000000
 41
0.000000
 39
0.000000
  0
VERTEX
  8
PIN_TOP
 10
68.607686
 20
101.878384
 40
0.000000
 41
0.000000
 42
0.000000
  0
VERTEX
  8
PIN_TOP
 10
69.367654
 20
101.878384
 40
0.000000
 41
0.000000
 42
0.000000
  0
VERTEX
  8
PIN_TOP
 10
69.367654
 20
101.118416
 40
0.000000
 41
0.000000
 42
0.000000
  0
VERTEX
  8
PIN_TOP
 10
68.607686
 20
101.118416
 40
0.000000
 41
0.000000
 42
0.000000
  0
SEQEND
  0
POLYLINE
  8
PG_NEW-SILK-TOP
 66
1
 70
0
 40
0.000000
 41
0.000000
 39
0.000000
  0
VERTEX
  8
PG_NEW-SILK-TOP
 10
70.997572
 20
101.844348
 40
0.101600
 41
0.101600
 42
0.000000
  0
VERTEX
  8
PG_NEW-SILK-TOP
 10
70.997572
 20
101.152452
 40
0.101600
 41
0.101600
 42
-0.414275
  0
VERTEX
  8
PG_NEW-SILK-TOP
 10
70.743572
 20
100.898452
 40
0.101600
 41
0.101600
 42
0.000000
  0
VERTEX
  8
PG_NEW-SILK-TOP
 10
68.651628
 20
100.898452
 40
0.101600
 41
0.101600
 42
-0.414275
  0
VERTEX
  8
PG_NEW-SILK-TOP
 10
68.397628
 20
101.152452
 40
0.101600
 41
0.101600
 42
0.000000
  0
VERTEX
  8
PG_NEW-SILK-TOP
 10
68.397628
 20
101.844348
 40
0.101600
 41
0.101600
 42
-0.414275
  0
VERTEX
  8
PG_NEW-SILK-TOP
 10
68.651628
 20
102.098348
 40
0.101600
 41
0.101600
 42
0.000000
  0
VERTEX
  8
PG_NEW-SILK-TOP
 10
70.743572
 20
102.098348
 40
0.101600
 41
0.101600
 42
-0.414275
  0
VERTEX
  8
PG_NEW-SILK-TOP
 10
70.997572
 20
101.844348
 40
0.101600
 41
0.101600
 42
0.000000
  0
SEQEND
  0
POLYLINE
  8
PIN_TOP
 66
1
 70
1
 40
0.000000
 41
0.000000
 39
0.000000
  0
VERTEX
  8
PIN_TOP
 10
61.136784
 20
107.569254
 40
0.000000
 41
0.000000
 42
0.000000
  0
VERTEX
  8
PIN_TOP
 10
61.136784
 20
106.809286
 40
0.000000
 41
0.000000
 42
0.000000
  0
VERTEX
  8
PIN_TOP
 10
60.376816
 20
106.809286
 40
0.000000
 41
0.000000
 42
0.000000
  0
VERTEX
  8
PIN_TOP
 10
60.376816
 20
107.569254
 40
0.000000
 41
0.000000
 42
0.000000
  0
SEQEND
  0
POLYLINE
  8
PIN_TOP
 66
1
 70
1
 40
0.000000
 41
0.000000
 39
0.000000
  0
VERTEX
  8
PIN_TOP
 10
61.136784
 20
108.989114
 40
0.000000
 41
0.000000
 42
0.000000
  0
VERTEX
  8
PIN_TOP
 10
61.136784
 20
108.229146
 40
0.000000
 41
0.000000
 42
0.000000
  0
VERTEX
  8
PIN_TOP
 10
60.376816
 20
108.229146
 40
0.000000
 41
0.000000
 42
0.000000
  0
VERTEX
  8
PIN_TOP
 10
60.376816
 20
108.989114
 40
0.000000
 41
0.000000
 42
0.000000
  0
SEQEND
  0
POLYLINE
  8
PG_NEW-SILK-TOP
 66
1
 70
0
 40
0.000000
 41
0.000000
 39
0.000000
  0
VERTEX
  8
PG_NEW-SILK-TOP
 10
61.102748
 20
106.599228
 40
0.101600
 41
0.101600
 42
0.000000
  0
VERTEX
  8
PG_NEW-SILK-TOP
 10
60.410852
 20
106.599228
 40
0.101600
 41
0.101600
 42
-0.414275
  0
VERTEX
  8
PG_NEW-SILK-TOP
 10
60.156852
 20
106.853228
 40
0.101600
 41
0.101600
 42
0.000000
  0
VERTEX
  8
PG_NEW-SILK-TOP
 10
60.156852
 20
108.945172
 40
0.101600
 41
0.101600
 42
-0.414275
  0
VERTEX
  8
PG_NEW-SILK-TOP
 10
60.410852
 20
109.199172
 40
0.101600
 41
0.101600
 42
0.000000
  0
VERTEX
  8
PG_NEW-SILK-TOP
 10
61.102748
 20
109.199172
 40
0.101600
 41
0.101600
 42
-0.414275
  0
VERTEX
  8
PG_NEW-SILK-TOP
 10
61.356748
 20
108.945172
 40
0.101600
 41
0.101600
 42
0.000000
  0
VERTEX
  8
PG_NEW-SILK-TOP
 10
61.356748
 20
106.853228
 40
0.101600
 41
0.101600
 42
-0.414275
  0
VERTEX
  8
PG_NEW-SILK-TOP
 10
61.102748
 20
106.599228
 40
0.101600
 41
0.101600
 42
0.000000
  0
SEQEND
  0
POLYLINE
  8
PIN_TOP
 66
1
 70
1
 40
0.000000
 41
0.000000
 39
0.000000
  0
VERTEX
  8
PIN_TOP
 10
58.446416
 20
95.427546
 40
0.000000
 41
0.000000
 42
0.000000
  0
VERTEX
  8
PIN_TOP
 10
58.446416
 20
96.187514
 40
0.000000
 41
0.000000
 42
0.000000
  0
VERTEX
  8
PIN_TOP
 10
59.206384
 20
96.187514
 40
0.000000
 41
0.000000
 42
0.000000
  0
VERTEX
  8
PIN_TOP
 10
59.206384
 20
95.427546
 40
0.000000
 41
0.000000
 42
0.000000
  0
SEQEND
  0
POLYLINE
  8
PIN_TOP
 66
1
 70
1
 40
0.000000
 41
0.000000
 39
0.000000
  0
VERTEX
  8
PIN_TOP
 10
58.446416
 20
94.007686
 40
0.000000
 41
0.000000
 42
0.000000
  0
VERTEX
  8
PIN_TOP
 10
58.446416
 20
94.767654
 40
0.000000
 41
0.000000
 42
0.000000
  0
VERTEX
  8
PIN_TOP
 10
59.206384
 20
94.767654
 40
0.000000
 41
0.000000
 42
0.000000
  0
VERTEX
  8
PIN_TOP
 10
59.206384
 20
94.007686
 40
0.000000
 41
0.000000
 42
0.000000
  0
SEQEND
  0
POLYLINE
  8
PG_NEW-SILK-TOP
 66
1
 70
0
 40
0.000000
 41
0.000000
 39
0.000000
  0
VERTEX
  8
PG_NEW-SILK-TOP
 10
58.480452
 20
96.397572
 40
0.101600
 41
0.101600
 42
0.000000
  0
VERTEX
  8
PG_NEW-SILK-TOP
 10
59.172348
 20
96.397572
 40
0.101600
 41
0.101600
 42
-0.414275
  0
VERTEX
  8
PG_NEW-SILK-TOP
 10
59.426348
 20
96.143572
 40
0.101600
 41
0.101600
 42
0.000000
  0
VERTEX
  8
PG_NEW-SILK-TOP
 10
59.426348
 20
94.051628
 40
0.101600
 41
0.101600
 42
-0.414275
  0
VERTEX
  8
PG_NEW-SILK-TOP
 10
59.172348
 20
93.797628
 40
0.101600
 41
0.101600
 42
0.000000
  0
VERTEX
  8
PG_NEW-SILK-TOP
 10
58.480452
 20
93.797628
 40
0.101600
 41
0.101600
 42
-0.414275
  0
VERTEX
  8
PG_NEW-SILK-TOP
 10
58.226452
 20
94.051628
 40
0.101600
 41
0.101600
 42
0.000000
  0
VERTEX
  8
PG_NEW-SILK-TOP
 10
58.226452
 20
96.143572
 40
0.101600
 41
0.101600
 42
-0.414275
  0
VERTEX
  8
PG_NEW-SILK-TOP
 10
58.480452
 20
96.397572
 40
0.101600
 41
0.101600
 42
0.000000
  0
SEQEND
  0
POLYLINE
  8
PIN_TOP
 66
1
 70
1
 40
0.000000
 41
0.000000
 39
0.000000
  0
VERTEX
  8
PIN_TOP
 10
68.934584
 20
95.174054
 40
0.000000
 41
0.000000
 42
0.000000
  0
VERTEX
  8
PIN_TOP
 10
68.934584
 20
94.414086
 40
0.000000
 41
0.000000
 42
0.000000
  0
VERTEX
  8
PIN_TOP
 10
68.174616
 20
94.414086
 40
0.000000
 41
0.000000
 42
0.000000
  0
VERTEX
  8
PIN_TOP
 10
68.174616
 20
95.174054
 40
0.000000
 41
0.000000
 42
0.000000
  0
SEQEND
  0
POLYLINE
  8
PIN_TOP
 66
1
 70
1
 40
0.000000
 41
0.000000
 39
0.000000
  0
VERTEX
  8
PIN_TOP
 10
68.934584
 20
96.593914
 40
0.000000
 41
0.000000
 42
0.000000
  0
VERTEX
  8
PIN_TOP
 10
68.934584
 20
95.833946
 40
0.000000
 41
0.000000
 42
0.000000
  0
VERTEX
  8
PIN_TOP
 10
68.174616
 20
95.833946
 40
0.000000
 41
0.000000
 42
0.000000
  0
VERTEX
  8
PIN_TOP
 10
68.174616
 20
96.593914
 40
0.000000
 41
0.000000
 42
0.000000
  0
SEQEND
  0
POLYLINE
  8
PG_NEW-SILK-TOP
 66
1
 70
0
 40
0.000000
 41
0.000000
 39
0.000000
  0
VERTEX
  8
PG_NEW-SILK-TOP
 10
68.900548
 20
94.204028
 40
0.101600
 41
0.101600
 42
0.000000
  0
VERTEX
  8
PG_NEW-SILK-TOP
 10
68.208652
 20
94.204028
 40
0.101600
 41
0.101600
 42
-0.414275
  0
VERTEX
  8
PG_NEW-SILK-TOP
 10
67.954652
 20
94.458028
 40
0.101600
 41
0.101600
 42
0.000000
  0
VERTEX
  8
PG_NEW-SILK-TOP
 10
67.954652
 20
96.549972
 40
0.101600
 41
0.101600
 42
-0.414275
  0
VERTEX
  8
PG_NEW-SILK-TOP
 10
68.208652
 20
96.803972
 40
0.101600
 41
0.101600
 42
0.000000
  0
VERTEX
  8
PG_NEW-SILK-TOP
 10
68.900548
 20
96.803972
 40
0.101600
 41
0.101600
 42
-0.414275
  0
VERTEX
  8
PG_NEW-SILK-TOP
 10
69.154548
 20
96.549972
 40
0.101600
 41
0.101600
 42
0.000000
  0
VERTEX
  8
PG_NEW-SILK-TOP
 10
69.154548
 20
94.458028
 40
0.101600
 41
0.101600
 42
-0.414275
  0
VERTEX
  8
PG_NEW-SILK-TOP
 10
68.900548
 20
94.204028
 40
0.101600
 41
0.101600
 42
0.000000
  0
SEQEND
  0
POLYLINE
  8
PIN_TOP
 66
1
 70
1
 40
0.000000
 41
0.000000
 39
0.000000
  0
VERTEX
  8
PIN_TOP
 10
70.788784
 20
107.569254
 40
0.000000
 41
0.000000
 42
0.000000
  0
VERTEX
  8
PIN_TOP
 10
70.788784
 20
106.809286
 40
0.000000
 41
0.000000
 42
0.000000
  0
VERTEX
  8
PIN_TOP
 10
70.028816
 20
106.809286
 40
0.000000
 41
0.000000
 42
0.000000
  0
VERTEX
  8
PIN_TOP
 10
70.028816
 20
107.569254
 40
0.000000
 41
0.000000
 42
0.000000
  0
SEQEND
  0
POLYLINE
  8
PIN_TOP
 66
1
 70
1
 40
0.000000
 41
0.000000
 39
0.000000
  0
VERTEX
  8
PIN_TOP
 10
70.788784
 20
108.989114
 40
0.000000
 41
0.000000
 42
0.000000
  0
VERTEX
  8
PIN_TOP
 10
70.788784
 20
108.229146
 40
0.000000
 41
0.000000
 42
0.000000
  0
VERTEX
  8
PIN_TOP
 10
70.028816
 20
108.229146
 40
0.000000
 41
0.000000
 42
0.000000
  0
VERTEX
  8
PIN_TOP
 10
70.028816
 20
108.989114
 40
0.000000
 41
0.000000
 42
0.000000
  0
SEQEND
  0
POLYLINE
  8
PG_NEW-SILK-TOP
 66
1
 70
0
 40
0.000000
 41
0.000000
 39
0.000000
  0
VERTEX
  8
PG_NEW-SILK-TOP
 10
70.754748
 20
106.599228
 40
0.101600
 41
0.101600
 42
0.000000
  0
VERTEX
  8
PG_NEW-SILK-TOP
 10
70.062852
 20
106.599228
 40
0.101600
 41
0.101600
 42
-0.414275
  0
VERTEX
  8
PG_NEW-SILK-TOP
 10
69.808852
 20
106.853228
 40
0.101600
 41
0.101600
 42
0.000000
  0
VERTEX
  8
PG_NEW-SILK-TOP
 10
69.808852
 20
108.945172
 40
0.101600
 41
0.101600
 42
-0.414275
  0
VERTEX
  8
PG_NEW-SILK-TOP
 10
70.062852
 20
109.199172
 40
0.101600
 41
0.101600
 42
0.000000
  0
VERTEX
  8
PG_NEW-SILK-TOP
 10
70.754748
 20
109.199172
 40
0.101600
 41
0.101600
 42
-0.414275
  0
VERTEX
  8
PG_NEW-SILK-TOP
 10
71.008748
 20
108.945172
 40
0.101600
 41
0.101600
 42
0.000000
  0
VERTEX
  8
PG_NEW-SILK-TOP
 10
71.008748
 20
106.853228
 40
0.101600
 41
0.101600
 42
-0.414275
  0
VERTEX
  8
PG_NEW-SILK-TOP
 10
70.754748
 20
106.599228
 40
0.101600
 41
0.101600
 42
0.000000
  0
SEQEND
  0
POLYLINE
  8
PIN_TOP
 66
1
 70
1
 40
0.000000
 41
0.000000
 39
0.000000
  0
VERTEX
  8
PIN_TOP
 10
57.582054
 20
108.535216
 40
0.000000
 41
0.000000
 42
0.000000
  0
VERTEX
  8
PIN_TOP
 10
56.822086
 20
108.535216
 40
0.000000
 41
0.000000
 42
0.000000
  0
VERTEX
  8
PIN_TOP
 10
56.822086
 20
109.295184
 40
0.000000
 41
0.000000
 42
0.000000
  0
VERTEX
  8
PIN_TOP
 10
57.582054
 20
109.295184
 40
0.000000
 41
0.000000
 42
0.000000
  0
SEQEND
  0
POLYLINE
  8
PIN_TOP
 66
1
 70
1
 40
0.000000
 41
0.000000
 39
0.000000
  0
VERTEX
  8
PIN_TOP
 10
59.001914
 20
108.535216
 40
0.000000
 41
0.000000
 42
0.000000
  0
VERTEX
  8
PIN_TOP
 10
58.241946
 20
108.535216
 40
0.000000
 41
0.000000
 42
0.000000
  0
VERTEX
  8
PIN_TOP
 10
58.241946
 20
109.295184
 40
0.000000
 41
0.000000
 42
0.000000
  0
VERTEX
  8
PIN_TOP
 10
59.001914
 20
109.295184
 40
0.000000
 41
0.000000
 42
0.000000
  0
SEQEND
  0
POLYLINE
  8
PG_NEW-SILK-TOP
 66
1
 70
0
 40
0.000000
 41
0.000000
 39
0.000000
  0
VERTEX
  8
PG_NEW-SILK-TOP
 10
56.612028
 20
108.569252
 40
0.101600
 41
0.101600
 42
0.000000
  0
VERTEX
  8
PG_NEW-SILK-TOP
 10
56.612028
 20
109.261148
 40
0.101600
 41
0.101600
 42
-0.414275
  0
VERTEX
  8
PG_NEW-SILK-TOP
 10
56.866028
 20
109.515148
 40
0.101600
 41
0.101600
 42
0.000000
  0
VERTEX
  8
PG_NEW-SILK-TOP
 10
58.957972
 20
109.515148
 40
0.101600
 41
0.101600
 42
-0.414275
  0
VERTEX
  8
PG_NEW-SILK-TOP
 10
59.211972
 20
109.261148
 40
0.101600
 41
0.101600
 42
0.000000
  0
VERTEX
  8
PG_NEW-SILK-TOP
 10
59.211972
 20
108.569252
 40
0.101600
 41
0.101600
 42
-0.414275
  0
VERTEX
  8
PG_NEW-SILK-TOP
 10
58.957972
 20
108.315252
 40
0.101600
 41
0.101600
 42
0.000000
  0
VERTEX
  8
PG_NEW-SILK-TOP
 10
56.866028
 20
108.315252
 40
0.101600
 41
0.101600
 42
-0.414275
  0
VERTEX
  8
PG_NEW-SILK-TOP
 10
56.612028
 20
108.569252
 40
0.101600
 41
0.101600
 42
0.000000
  0
SEQEND
  0
POLYLINE
  8
PIN_TOP
 66
1
 70
1
 40
0.000000
 41
0.000000
 39
0.000000
  0
VERTEX
  8
PIN_TOP
 10
58.241946
 20
107.974384
 40
0.000000
 41
0.000000
 42
0.000000
  0
VERTEX
  8
PIN_TOP
 10
59.001914
 20
107.974384
 40
0.000000
 41
0.000000
 42
0.000000
  0
VERTEX
  8
PIN_TOP
 10
59.001914
 20
107.214416
 40
0.000000
 41
0.000000
 42
0.000000
  0
VERTEX
  8
PIN_TOP
 10
58.241946
 20
107.214416
 40
0.000000
 41
0.000000
 42
0.000000
  0
SEQEND
  0
POLYLINE
  8
PIN_TOP
 66
1
 70
1
 40
0.000000
 41
0.000000
 39
0.000000
  0
VERTEX
  8
PIN_TOP
 10
56.822086
 20
107.974384
 40
0.000000
 41
0.000000
 42
0.000000
  0
VERTEX
  8
PIN_TOP
 10
57.582054
 20
107.974384
 40
0.000000
 41
0.000000
 42
0.000000
  0
VERTEX
  8
PIN_TOP
 10
57.582054
 20
107.214416
 40
0.000000
 41
0.000000
 42
0.000000
  0
VERTEX
  8
PIN_TOP
 10
56.822086
 20
107.214416
 40
0.000000
 41
0.000000
 42
0.000000
  0
SEQEND
  0
POLYLINE
  8
PG_NEW-SILK-TOP
 66
1
 70
0
 40
0.000000
 41
0.000000
 39
0.000000
  0
VERTEX
  8
PG_NEW-SILK-TOP
 10
59.211972
 20
107.940348
 40
0.101600
 41
0.101600
 42
0.000000
  0
VERTEX
  8
PG_NEW-SILK-TOP
 10
59.211972
 20
107.248452
 40
0.101600
 41
0.101600
 42
-0.414275
  0
VERTEX
  8
PG_NEW-SILK-TOP
 10
58.957972
 20
106.994452
 40
0.101600
 41
0.101600
 42
0.000000
  0
VERTEX
  8
PG_NEW-SILK-TOP
 10
56.866028
 20
106.994452
 40
0.101600
 41
0.101600
 42
-0.414275
  0
VERTEX
  8
PG_NEW-SILK-TOP
 10
56.612028
 20
107.248452
 40
0.101600
 41
0.101600
 42
0.000000
  0
VERTEX
  8
PG_NEW-SILK-TOP
 10
56.612028
 20
107.940348
 40
0.101600
 41
0.101600
 42
-0.414275
  0
VERTEX
  8
PG_NEW-SILK-TOP
 10
56.866028
 20
108.194348
 40
0.101600
 41
0.101600
 42
0.000000
  0
VERTEX
  8
PG_NEW-SILK-TOP
 10
58.957972
 20
108.194348
 40
0.101600
 41
0.101600
 42
-0.414275
  0
VERTEX
  8
PG_NEW-SILK-TOP
 10
59.211972
 20
107.940348
 40
0.101600
 41
0.101600
 42
0.000000
  0
SEQEND
  0
POLYLINE
  8
PIN_TOP
 66
1
 70
1
 40
0.000000
 41
0.000000
 39
0.000000
  0
VERTEX
  8
PIN_TOP
 10
76.134468
 20
77.423010
 40
0.000000
 41
0.000000
 42
0.000000
  0
VERTEX
  8
PIN_TOP
 10
76.134468
 20
77.923136
 40
0.000000
 41
0.000000
 42
0.000000
  0
VERTEX
  8
PIN_TOP
 10
76.634594
 20
77.923136
 40
0.000000
 41
0.000000
 42
0.000000
  0
VERTEX
  8
PIN_TOP
 10
76.634594
 20
77.423010
 40
0.000000
 41
0.000000
 42
0.000000
  0
SEQEND
  0
POLYLINE
  8
PIN_TOP
 66
1
 70
1
 40
0.000000
 41
0.000000
 39
0.000000
  0
VERTEX
  8
PIN_TOP
 10
76.984352
 20
77.423010
 40
0.000000
 41
0.000000
 42
0.000000
  0
VERTEX
  8
PIN_TOP
 10
76.984352
 20
77.923136
 40
0.000000
 41
0.000000
 42
0.000000
  0
VERTEX
  8
PIN_TOP
 10
77.484478
 20
77.923136
 40
0.000000
 41
0.000000
 42
0.000000
  0
VERTEX
  8
PIN_TOP
 10
77.484478
 20
77.423010
 40
0.000000
 41
0.000000
 42
0.000000
  0
SEQEND
  0
POLYLINE
  8
PG_NEW-SILK-TOP
 66
1
 70
0
 40
0.000000
 41
0.000000
 39
0.000000
  0
VERTEX
  8
PG_NEW-SILK-TOP
 10
75.909678
 20
77.450950
 40
0.101600
 41
0.101600
 42
0.000000
  0
VERTEX
  8
PG_NEW-SILK-TOP
 10
75.909678
 20
77.895450
 40
0.101600
 41
0.101600
 42
-0.414244
  0
VERTEX
  8
PG_NEW-SILK-TOP
 10
76.087478
 20
78.073250
 40
0.101600
 41
0.101600
 42
0.000000
  0
VERTEX
  8
PG_NEW-SILK-TOP
 10
77.531722
 20
78.073250
 40
0.101600
 41
0.101600
 42
-0.414244
  0
VERTEX
  8
PG_NEW-SILK-TOP
 10
77.709522
 20
77.895450
 40
0.101600
 41
0.101600
 42
0.000000
  0
VERTEX
  8
PG_NEW-SILK-TOP
 10
77.709522
 20
77.450950
 40
0.101600
 41
0.101600
 42
-0.414244
  0
VERTEX
  8
PG_NEW-SILK-TOP
 10
77.531722
 20
77.273150
 40
0.101600
 41
0.101600
 42
0.000000
  0
VERTEX
  8
PG_NEW-SILK-TOP
 10
76.087478
 20
77.273150
 40
0.101600
 41
0.101600
 42
-0.414244
  0
VERTEX
  8
PG_NEW-SILK-TOP
 10
75.909678
 20
77.450950
 40
0.101600
 41
0.101600
 42
0.000000
  0
SEQEND
  0
POLYLINE
  8
PIN_TOP
 66
1
 70
1
 40
0.000000
 41
0.000000
 39
0.000000
  0
VERTEX
  8
PIN_TOP
 10
72.201405
 20
102.866063
 40
0.000000
 41
0.000000
 42
0.000000
  0
VERTEX
  8
PIN_TOP
 10
72.201405
 20
102.365937
 40
0.000000
 41
0.000000
 42
0.000000
  0
VERTEX
  8
PIN_TOP
 10
71.701279
 20
102.365937
 40
0.000000
 41
0.000000
 42
0.000000
  0
VERTEX
  8
PIN_TOP
 10
71.701279
 20
102.866063
 40
0.000000
 41
0.000000
 42
0.000000
  0
SEQEND
  0
POLYLINE
  8
PIN_TOP
 66
1
 70
1
 40
0.000000
 41
0.000000
 39
0.000000
  0
VERTEX
  8
PIN_TOP
 10
71.351521
 20
102.866063
 40
0.000000
 41
0.000000
 42
0.000000
  0
VERTEX
  8
PIN_TOP
 10
71.351521
 20
102.365937
 40
0.000000
 41
0.000000
 42
0.000000
  0
VERTEX
  8
PIN_TOP
 10
70.851395
 20
102.365937
 40
0.000000
 41
0.000000
 42
0.000000
  0
VERTEX
  8
PIN_TOP
 10
70.851395
 20
102.866063
 40
0.000000
 41
0.000000
 42
0.000000
  0
SEQEND
  0
POLYLINE
  8
PG_NEW-SILK-TOP
 66
1
 70
0
 40
0.000000
 41
0.000000
 39
0.000000
  0
VERTEX
  8
PG_NEW-SILK-TOP
 10
72.426322
 20
102.838250
 40
0.101600
 41
0.101600
 42
0.000000
  0
VERTEX
  8
PG_NEW-SILK-TOP
 10
72.426322
 20
102.393750
 40
0.101600
 41
0.101600
 42
-0.414244
  0
VERTEX
  8
PG_NEW-SILK-TOP
 10
72.248522
 20
102.215950
 40
0.101600
 41
0.101600
 42
0.000000
  0
VERTEX
  8
PG_NEW-SILK-TOP
 10
70.804278
 20
102.215950
 40
0.101600
 41
0.101600
 42
-0.414244
  0
VERTEX
  8
PG_NEW-SILK-TOP
 10
70.626478
 20
102.393750
 40
0.101600
 41
0.101600
 42
0.000000
  0
VERTEX
  8
PG_NEW-SILK-TOP
 10
70.626478
 20
102.838250
 40
0.101600
 41
0.101600
 42
-0.414244
  0
VERTEX
  8
PG_NEW-SILK-TOP
 10
70.804278
 20
103.016050
 40
0.101600
 41
0.101600
 42
0.000000
  0
VERTEX
  8
PG_NEW-SILK-TOP
 10
72.248522
 20
103.016050
 40
0.101600
 41
0.101600
 42
-0.414244
  0
VERTEX
  8
PG_NEW-SILK-TOP
 10
72.426322
 20
102.838250
 40
0.101600
 41
0.101600
 42
0.000000
  0
SEQEND
  0
POLYLINE
  8
PIN_TOP
 66
1
 70
1
 40
0.000000
 41
0.000000
 39
0.000000
  0
VERTEX
  8
PIN_TOP
 10
71.377937
 20
105.627805
 40
0.000000
 41
0.000000
 42
0.000000
  0
VERTEX
  8
PIN_TOP
 10
71.878063
 20
105.627805
 40
0.000000
 41
0.000000
 42
0.000000
  0
VERTEX
  8
PIN_TOP
 10
71.878063
 20
105.127679
 40
0.000000
 41
0.000000
 42
0.000000
  0
VERTEX
  8
PIN_TOP
 10
71.377937
 20
105.127679
 40
0.000000
 41
0.000000
 42
0.000000
  0
SEQEND
  0
POLYLINE
  8
PIN_TOP
 66
1
 70
1
 40
0.000000
 41
0.000000
 39
0.000000
  0
VERTEX
  8
PIN_TOP
 10
71.377937
 20
104.777921
 40
0.000000
 41
0.000000
 42
0.000000
  0
VERTEX
  8
PIN_TOP
 10
71.878063
 20
104.777921
 40
0.000000
 41
0.000000
 42
0.000000
  0
VERTEX
  8
PIN_TOP
 10
71.878063
 20
104.277795
 40
0.000000
 41
0.000000
 42
0.000000
  0
VERTEX
  8
PIN_TOP
 10
71.377937
 20
104.277795
 40
0.000000
 41
0.000000
 42
0.000000
  0
SEQEND
  0
POLYLINE
  8
PG_NEW-SILK-TOP
 66
1
 70
0
 40
0.000000
 41
0.000000
 39
0.000000
  0
VERTEX
  8
PG_NEW-SILK-TOP
 10
71.405750
 20
105.852722
 40
0.101600
 41
0.101600
 42
0.000000
  0
VERTEX
  8
PG_NEW-SILK-TOP
 10
71.850250
 20
105.852722
 40
0.101600
 41
0.101600
 42
-0.414244
  0
VERTEX
  8
PG_NEW-SILK-TOP
 10
72.028050
 20
105.674922
 40
0.101600
 41
0.101600
 42
0.000000
  0
VERTEX
  8
PG_NEW-SILK-TOP
 10
72.028050
 20
104.230678
 40
0.101600
 41
0.101600
 42
-0.414244
  0
VERTEX
  8
PG_NEW-SILK-TOP
 10
71.850250
 20
104.052878
 40
0.101600
 41
0.101600
 42
0.000000
  0
VERTEX
  8
PG_NEW-SILK-TOP
 10
71.405750
 20
104.052878
 40
0.101600
 41
0.101600
 42
-0.414244
  0
VERTEX
  8
PG_NEW-SILK-TOP
 10
71.227950
 20
104.230678
 40
0.101600
 41
0.101600
 42
0.000000
  0
VERTEX
  8
PG_NEW-SILK-TOP
 10
71.227950
 20
105.674922
 40
0.101600
 41
0.101600
 42
-0.414244
  0
VERTEX
  8
PG_NEW-SILK-TOP
 10
71.405750
 20
105.852722
 40
0.101600
 41
0.101600
 42
0.000000
  0
SEQEND
  0
POLYLINE
  8
PIN_TOP
 66
1
 70
1
 40
0.000000
 41
0.000000
 39
0.000000
  0
VERTEX
  8
PIN_TOP
 10
70.851268
 20
99.317810
 40
0.000000
 41
0.000000
 42
0.000000
  0
VERTEX
  8
PIN_TOP
 10
70.851268
 20
99.817936
 40
0.000000
 41
0.000000
 42
0.000000
  0
VERTEX
  8
PIN_TOP
 10
71.351394
 20
99.817936
 40
0.000000
 41
0.000000
 42
0.000000
  0
VERTEX
  8
PIN_TOP
 10
71.351394
 20
99.317810
 40
0.000000
 41
0.000000
 42
0.000000
  0
SEQEND
  0
POLYLINE
  8
PIN_TOP
 66
1
 70
1
 40
0.000000
 41
0.000000
 39
0.000000
  0
VERTEX
  8
PIN_TOP
 10
71.701152
 20
99.317810
 40
0.000000
 41
0.000000
 42
0.000000
  0
VERTEX
  8
PIN_TOP
 10
71.701152
 20
99.817936
 40
0.000000
 41
0.000000
 42
0.000000
  0
VERTEX
  8
PIN_TOP
 10
72.201278
 20
99.817936
 40
0.000000
 41
0.000000
 42
0.000000
  0
VERTEX
  8
PIN_TOP
 10
72.201278
 20
99.317810
 40
0.000000
 41
0.000000
 42
0.000000
  0
SEQEND
  0
POLYLINE
  8
PG_NEW-SILK-TOP
 66
1
 70
0
 40
0.000000
 41
0.000000
 39
0.000000
  0
VERTEX
  8
PG_NEW-SILK-TOP
 10
70.626478
 20
99.345750
 40
0.101600
 41
0.101600
 42
0.000000
  0
VERTEX
  8
PG_NEW-SILK-TOP
 10
70.626478
 20
99.790250
 40
0.101600
 41
0.101600
 42
-0.414244
  0
VERTEX
  8
PG_NEW-SILK-TOP
 10
70.804278
 20
99.968050
 40
0.101600
 41
0.101600
 42
0.000000
  0
VERTEX
  8
PG_NEW-SILK-TOP
 10
72.248522
 20
99.968050
 40
0.101600
 41
0.101600
 42
-0.414244
  0
VERTEX
  8
PG_NEW-SILK-TOP
 10
72.426322
 20
99.790250
 40
0.101600
 41
0.101600
 42
0.000000
  0
VERTEX
  8
PG_NEW-SILK-TOP
 10
72.426322
 20
99.345750
 40
0.101600
 41
0.101600
 42
-0.414244
  0
VERTEX
  8
PG_NEW-SILK-TOP
 10
72.248522
 20
99.167950
 40
0.101600
 41
0.101600
 42
0.000000
  0
VERTEX
  8
PG_NEW-SILK-TOP
 10
70.804278
 20
99.167950
 40
0.101600
 41
0.101600
 42
-0.414244
  0
VERTEX
  8
PG_NEW-SILK-TOP
 10
70.626478
 20
99.345750
 40
0.101600
 41
0.101600
 42
0.000000
  0
SEQEND
  0
POLYLINE
  8
PIN_TOP
 66
1
 70
1
 40
0.000000
 41
0.000000
 39
0.000000
  0
VERTEX
  8
PIN_TOP
 10
70.169405
 20
103.856663
 40
0.000000
 41
0.000000
 42
0.000000
  0
VERTEX
  8
PIN_TOP
 10
70.169405
 20
103.356537
 40
0.000000
 41
0.000000
 42
0.000000
  0
VERTEX
  8
PIN_TOP
 10
69.669279
 20
103.356537
 40
0.000000
 41
0.000000
 42
0.000000
  0
VERTEX
  8
PIN_TOP
 10
69.669279
 20
103.856663
 40
0.000000
 41
0.000000
 42
0.000000
  0
SEQEND
  0
POLYLINE
  8
PIN_TOP
 66
1
 70
1
 40
0.000000
 41
0.000000
 39
0.000000
  0
VERTEX
  8
PIN_TOP
 10
69.319521
 20
103.856663
 40
0.000000
 41
0.000000
 42
0.000000
  0
VERTEX
  8
PIN_TOP
 10
69.319521
 20
103.356537
 40
0.000000
 41
0.000000
 42
0.000000
  0
VERTEX
  8
PIN_TOP
 10
68.819395
 20
103.356537
 40
0.000000
 41
0.000000
 42
0.000000
  0
VERTEX
  8
PIN_TOP
 10
68.819395
 20
103.856663
 40
0.000000
 41
0.000000
 42
0.000000
  0
SEQEND
  0
POLYLINE
  8
PG_NEW-SILK-TOP
 66
1
 70
0
 40
0.000000
 41
0.000000
 39
0.000000
  0
VERTEX
  8
PG_NEW-SILK-TOP
 10
70.394322
 20
103.828850
 40
0.101600
 41
0.101600
 42
0.000000
  0
VERTEX
  8
PG_NEW-SILK-TOP
 10
70.394322
 20
103.384350
 40
0.101600
 41
0.101600
 42
-0.414244
  0
VERTEX
  8
PG_NEW-SILK-TOP
 10
70.216522
 20
103.206550
 40
0.101600
 41
0.101600
 42
0.000000
  0
VERTEX
  8
PG_NEW-SILK-TOP
 10
68.772278
 20
103.206550
 40
0.101600
 41
0.101600
 42
-0.414244
  0
VERTEX
  8
PG_NEW-SILK-TOP
 10
68.594478
 20
103.384350
 40
0.101600
 41
0.101600
 42
0.000000
  0
VERTEX
  8
PG_NEW-SILK-TOP
 10
68.594478
 20
103.828850
 40
0.101600
 41
0.101600
 42
-0.414244
  0
VERTEX
  8
PG_NEW-SILK-TOP
 10
68.772278
 20
104.006650
 40
0.101600
 41
0.101600
 42
0.000000
  0
VERTEX
  8
PG_NEW-SILK-TOP
 10
70.216522
 20
104.006650
 40
0.101600
 41
0.101600
 42
-0.414244
  0
VERTEX
  8
PG_NEW-SILK-TOP
 10
70.394322
 20
103.828850
 40
0.101600
 41
0.101600
 42
0.000000
  0
SEQEND
  0
POLYLINE
  8
PIN_TOP
 66
1
 70
1
 40
0.000000
 41
0.000000
 39
0.000000
  0
VERTEX
  8
PIN_TOP
 10
70.169405
 20
102.993063
 40
0.000000
 41
0.000000
 42
0.000000
  0
VERTEX
  8
PIN_TOP
 10
70.169405
 20
102.492937
 40
0.000000
 41
0.000000
 42
0.000000
  0
VERTEX
  8
PIN_TOP
 10
69.669279
 20
102.492937
 40
0.000000
 41
0.000000
 42
0.000000
  0
VERTEX
  8
PIN_TOP
 10
69.669279
 20
102.993063
 40
0.000000
 41
0.000000
 42
0.000000
  0
SEQEND
  0
POLYLINE
  8
PIN_TOP
 66
1
 70
1
 40
0.000000
 41
0.000000
 39
0.000000
  0
VERTEX
  8
PIN_TOP
 10
69.319521
 20
102.993063
 40
0.000000
 41
0.000000
 42
0.000000
  0
VERTEX
  8
PIN_TOP
 10
69.319521
 20
102.492937
 40
0.000000
 41
0.000000
 42
0.000000
  0
VERTEX
  8
PIN_TOP
 10
68.819395
 20
102.492937
 40
0.000000
 41
0.000000
 42
0.000000
  0
VERTEX
  8
PIN_TOP
 10
68.819395
 20
102.993063
 40
0.000000
 41
0.000000
 42
0.000000
  0
SEQEND
  0
POLYLINE
  8
PG_NEW-SILK-TOP
 66
1
 70
0
 40
0.000000
 41
0.000000
 39
0.000000
  0
VERTEX
  8
PG_NEW-SILK-TOP
 10
70.394322
 20
102.965250
 40
0.101600
 41
0.101600
 42
0.000000
  0
VERTEX
  8
PG_NEW-SILK-TOP
 10
70.394322
 20
102.520750
 40
0.101600
 41
0.101600
 42
-0.414244
  0
VERTEX
  8
PG_NEW-SILK-TOP
 10
70.216522
 20
102.342950
 40
0.101600
 41
0.101600
 42
0.000000
  0
VERTEX
  8
PG_NEW-SILK-TOP
 10
68.772278
 20
102.342950
 40
0.101600
 41
0.101600
 42
-0.414244
  0
VERTEX
  8
PG_NEW-SILK-TOP
 10
68.594478
 20
102.520750
 40
0.101600
 41
0.101600
 42
0.000000
  0
VERTEX
  8
PG_NEW-SILK-TOP
 10
68.594478
 20
102.965250
 40
0.101600
 41
0.101600
 42
-0.414244
  0
VERTEX
  8
PG_NEW-SILK-TOP
 10
68.772278
 20
103.143050
 40
0.101600
 41
0.101600
 42
0.000000
  0
VERTEX
  8
PG_NEW-SILK-TOP
 10
70.216522
 20
103.143050
 40
0.101600
 41
0.101600
 42
-0.414244
  0
VERTEX
  8
PG_NEW-SILK-TOP
 10
70.394322
 20
102.965250
 40
0.101600
 41
0.101600
 42
0.000000
  0
SEQEND
  0
POLYLINE
  8
PIN_TOP
 66
1
 70
1
 40
0.000000
 41
0.000000
 39
0.000000
  0
VERTEX
  8
PIN_TOP
 10
71.377937
 20
107.558205
 40
0.000000
 41
0.000000
 42
0.000000
  0
VERTEX
  8
PIN_TOP
 10
71.878063
 20
107.558205
 40
0.000000
 41
0.000000
 42
0.000000
  0
VERTEX
  8
PIN_TOP
 10
71.878063
 20
107.058079
 40
0.000000
 41
0.000000
 42
0.000000
  0
VERTEX
  8
PIN_TOP
 10
71.377937
 20
107.058079
 40
0.000000
 41
0.000000
 42
0.000000
  0
SEQEND
  0
POLYLINE
  8
PIN_TOP
 66
1
 70
1
 40
0.000000
 41
0.000000
 39
0.000000
  0
VERTEX
  8
PIN_TOP
 10
71.377937
 20
106.708321
 40
0.000000
 41
0.000000
 42
0.000000
  0
VERTEX
  8
PIN_TOP
 10
71.878063
 20
106.708321
 40
0.000000
 41
0.000000
 42
0.000000
  0
VERTEX
  8
PIN_TOP
 10
71.878063
 20
106.208195
 40
0.000000
 41
0.000000
 42
0.000000
  0
VERTEX
  8
PIN_TOP
 10
71.377937
 20
106.208195
 40
0.000000
 41
0.000000
 42
0.000000
  0
SEQEND
  0
POLYLINE
  8
PG_NEW-SILK-TOP
 66
1
 70
0
 40
0.000000
 41
0.000000
 39
0.000000
  0
VERTEX
  8
PG_NEW-SILK-TOP
 10
71.405750
 20
107.783122
 40
0.101600
 41
0.101600
 42
0.000000
  0
VERTEX
  8
PG_NEW-SILK-TOP
 10
71.850250
 20
107.783122
 40
0.101600
 41
0.101600
 42
-0.414244
  0
VERTEX
  8
PG_NEW-SILK-TOP
 10
72.028050
 20
107.605322
 40
0.101600
 41
0.101600
 42
0.000000
  0
VERTEX
  8
PG_NEW-SILK-TOP
 10
72.028050
 20
106.161078
 40
0.101600
 41
0.101600
 42
-0.414244
  0
VERTEX
  8
PG_NEW-SILK-TOP
 10
71.850250
 20
105.983278
 40
0.101600
 41
0.101600
 42
0.000000
  0
VERTEX
  8
PG_NEW-SILK-TOP
 10
71.405750
 20
105.983278
 40
0.101600
 41
0.101600
 42
-0.414244
  0
VERTEX
  8
PG_NEW-SILK-TOP
 10
71.227950
 20
106.161078
 40
0.101600
 41
0.101600
 42
0.000000
  0
VERTEX
  8
PG_NEW-SILK-TOP
 10
71.227950
 20
107.605322
 40
0.101600
 41
0.101600
 42
-0.414244
  0
VERTEX
  8
PG_NEW-SILK-TOP
 10
71.405750
 20
107.783122
 40
0.101600
 41
0.101600
 42
0.000000
  0
SEQEND
  0
POLYLINE
  8
PIN_TOP
 66
1
 70
1
 40
0.000000
 41
0.000000
 39
0.000000
  0
VERTEX
  8
PIN_TOP
 10
66.704337
 20
107.659805
 40
0.000000
 41
0.000000
 42
0.000000
  0
VERTEX
  8
PIN_TOP
 10
67.204463
 20
107.659805
 40
0.000000
 41
0.000000
 42
0.000000
  0
VERTEX
  8
PIN_TOP
 10
67.204463
 20
107.159679
 40
0.000000
 41
0.000000
 42
0.000000
  0
VERTEX
  8
PIN_TOP
 10
66.704337
 20
107.159679
 40
0.000000
 41
0.000000
 42
0.000000
  0
SEQEND
  0
POLYLINE
  8
PIN_TOP
 66
1
 70
1
 40
0.000000
 41
0.000000
 39
0.000000
  0
VERTEX
  8
PIN_TOP
 10
66.704337
 20
106.809921
 40
0.000000
 41
0.000000
 42
0.000000
  0
VERTEX
  8
PIN_TOP
 10
67.204463
 20
106.809921
 40
0.000000
 41
0.000000
 42
0.000000
  0
VERTEX
  8
PIN_TOP
 10
67.204463
 20
106.309795
 40
0.000000
 41
0.000000
 42
0.000000
  0
VERTEX
  8
PIN_TOP
 10
66.704337
 20
106.309795
 40
0.000000
 41
0.000000
 42
0.000000
  0
SEQEND
  0
POLYLINE
  8
PG_NEW-SILK-TOP
 66
1
 70
0
 40
0.000000
 41
0.000000
 39
0.000000
  0
VERTEX
  8
PG_NEW-SILK-TOP
 10
66.732150
 20
107.884722
 40
0.101600
 41
0.101600
 42
0.000000
  0
VERTEX
  8
PG_NEW-SILK-TOP
 10
67.176650
 20
107.884722
 40
0.101600
 41
0.101600
 42
-0.414244
  0
VERTEX
  8
PG_NEW-SILK-TOP
 10
67.354450
 20
107.706922
 40
0.101600
 41
0.101600
 42
0.000000
  0
VERTEX
  8
PG_NEW-SILK-TOP
 10
67.354450
 20
106.262678
 40
0.101600
 41
0.101600
 42
-0.414244
  0
VERTEX
  8
PG_NEW-SILK-TOP
 10
67.176650
 20
106.084878
 40
0.101600
 41
0.101600
 42
0.000000
  0
VERTEX
  8
PG_NEW-SILK-TOP
 10
66.732150
 20
106.084878
 40
0.101600
 41
0.101600
 42
-0.414244
  0
VERTEX
  8
PG_NEW-SILK-TOP
 10
66.554350
 20
106.262678
 40
0.101600
 41
0.101600
 42
0.000000
  0
VERTEX
  8
PG_NEW-SILK-TOP
 10
66.554350
 20
107.706922
 40
0.101600
 41
0.101600
 42
-0.414244
  0
VERTEX
  8
PG_NEW-SILK-TOP
 10
66.732150
 20
107.884722
 40
0.101600
 41
0.101600
 42
0.000000
  0
SEQEND
  0
POLYLINE
  8
PIN_TOP
 66
1
 70
1
 40
0.000000
 41
0.000000
 39
0.000000
  0
VERTEX
  8
PIN_TOP
 10
68.507737
 20
100.446205
 40
0.000000
 41
0.000000
 42
0.000000
  0
VERTEX
  8
PIN_TOP
 10
69.007863
 20
100.446205
 40
0.000000
 41
0.000000
 42
0.000000
  0
VERTEX
  8
PIN_TOP
 10
69.007863
 20
99.946079
 40
0.000000
 41
0.000000
 42
0.000000
  0
VERTEX
  8
PIN_TOP
 10
68.507737
 20
99.946079
 40
0.000000
 41
0.000000
 42
0.000000
  0
SEQEND
  0
POLYLINE
  8
PIN_TOP
 66
1
 70
1
 40
0.000000
 41
0.000000
 39
0.000000
  0
VERTEX
  8
PIN_TOP
 10
68.507737
 20
99.596321
 40
0.000000
 41
0.000000
 42
0.000000
  0
VERTEX
  8
PIN_TOP
 10
69.007863
 20
99.596321
 40
0.000000
 41
0.000000
 42
0.000000
  0
VERTEX
  8
PIN_TOP
 10
69.007863
 20
99.096195
 40
0.000000
 41
0.000000
 42
0.000000
  0
VERTEX
  8
PIN_TOP
 10
68.507737
 20
99.096195
 40
0.000000
 41
0.000000
 42
0.000000
  0
SEQEND
  0
POLYLINE
  8
PG_NEW-SILK-TOP
 66
1
 70
0
 40
0.000000
 41
0.000000
 39
0.000000
  0
VERTEX
  8
PG_NEW-SILK-TOP
 10
68.535550
 20
100.671122
 40
0.101600
 41
0.101600
 42
0.000000
  0
VERTEX
  8
PG_NEW-SILK-TOP
 10
68.980050
 20
100.671122
 40
0.101600
 41
0.101600
 42
-0.414244
  0
VERTEX
  8
PG_NEW-SILK-TOP
 10
69.157850
 20
100.493322
 40
0.101600
 41
0.101600
 42
0.000000
  0
VERTEX
  8
PG_NEW-SILK-TOP
 10
69.157850
 20
99.049078
 40
0.101600
 41
0.101600
 42
-0.414244
  0
VERTEX
  8
PG_NEW-SILK-TOP
 10
68.980050
 20
98.871278
 40
0.101600
 41
0.101600
 42
0.000000
  0
VERTEX
  8
PG_NEW-SILK-TOP
 10
68.535550
 20
98.871278
 40
0.101600
 41
0.101600
 42
-0.414244
  0
VERTEX
  8
PG_NEW-SILK-TOP
 10
68.357750
 20
99.049078
 40
0.101600
 41
0.101600
 42
0.000000
  0
VERTEX
  8
PG_NEW-SILK-TOP
 10
68.357750
 20
100.493322
 40
0.101600
 41
0.101600
 42
-0.414244
  0
VERTEX
  8
PG_NEW-SILK-TOP
 10
68.535550
 20
100.671122
 40
0.101600
 41
0.101600
 42
0.000000
  0
SEQEND
  0
POLYLINE
  8
PIN_TOP
 66
1
 70
1
 40
0.000000
 41
0.000000
 39
0.000000
  0
VERTEX
  8
PIN_TOP
 10
72.201405
 20
98.903663
 40
0.000000
 41
0.000000
 42
0.000000
  0
VERTEX
  8
PIN_TOP
 10
72.201405
 20
98.403537
 40
0.000000
 41
0.000000
 42
0.000000
  0
VERTEX
  8
PIN_TOP
 10
71.701279
 20
98.403537
 40
0.000000
 41
0.000000
 42
0.000000
  0
VERTEX
  8
PIN_TOP
 10
71.701279
 20
98.903663
 40
0.000000
 41
0.000000
 42
0.000000
  0
SEQEND
  0
POLYLINE
  8
PIN_TOP
 66
1
 70
1
 40
0.000000
 41
0.000000
 39
0.000000
  0
VERTEX
  8
PIN_TOP
 10
71.351521
 20
98.903663
 40
0.000000
 41
0.000000
 42
0.000000
  0
VERTEX
  8
PIN_TOP
 10
71.351521
 20
98.403537
 40
0.000000
 41
0.000000
 42
0.000000
  0
VERTEX
  8
PIN_TOP
 10
70.851395
 20
98.403537
 40
0.000000
 41
0.000000
 42
0.000000
  0
VERTEX
  8
PIN_TOP
 10
70.851395
 20
98.903663
 40
0.000000
 41
0.000000
 42
0.000000
  0
SEQEND
  0
POLYLINE
  8
PG_NEW-SILK-TOP
 66
1
 70
0
 40
0.000000
 41
0.000000
 39
0.000000
  0
VERTEX
  8
PG_NEW-SILK-TOP
 10
72.426322
 20
98.875850
 40
0.101600
 41
0.101600
 42
0.000000
  0
VERTEX
  8
PG_NEW-SILK-TOP
 10
72.426322
 20
98.431350
 40
0.101600
 41
0.101600
 42
-0.414244
  0
VERTEX
  8
PG_NEW-SILK-TOP
 10
72.248522
 20
98.253550
 40
0.101600
 41
0.101600
 42
0.000000
  0
VERTEX
  8
PG_NEW-SILK-TOP
 10
70.804278
 20
98.253550
 40
0.101600
 41
0.101600
 42
-0.414244
  0
VERTEX
  8
PG_NEW-SILK-TOP
 10
70.626478
 20
98.431350
 40
0.101600
 41
0.101600
 42
0.000000
  0
VERTEX
  8
PG_NEW-SILK-TOP
 10
70.626478
 20
98.875850
 40
0.101600
 41
0.101600
 42
-0.414244
  0
VERTEX
  8
PG_NEW-SILK-TOP
 10
70.804278
 20
99.053650
 40
0.101600
 41
0.101600
 42
0.000000
  0
VERTEX
  8
PG_NEW-SILK-TOP
 10
72.248522
 20
99.053650
 40
0.101600
 41
0.101600
 42
-0.414244
  0
VERTEX
  8
PG_NEW-SILK-TOP
 10
72.426322
 20
98.875850
 40
0.101600
 41
0.101600
 42
0.000000
  0
SEQEND
  0
POLYLINE
  8
PIN_TOP
 66
1
 70
1
 40
0.000000
 41
0.000000
 39
0.000000
  0
VERTEX
  8
PIN_TOP
 10
72.292337
 20
106.034205
 40
0.000000
 41
0.000000
 42
0.000000
  0
VERTEX
  8
PIN_TOP
 10
72.792463
 20
106.034205
 40
0.000000
 41
0.000000
 42
0.000000
  0
VERTEX
  8
PIN_TOP
 10
72.792463
 20
105.534079
 40
0.000000
 41
0.000000
 42
0.000000
  0
VERTEX
  8
PIN_TOP
 10
72.292337
 20
105.534079
 40
0.000000
 41
0.000000
 42
0.000000
  0
SEQEND
  0
POLYLINE
  8
PIN_TOP
 66
1
 70
1
 40
0.000000
 41
0.000000
 39
0.000000
  0
VERTEX
  8
PIN_TOP
 10
72.292337
 20
105.184321
 40
0.000000
 41
0.000000
 42
0.000000
  0
VERTEX
  8
PIN_TOP
 10
72.792463
 20
105.184321
 40
0.000000
 41
0.000000
 42
0.000000
  0
VERTEX
  8
PIN_TOP
 10
72.792463
 20
104.684195
 40
0.000000
 41
0.000000
 42
0.000000
  0
VERTEX
  8
PIN_TOP
 10
72.292337
 20
104.684195
 40
0.000000
 41
0.000000
 42
0.000000
  0
SEQEND
  0
POLYLINE
  8
PG_NEW-SILK-TOP
 66
1
 70
0
 40
0.000000
 41
0.000000
 39
0.000000
  0
VERTEX
  8
PG_NEW-SILK-TOP
 10
72.320150
 20
106.259122
 40
0.101600
 41
0.101600
 42
0.000000
  0
VERTEX
  8
PG_NEW-SILK-TOP
 10
72.764650
 20
106.259122
 40
0.101600
 41
0.101600
 42
-0.414244
  0
VERTEX
  8
PG_NEW-SILK-TOP
 10
72.942450
 20
106.081322
 40
0.101600
 41
0.101600
 42
0.000000
  0
VERTEX
  8
PG_NEW-SILK-TOP
 10
72.942450
 20
104.637078
 40
0.101600
 41
0.101600
 42
-0.414244
  0
VERTEX
  8
PG_NEW-SILK-TOP
 10
72.764650
 20
104.459278
 40
0.101600
 41
0.101600
 42
0.000000
  0
VERTEX
  8
PG_NEW-SILK-TOP
 10
72.320150
 20
104.459278
 40
0.101600
 41
0.101600
 42
-0.414244
  0
VERTEX
  8
PG_NEW-SILK-TOP
 10
72.142350
 20
104.637078
 40
0.101600
 41
0.101600
 42
0.000000
  0
VERTEX
  8
PG_NEW-SILK-TOP
 10
72.142350
 20
106.081322
 40
0.101600
 41
0.101600
 42
-0.414244
  0
VERTEX
  8
PG_NEW-SILK-TOP
 10
72.320150
 20
106.259122
 40
0.101600
 41
0.101600
 42
0.000000
  0
SEQEND
  0
POLYLINE
  8
PIN_TOP
 66
1
 70
1
 40
0.000000
 41
0.000000
 39
0.000000
  0
VERTEX
  8
PIN_TOP
 10
72.201405
 20
103.780463
 40
0.000000
 41
0.000000
 42
0.000000
  0
VERTEX
  8
PIN_TOP
 10
72.201405
 20
103.280337
 40
0.000000
 41
0.000000
 42
0.000000
  0
VERTEX
  8
PIN_TOP
 10
71.701279
 20
103.280337
 40
0.000000
 41
0.000000
 42
0.000000
  0
VERTEX
  8
PIN_TOP
 10
71.701279
 20
103.780463
 40
0.000000
 41
0.000000
 42
0.000000
  0
SEQEND
  0
POLYLINE
  8
PIN_TOP
 66
1
 70
1
 40
0.000000
 41
0.000000
 39
0.000000
  0
VERTEX
  8
PIN_TOP
 10
71.351521
 20
103.780463
 40
0.000000
 41
0.000000
 42
0.000000
  0
VERTEX
  8
PIN_TOP
 10
71.351521
 20
103.280337
 40
0.000000
 41
0.000000
 42
0.000000
  0
VERTEX
  8
PIN_TOP
 10
70.851395
 20
103.280337
 40
0.000000
 41
0.000000
 42
0.000000
  0
VERTEX
  8
PIN_TOP
 10
70.851395
 20
103.780463
 40
0.000000
 41
0.000000
 42
0.000000
  0
SEQEND
  0
POLYLINE
  8
PG_NEW-SILK-TOP
 66
1
 70
0
 40
0.000000
 41
0.000000
 39
0.000000
  0
VERTEX
  8
PG_NEW-SILK-TOP
 10
72.426322
 20
103.752650
 40
0.101600
 41
0.101600
 42
0.000000
  0
VERTEX
  8
PG_NEW-SILK-TOP
 10
72.426322
 20
103.308150
 40
0.101600
 41
0.101600
 42
-0.414244
  0
VERTEX
  8
PG_NEW-SILK-TOP
 10
72.248522
 20
103.130350
 40
0.101600
 41
0.101600
 42
0.000000
  0
VERTEX
  8
PG_NEW-SILK-TOP
 10
70.804278
 20
103.130350
 40
0.101600
 41
0.101600
 42
-0.414244
  0
VERTEX
  8
PG_NEW-SILK-TOP
 10
70.626478
 20
103.308150
 40
0.101600
 41
0.101600
 42
0.000000
  0
VERTEX
  8
PG_NEW-SILK-TOP
 10
70.626478
 20
103.752650
 40
0.101600
 41
0.101600
 42
-0.414244
  0
VERTEX
  8
PG_NEW-SILK-TOP
 10
70.804278
 20
103.930450
 40
0.101600
 41
0.101600
 42
0.000000
  0
VERTEX
  8
PG_NEW-SILK-TOP
 10
72.248522
 20
103.930450
 40
0.101600
 41
0.101600
 42
-0.414244
  0
VERTEX
  8
PG_NEW-SILK-TOP
 10
72.426322
 20
103.752650
 40
0.101600
 41
0.101600
 42
0.000000
  0
SEQEND
  0
POLYLINE
  8
PIN_TOP
 66
1
 70
1
 40
0.000000
 41
0.000000
 39
0.000000
  0
VERTEX
  8
PIN_TOP
 10
70.880605
 20
96.668463
 40
0.000000
 41
0.000000
 42
0.000000
  0
VERTEX
  8
PIN_TOP
 10
70.880605
 20
96.168337
 40
0.000000
 41
0.000000
 42
0.000000
  0
VERTEX
  8
PIN_TOP
 10
70.380479
 20
96.168337
 40
0.000000
 41
0.000000
 42
0.000000
  0
VERTEX
  8
PIN_TOP
 10
70.380479
 20
96.668463
 40
0.000000
 41
0.000000
 42
0.000000
  0
SEQEND
  0
POLYLINE
  8
PIN_TOP
 66
1
 70
1
 40
0.000000
 41
0.000000
 39
0.000000
  0
VERTEX
  8
PIN_TOP
 10
70.030721
 20
96.668463
 40
0.000000
 41
0.000000
 42
0.000000
  0
VERTEX
  8
PIN_TOP
 10
70.030721
 20
96.168337
 40
0.000000
 41
0.000000
 42
0.000000
  0
VERTEX
  8
PIN_TOP
 10
69.530595
 20
96.168337
 40
0.000000
 41
0.000000
 42
0.000000
  0
VERTEX
  8
PIN_TOP
 10
69.530595
 20
96.668463
 40
0.000000
 41
0.000000
 42
0.000000
  0
SEQEND
  0
POLYLINE
  8
PG_NEW-SILK-TOP
 66
1
 70
0
 40
0.000000
 41
0.000000
 39
0.000000
  0
VERTEX
  8
PG_NEW-SILK-TOP
 10
71.105522
 20
96.640650
 40
0.101600
 41
0.101600
 42
0.000000
  0
VERTEX
  8
PG_NEW-SILK-TOP
 10
71.105522
 20
96.196150
 40
0.101600
 41
0.101600
 42
-0.414244
  0
VERTEX
  8
PG_NEW-SILK-TOP
 10
70.927722
 20
96.018350
 40
0.101600
 41
0.101600
 42
0.000000
  0
VERTEX
  8
PG_NEW-SILK-TOP
 10
69.483478
 20
96.018350
 40
0.101600
 41
0.101600
 42
-0.414244
  0
VERTEX
  8
PG_NEW-SILK-TOP
 10
69.305678
 20
96.196150
 40
0.101600
 41
0.101600
 42
0.000000
  0
VERTEX
  8
PG_NEW-SILK-TOP
 10
69.305678
 20
96.640650
 40
0.101600
 41
0.101600
 42
-0.414244
  0
VERTEX
  8
PG_NEW-SILK-TOP
 10
69.483478
 20
96.818450
 40
0.101600
 41
0.101600
 42
0.000000
  0
VERTEX
  8
PG_NEW-SILK-TOP
 10
70.927722
 20
96.818450
 40
0.101600
 41
0.101600
 42
-0.414244
  0
VERTEX
  8
PG_NEW-SILK-TOP
 10
71.105522
 20
96.640650
 40
0.101600
 41
0.101600
 42
0.000000
  0
SEQEND
  0
POLYLINE
  8
PIN_TOP
 66
1
 70
1
 40
0.000000
 41
0.000000
 39
0.000000
  0
VERTEX
  8
PIN_TOP
 10
71.116063
 20
94.371795
 40
0.000000
 41
0.000000
 42
0.000000
  0
VERTEX
  8
PIN_TOP
 10
70.615937
 20
94.371795
 40
0.000000
 41
0.000000
 42
0.000000
  0
VERTEX
  8
PIN_TOP
 10
70.615937
 20
94.871921
 40
0.000000
 41
0.000000
 42
0.000000
  0
VERTEX
  8
PIN_TOP
 10
71.116063
 20
94.871921
 40
0.000000
 41
0.000000
 42
0.000000
  0
SEQEND
  0
POLYLINE
  8
PIN_TOP
 66
1
 70
1
 40
0.000000
 41
0.000000
 39
0.000000
  0
VERTEX
  8
PIN_TOP
 10
71.116063
 20
95.221679
 40
0.000000
 41
0.000000
 42
0.000000
  0
VERTEX
  8
PIN_TOP
 10
70.615937
 20
95.221679
 40
0.000000
 41
0.000000
 42
0.000000
  0
VERTEX
  8
PIN_TOP
 10
70.615937
 20
95.721805
 40
0.000000
 41
0.000000
 42
0.000000
  0
VERTEX
  8
PIN_TOP
 10
71.116063
 20
95.721805
 40
0.000000
 41
0.000000
 42
0.000000
  0
SEQEND
  0
POLYLINE
  8
PG_NEW-SILK-TOP
 66
1
 70
0
 40
0.000000
 41
0.000000
 39
0.000000
  0
VERTEX
  8
PG_NEW-SILK-TOP
 10
71.088250
 20
94.146878
 40
0.101600
 41
0.101600
 42
0.000000
  0
VERTEX
  8
PG_NEW-SILK-TOP
 10
70.643750
 20
94.146878
 40
0.101600
 41
0.101600
 42
-0.414244
  0
VERTEX
  8
PG_NEW-SILK-TOP
 10
70.465950
 20
94.324678
 40
0.101600
 41
0.101600
 42
0.000000
  0
VERTEX
  8
PG_NEW-SILK-TOP
 10
70.465950
 20
95.768922
 40
0.101600
 41
0.101600
 42
-0.414244
  0
VERTEX
  8
PG_NEW-SILK-TOP
 10
70.643750
 20
95.946722
 40
0.101600
 41
0.101600
 42
0.000000
  0
VERTEX
  8
PG_NEW-SILK-TOP
 10
71.088250
 20
95.946722
 40
0.101600
 41
0.101600
 42
-0.414244
  0
VERTEX
  8
PG_NEW-SILK-TOP
 10
71.266050
 20
95.768922
 40
0.101600
 41
0.101600
 42
0.000000
  0
VERTEX
  8
PG_NEW-SILK-TOP
 10
71.266050
 20
94.324678
 40
0.101600
 41
0.101600
 42
-0.414244
  0
VERTEX
  8
PG_NEW-SILK-TOP
 10
71.088250
 20
94.146878
 40
0.101600
 41
0.101600
 42
0.000000
  0
SEQEND
  0
POLYLINE
  8
PIN_TOP
 66
1
 70
1
 40
0.000000
 41
0.000000
 39
0.000000
  0
VERTEX
  8
PIN_TOP
 10
67.618737
 20
107.659805
 40
0.000000
 41
0.000000
 42
0.000000
  0
VERTEX
  8
PIN_TOP
 10
68.118863
 20
107.659805
 40
0.000000
 41
0.000000
 42
0.000000
  0
VERTEX
  8
PIN_TOP
 10
68.118863
 20
107.159679
 40
0.000000
 41
0.000000
 42
0.000000
  0
VERTEX
  8
PIN_TOP
 10
67.618737
 20
107.159679
 40
0.000000
 41
0.000000
 42
0.000000
  0
SEQEND
  0
POLYLINE
  8
PIN_TOP
 66
1
 70
1
 40
0.000000
 41
0.000000
 39
0.000000
  0
VERTEX
  8
PIN_TOP
 10
67.618737
 20
106.809921
 40
0.000000
 41
0.000000
 42
0.000000
  0
VERTEX
  8
PIN_TOP
 10
68.118863
 20
106.809921
 40
0.000000
 41
0.000000
 42
0.000000
  0
VERTEX
  8
PIN_TOP
 10
68.118863
 20
106.309795
 40
0.000000
 41
0.000000
 42
0.000000
  0
VERTEX
  8
PIN_TOP
 10
67.618737
 20
106.309795
 40
0.000000
 41
0.000000
 42
0.000000
  0
SEQEND
  0
POLYLINE
  8
PG_NEW-SILK-TOP
 66
1
 70
0
 40
0.000000
 41
0.000000
 39
0.000000
  0
VERTEX
  8
PG_NEW-SILK-TOP
 10
67.646550
 20
107.884722
 40
0.101600
 41
0.101600
 42
0.000000
  0
VERTEX
  8
PG_NEW-SILK-TOP
 10
68.091050
 20
107.884722
 40
0.101600
 41
0.101600
 42
-0.414244
  0
VERTEX
  8
PG_NEW-SILK-TOP
 10
68.268850
 20
107.706922
 40
0.101600
 41
0.101600
 42
0.000000
  0
VERTEX
  8
PG_NEW-SILK-TOP
 10
68.268850
 20
106.262678
 40
0.101600
 41
0.101600
 42
-0.414244
  0
VERTEX
  8
PG_NEW-SILK-TOP
 10
68.091050
 20
106.084878
 40
0.101600
 41
0.101600
 42
0.000000
  0
VERTEX
  8
PG_NEW-SILK-TOP
 10
67.646550
 20
106.084878
 40
0.101600
 41
0.101600
 42
-0.414244
  0
VERTEX
  8
PG_NEW-SILK-TOP
 10
67.468750
 20
106.262678
 40
0.101600
 41
0.101600
 42
0.000000
  0
VERTEX
  8
PG_NEW-SILK-TOP
 10
67.468750
 20
107.706922
 40
0.101600
 41
0.101600
 42
-0.414244
  0
VERTEX
  8
PG_NEW-SILK-TOP
 10
67.646550
 20
107.884722
 40
0.101600
 41
0.101600
 42
0.000000
  0
SEQEND
  0
POLYLINE
  8
PIN_TOP
 66
1
 70
1
 40
0.000000
 41
0.000000
 39
0.000000
  0
VERTEX
  8
PIN_TOP
 10
77.117321
 20
72.411463
 40
0.000000
 41
0.000000
 42
0.000000
  0
VERTEX
  8
PIN_TOP
 10
77.117321
 20
71.911337
 40
0.000000
 41
0.000000
 42
0.000000
  0
VERTEX
  8
PIN_TOP
 10
76.617195
 20
71.911337
 40
0.000000
 41
0.000000
 42
0.000000
  0
VERTEX
  8
PIN_TOP
 10
76.617195
 20
72.411463
 40
0.000000
 41
0.000000
 42
0.000000
  0
SEQEND
  0
POLYLINE
  8
PIN_TOP
 66
1
 70
1
 40
0.000000
 41
0.000000
 39
0.000000
  0
VERTEX
  8
PIN_TOP
 10
77.967205
 20
72.411463
 40
0.000000
 41
0.000000
 42
0.000000
  0
VERTEX
  8
PIN_TOP
 10
77.967205
 20
71.911337
 40
0.000000
 41
0.000000
 42
0.000000
  0
VERTEX
  8
PIN_TOP
 10
77.467079
 20
71.911337
 40
0.000000
 41
0.000000
 42
0.000000
  0
VERTEX
  8
PIN_TOP
 10
77.467079
 20
72.411463
 40
0.000000
 41
0.000000
 42
0.000000
  0
SEQEND
  0
POLYLINE
  8
PG_NEW-SILK-TOP
 66
1
 70
0
 40
0.000000
 41
0.000000
 39
0.000000
  0
VERTEX
  8
PG_NEW-SILK-TOP
 10
78.192122
 20
72.383650
 40
0.101600
 41
0.101600
 42
0.000000
  0
VERTEX
  8
PG_NEW-SILK-TOP
 10
78.192122
 20
71.939150
 40
0.101600
 41
0.101600
 42
-0.414244
  0
VERTEX
  8
PG_NEW-SILK-TOP
 10
78.014322
 20
71.761350
 40
0.101600
 41
0.101600
 42
0.000000
  0
VERTEX
  8
PG_NEW-SILK-TOP
 10
76.570078
 20
71.761350
 40
0.101600
 41
0.101600
 42
-0.414244
  0
VERTEX
  8
PG_NEW-SILK-TOP
 10
76.392278
 20
71.939150
 40
0.101600
 41
0.101600
 42
0.000000
  0
VERTEX
  8
PG_NEW-SILK-TOP
 10
76.392278
 20
72.383650
 40
0.101600
 41
0.101600
 42
-0.414244
  0
VERTEX
  8
PG_NEW-SILK-TOP
 10
76.570078
 20
72.561450
 40
0.101600
 41
0.101600
 42
0.000000
  0
VERTEX
  8
PG_NEW-SILK-TOP
 10
78.014322
 20
72.561450
 40
0.101600
 41
0.101600
 42
-0.414244
  0
VERTEX
  8
PG_NEW-SILK-TOP
 10
78.192122
 20
72.383650
 40
0.101600
 41
0.101600
 42
0.000000
  0
SEQEND
  0
POLYLINE
  8
PIN_TOP
 66
1
 70
1
 40
0.000000
 41
0.000000
 39
0.000000
  0
VERTEX
  8
PIN_TOP
 10
71.453121
 20
54.707663
 40
0.000000
 41
0.000000
 42
0.000000
  0
VERTEX
  8
PIN_TOP
 10
71.453121
 20
54.207537
 40
0.000000
 41
0.000000
 42
0.000000
  0
VERTEX
  8
PIN_TOP
 10
70.952995
 20
54.207537
 40
0.000000
 41
0.000000
 42
0.000000
  0
VERTEX
  8
PIN_TOP
 10
70.952995
 20
54.707663
 40
0.000000
 41
0.000000
 42
0.000000
  0
SEQEND
  0
POLYLINE
  8
PIN_TOP
 66
1
 70
1
 40
0.000000
 41
0.000000
 39
0.000000
  0
VERTEX
  8
PIN_TOP
 10
72.303005
 20
54.707663
 40
0.000000
 41
0.000000
 42
0.000000
  0
VERTEX
  8
PIN_TOP
 10
72.303005
 20
54.207537
 40
0.000000
 41
0.000000
 42
0.000000
  0
VERTEX
  8
PIN_TOP
 10
71.802879
 20
54.207537
 40
0.000000
 41
0.000000
 42
0.000000
  0
VERTEX
  8
PIN_TOP
 10
71.802879
 20
54.707663
 40
0.000000
 41
0.000000
 42
0.000000
  0
SEQEND
  0
POLYLINE
  8
PG_NEW-SILK-TOP
 66
1
 70
0
 40
0.000000
 41
0.000000
 39
0.000000
  0
VERTEX
  8
PG_NEW-SILK-TOP
 10
72.527922
 20
54.679850
 40
0.101600
 41
0.101600
 42
0.000000
  0
VERTEX
  8
PG_NEW-SILK-TOP
 10
72.527922
 20
54.235350
 40
0.101600
 41
0.101600
 42
-0.414244
  0
VERTEX
  8
PG_NEW-SILK-TOP
 10
72.350122
 20
54.057550
 40
0.101600
 41
0.101600
 42
0.000000
  0
VERTEX
  8
PG_NEW-SILK-TOP
 10
70.905878
 20
54.057550
 40
0.101600
 41
0.101600
 42
-0.414244
  0
VERTEX
  8
PG_NEW-SILK-TOP
 10
70.728078
 20
54.235350
 40
0.101600
 41
0.101600
 42
0.000000
  0
VERTEX
  8
PG_NEW-SILK-TOP
 10
70.728078
 20
54.679850
 40
0.101600
 41
0.101600
 42
-0.414244
  0
VERTEX
  8
PG_NEW-SILK-TOP
 10
70.905878
 20
54.857650
 40
0.101600
 41
0.101600
 42
0.000000
  0
VERTEX
  8
PG_NEW-SILK-TOP
 10
72.350122
 20
54.857650
 40
0.101600
 41
0.101600
 42
-0.414244
  0
VERTEX
  8
PG_NEW-SILK-TOP
 10
72.527922
 20
54.679850
 40
0.101600
 41
0.101600
 42
0.000000
  0
SEQEND
  0
POLYLINE
  8
PIN_TOP
 66
1
 70
1
 40
0.000000
 41
0.000000
 39
0.000000
  0
VERTEX
  8
PIN_TOP
 10
71.453121
 20
53.793263
 40
0.000000
 41
0.000000
 42
0.000000
  0
VERTEX
  8
PIN_TOP
 10
71.453121
 20
53.293137
 40
0.000000
 41
0.000000
 42
0.000000
  0
VERTEX
  8
PIN_TOP
 10
70.952995
 20
53.293137
 40
0.000000
 41
0.000000
 42
0.000000
  0
VERTEX
  8
PIN_TOP
 10
70.952995
 20
53.793263
 40
0.000000
 41
0.000000
 42
0.000000
  0
SEQEND
  0
POLYLINE
  8
PIN_TOP
 66
1
 70
1
 40
0.000000
 41
0.000000
 39
0.000000
  0
VERTEX
  8
PIN_TOP
 10
72.303005
 20
53.793263
 40
0.000000
 41
0.000000
 42
0.000000
  0
VERTEX
  8
PIN_TOP
 10
72.303005
 20
53.293137
 40
0.000000
 41
0.000000
 42
0.000000
  0
VERTEX
  8
PIN_TOP
 10
71.802879
 20
53.293137
 40
0.000000
 41
0.000000
 42
0.000000
  0
VERTEX
  8
PIN_TOP
 10
71.802879
 20
53.793263
 40
0.000000
 41
0.000000
 42
0.000000
  0
SEQEND
  0
POLYLINE
  8
PG_NEW-SILK-TOP
 66
1
 70
0
 40
0.000000
 41
0.000000
 39
0.000000
  0
VERTEX
  8
PG_NEW-SILK-TOP
 10
72.527922
 20
53.765450
 40
0.101600
 41
0.101600
 42
0.000000
  0
VERTEX
  8
PG_NEW-SILK-TOP
 10
72.527922
 20
53.320950
 40
0.101600
 41
0.101600
 42
-0.414244
  0
VERTEX
  8
PG_NEW-SILK-TOP
 10
72.350122
 20
53.143150
 40
0.101600
 41
0.101600
 42
0.000000
  0
VERTEX
  8
PG_NEW-SILK-TOP
 10
70.905878
 20
53.143150
 40
0.101600
 41
0.101600
 42
-0.414244
  0
VERTEX
  8
PG_NEW-SILK-TOP
 10
70.728078
 20
53.320950
 40
0.101600
 41
0.101600
 42
0.000000
  0
VERTEX
  8
PG_NEW-SILK-TOP
 10
70.728078
 20
53.765450
 40
0.101600
 41
0.101600
 42
-0.414244
  0
VERTEX
  8
PG_NEW-SILK-TOP
 10
70.905878
 20
53.943250
 40
0.101600
 41
0.101600
 42
0.000000
  0
VERTEX
  8
PG_NEW-SILK-TOP
 10
72.350122
 20
53.943250
 40
0.101600
 41
0.101600
 42
-0.414244
  0
VERTEX
  8
PG_NEW-SILK-TOP
 10
72.527922
 20
53.765450
 40
0.101600
 41
0.101600
 42
0.000000
  0
SEQEND
  0
POLYLINE
  8
PIN_TOP
 66
1
 70
1
 40
0.000000
 41
0.000000
 39
0.000000
  0
VERTEX
  8
PIN_TOP
 10
74.850752
 20
62.437010
 40
0.000000
 41
0.000000
 42
0.000000
  0
VERTEX
  8
PIN_TOP
 10
74.850752
 20
62.937136
 40
0.000000
 41
0.000000
 42
0.000000
  0
VERTEX
  8
PIN_TOP
 10
75.350878
 20
62.937136
 40
0.000000
 41
0.000000
 42
0.000000
  0
VERTEX
  8
PIN_TOP
 10
75.350878
 20
62.437010
 40
0.000000
 41
0.000000
 42
0.000000
  0
SEQEND
  0
POLYLINE
  8
PIN_TOP
 66
1
 70
1
 40
0.000000
 41
0.000000
 39
0.000000
  0
VERTEX
  8
PIN_TOP
 10
74.000868
 20
62.437010
 40
0.000000
 41
0.000000
 42
0.000000
  0
VERTEX
  8
PIN_TOP
 10
74.000868
 20
62.937136
 40
0.000000
 41
0.000000
 42
0.000000
  0
VERTEX
  8
PIN_TOP
 10
74.500994
 20
62.937136
 40
0.000000
 41
0.000000
 42
0.000000
  0
VERTEX
  8
PIN_TOP
 10
74.500994
 20
62.437010
 40
0.000000
 41
0.000000
 42
0.000000
  0
SEQEND
  0
POLYLINE
  8
PG_NEW-SILK-TOP
 66
1
 70
0
 40
0.000000
 41
0.000000
 39
0.000000
  0
VERTEX
  8
PG_NEW-SILK-TOP
 10
73.776078
 20
62.464950
 40
0.101600
 41
0.101600
 42
0.000000
  0
VERTEX
  8
PG_NEW-SILK-TOP
 10
73.776078
 20
62.909450
 40
0.101600
 41
0.101600
 42
-0.414244
  0
VERTEX
  8
PG_NEW-SILK-TOP
 10
73.953878
 20
63.087250
 40
0.101600
 41
0.101600
 42
0.000000
  0
VERTEX
  8
PG_NEW-SILK-TOP
 10
75.398122
 20
63.087250
 40
0.101600
 41
0.101600
 42
-0.414244
  0
VERTEX
  8
PG_NEW-SILK-TOP
 10
75.575922
 20
62.909450
 40
0.101600
 41
0.101600
 42
0.000000
  0
VERTEX
  8
PG_NEW-SILK-TOP
 10
75.575922
 20
62.464950
 40
0.101600
 41
0.101600
 42
-0.414244
  0
VERTEX
  8
PG_NEW-SILK-TOP
 10
75.398122
 20
62.287150
 40
0.101600
 41
0.101600
 42
0.000000
  0
VERTEX
  8
PG_NEW-SILK-TOP
 10
73.953878
 20
62.287150
 40
0.101600
 41
0.101600
 42
-0.414244
  0
VERTEX
  8
PG_NEW-SILK-TOP
 10
73.776078
 20
62.464950
 40
0.101600
 41
0.101600
 42
0.000000
  0
SEQEND
  0
POLYLINE
  8
PIN_TOP
 66
1
 70
1
 40
0.000000
 41
0.000000
 39
0.000000
  0
VERTEX
  8
PIN_TOP
 10
69.292851
 20
50.543587
 40
0.000000
 41
0.000000
 42
0.000000
  0
VERTEX
  8
PIN_TOP
 10
69.292851
 20
50.243613
 40
0.000000
 41
0.000000
 42
0.000000
  0
VERTEX
  8
PIN_TOP
 10
68.992877
 20
50.243613
 40
0.000000
 41
0.000000
 42
0.000000
  0
VERTEX
  8
PIN_TOP
 10
68.992877
 20
50.543587
 40
0.000000
 41
0.000000
 42
0.000000
  0
SEQEND
  0
POLYLINE
  8
PIN_TOP
 66
1
 70
1
 40
0.000000
 41
0.000000
 39
0.000000
  0
VERTEX
  8
PIN_TOP
 10
69.792723
 20
50.543587
 40
0.000000
 41
0.000000
 42
0.000000
  0
VERTEX
  8
PIN_TOP
 10
69.792723
 20
50.243613
 40
0.000000
 41
0.000000
 42
0.000000
  0
VERTEX
  8
PIN_TOP
 10
69.492749
 20
50.243613
 40
0.000000
 41
0.000000
 42
0.000000
  0
VERTEX
  8
PIN_TOP
 10
69.492749
 20
50.543587
 40
0.000000
 41
0.000000
 42
0.000000
  0
SEQEND
  0
POLYLINE
  8
PG_NEW-SILK-TOP
 66
1
 70
0
 40
0.000000
 41
0.000000
 39
0.000000
  0
VERTEX
  8
PG_NEW-SILK-TOP
 10
69.942710
 20
50.693574
 40
0.101600
 41
0.101600
 42
0.000000
  0
VERTEX
  8
PG_NEW-SILK-TOP
 10
69.942710
 20
50.093626
 40
0.101600
 41
0.101600
 42
0.000000
  0
VERTEX
  8
PG_NEW-SILK-TOP
 10
68.842890
 20
50.093626
 40
0.101600
 41
0.101600
 42
0.000000
  0
VERTEX
  8
PG_NEW-SILK-TOP
 10
68.842890
 20
50.693574
 40
0.101600
 41
0.101600
 42
0.000000
  0
VERTEX
  8
PG_NEW-SILK-TOP
 10
69.942710
 20
50.693574
 40
0.101600
 41
0.101600
 42
0.000000
  0
SEQEND
  0
POLYLINE
  8
PIN_TOP
 66
1
 70
1
 40
0.000000
 41
0.000000
 39
0.000000
  0
VERTEX
  8
PIN_TOP
 10
59.382787
 20
75.495277
 40
0.000000
 41
0.000000
 42
0.000000
  0
VERTEX
  8
PIN_TOP
 10
59.082813
 20
75.495277
 40
0.000000
 41
0.000000
 42
0.000000
  0
VERTEX
  8
PIN_TOP
 10
59.082813
 20
75.795251
 40
0.000000
 41
0.000000
 42
0.000000
  0
VERTEX
  8
PIN_TOP
 10
59.382787
 20
75.795251
 40
0.000000
 41
0.000000
 42
0.000000
  0
SEQEND
  0
POLYLINE
  8
PIN_TOP
 66
1
 70
1
 40
0.000000
 41
0.000000
 39
0.000000
  0
VERTEX
  8
PIN_TOP
 10
59.382787
 20
75.995149
 40
0.000000
 41
0.000000
 42
0.000000
  0
VERTEX
  8
PIN_TOP
 10
59.082813
 20
75.995149
 40
0.000000
 41
0.000000
 42
0.000000
  0
VERTEX
  8
PIN_TOP
 10
59.082813
 20
76.295123
 40
0.000000
 41
0.000000
 42
0.000000
  0
VERTEX
  8
PIN_TOP
 10
59.382787
 20
76.295123
 40
0.000000
 41
0.000000
 42
0.000000
  0
SEQEND
  0
POLYLINE
  8
PG_NEW-SILK-TOP
 66
1
 70
0
 40
0.000000
 41
0.000000
 39
0.000000
  0
VERTEX
  8
PG_NEW-SILK-TOP
 10
59.532774
 20
75.345290
 40
0.101600
 41
0.101600
 42
0.000000
  0
VERTEX
  8
PG_NEW-SILK-TOP
 10
58.932826
 20
75.345290
 40
0.101600
 41
0.101600
 42
0.000000
  0
VERTEX
  8
PG_NEW-SILK-TOP
 10
58.932826
 20
76.445110
 40
0.101600
 41
0.101600
 42
0.000000
  0
VERTEX
  8
PG_NEW-SILK-TOP
 10
59.532774
 20
76.445110
 40
0.101600
 41
0.101600
 42
0.000000
  0
VERTEX
  8
PG_NEW-SILK-TOP
 10
59.532774
 20
75.345290
 40
0.101600
 41
0.101600
 42
0.000000
  0
SEQEND
  0
POLYLINE
  8
PIN_TOP
 66
1
 70
1
 40
0.000000
 41
0.000000
 39
0.000000
  0
VERTEX
  8
PIN_TOP
 10
57.422923
 20
96.161987
 40
0.000000
 41
0.000000
 42
0.000000
  0
VERTEX
  8
PIN_TOP
 10
57.422923
 20
95.862013
 40
0.000000
 41
0.000000
 42
0.000000
  0
VERTEX
  8
PIN_TOP
 10
57.122949
 20
95.862013
 40
0.000000
 41
0.000000
 42
0.000000
  0
VERTEX
  8
PIN_TOP
 10
57.122949
 20
96.161987
 40
0.000000
 41
0.000000
 42
0.000000
  0
SEQEND
  0
POLYLINE
  8
PIN_TOP
 66
1
 70
1
 40
0.000000
 41
0.000000
 39
0.000000
  0
VERTEX
  8
PIN_TOP
 10
56.923051
 20
96.161987
 40
0.000000
 41
0.000000
 42
0.000000
  0
VERTEX
  8
PIN_TOP
 10
56.923051
 20
95.862013
 40
0.000000
 41
0.000000
 42
0.000000
  0
VERTEX
  8
PIN_TOP
 10
56.623077
 20
95.862013
 40
0.000000
 41
0.000000
 42
0.000000
  0
VERTEX
  8
PIN_TOP
 10
56.623077
 20
96.161987
 40
0.000000
 41
0.000000
 42
0.000000
  0
SEQEND
  0
POLYLINE
  8
PG_NEW-SILK-TOP
 66
1
 70
0
 40
0.000000
 41
0.000000
 39
0.000000
  0
VERTEX
  8
PG_NEW-SILK-TOP
 10
57.572910
 20
96.311974
 40
0.101600
 41
0.101600
 42
0.000000
  0
VERTEX
  8
PG_NEW-SILK-TOP
 10
57.572910
 20
95.712026
 40
0.101600
 41
0.101600
 42
0.000000
  0
VERTEX
  8
PG_NEW-SILK-TOP
 10
56.473090
 20
95.712026
 40
0.101600
 41
0.101600
 42
0.000000
  0
VERTEX
  8
PG_NEW-SILK-TOP
 10
56.473090
 20
96.311974
 40
0.101600
 41
0.101600
 42
0.000000
  0
VERTEX
  8
PG_NEW-SILK-TOP
 10
57.572910
 20
96.311974
 40
0.101600
 41
0.101600
 42
0.000000
  0
SEQEND
  0
POLYLINE
  8
PIN_TOP
 66
1
 70
1
 40
0.000000
 41
0.000000
 39
0.000000
  0
VERTEX
  8
PIN_TOP
 10
76.553187
 20
75.088877
 40
0.000000
 41
0.000000
 42
0.000000
  0
VERTEX
  8
PIN_TOP
 10
76.253213
 20
75.088877
 40
0.000000
 41
0.000000
 42
0.000000
  0
VERTEX
  8
PIN_TOP
 10
76.253213
 20
75.388851
 40
0.000000
 41
0.000000
 42
0.000000
  0
VERTEX
  8
PIN_TOP
 10
76.553187
 20
75.388851
 40
0.000000
 41
0.000000
 42
0.000000
  0
SEQEND
  0
POLYLINE
  8
PIN_TOP
 66
1
 70
1
 40
0.000000
 41
0.000000
 39
0.000000
  0
VERTEX
  8
PIN_TOP
 10
76.553187
 20
75.588749
 40
0.000000
 41
0.000000
 42
0.000000
  0
VERTEX
  8
PIN_TOP
 10
76.253213
 20
75.588749
 40
0.000000
 41
0.000000
 42
0.000000
  0
VERTEX
  8
PIN_TOP
 10
76.253213
 20
75.888723
 40
0.000000
 41
0.000000
 42
0.000000
  0
VERTEX
  8
PIN_TOP
 10
76.553187
 20
75.888723
 40
0.000000
 41
0.000000
 42
0.000000
  0
SEQEND
  0
POLYLINE
  8
PG_NEW-SILK-TOP
 66
1
 70
0
 40
0.000000
 41
0.000000
 39
0.000000
  0
VERTEX
  8
PG_NEW-SILK-TOP
 10
76.703174
 20
74.938890
 40
0.101600
 41
0.101600
 42
0.000000
  0
VERTEX
  8
PG_NEW-SILK-TOP
 10
76.103226
 20
74.938890
 40
0.101600
 41
0.101600
 42
0.000000
  0
VERTEX
  8
PG_NEW-SILK-TOP
 10
76.103226
 20
76.038710
 40
0.101600
 41
0.101600
 42
0.000000
  0
VERTEX
  8
PG_NEW-SILK-TOP
 10
76.703174
 20
76.038710
 40
0.101600
 41
0.101600
 42
0.000000
  0
VERTEX
  8
PG_NEW-SILK-TOP
 10
76.703174
 20
74.938890
 40
0.101600
 41
0.101600
 42
0.000000
  0
SEQEND
  0
POLYLINE
  8
PIN_TOP
 66
1
 70
1
 40
0.000000
 41
0.000000
 39
0.000000
  0
VERTEX
  8
PIN_TOP
 10
78.022323
 20
75.867387
 40
0.000000
 41
0.000000
 42
0.000000
  0
VERTEX
  8
PIN_TOP
 10
78.022323
 20
75.567413
 40
0.000000
 41
0.000000
 42
0.000000
  0
VERTEX
  8
PIN_TOP
 10
77.722349
 20
75.567413
 40
0.000000
 41
0.000000
 42
0.000000
  0
VERTEX
  8
PIN_TOP
 10
77.722349
 20
75.867387
 40
0.000000
 41
0.000000
 42
0.000000
  0
SEQEND
  0
POLYLINE
  8
PIN_TOP
 66
1
 70
1
 40
0.000000
 41
0.000000
 39
0.000000
  0
VERTEX
  8
PIN_TOP
 10
77.522451
 20
75.867387
 40
0.000000
 41
0.000000
 42
0.000000
  0
VERTEX
  8
PIN_TOP
 10
77.522451
 20
75.567413
 40
0.000000
 41
0.000000
 42
0.000000
  0
VERTEX
  8
PIN_TOP
 10
77.222477
 20
75.567413
 40
0.000000
 41
0.000000
 42
0.000000
  0
VERTEX
  8
PIN_TOP
 10
77.222477
 20
75.867387
 40
0.000000
 41
0.000000
 42
0.000000
  0
SEQEND
  0
POLYLINE
  8
PG_NEW-SILK-TOP
 66
1
 70
0
 40
0.000000
 41
0.000000
 39
0.000000
  0
VERTEX
  8
PG_NEW-SILK-TOP
 10
78.172310
 20
76.017374
 40
0.101600
 41
0.101600
 42
0.000000
  0
VERTEX
  8
PG_NEW-SILK-TOP
 10
78.172310
 20
75.417426
 40
0.101600
 41
0.101600
 42
0.000000
  0
VERTEX
  8
PG_NEW-SILK-TOP
 10
77.072490
 20
75.417426
 40
0.101600
 41
0.101600
 42
0.000000
  0
VERTEX
  8
PG_NEW-SILK-TOP
 10
77.072490
 20
76.017374
 40
0.101600
 41
0.101600
 42
0.000000
  0
VERTEX
  8
PG_NEW-SILK-TOP
 10
78.172310
 20
76.017374
 40
0.101600
 41
0.101600
 42
0.000000
  0
SEQEND
  0
POLYLINE
  8
PIN_TOP
 66
1
 70
1
 40
0.000000
 41
0.000000
 39
0.000000
  0
VERTEX
  8
PIN_TOP
 10
68.078350
 20
93.626686
 40
0.000000
 41
0.000000
 42
0.000000
  0
VERTEX
  8
PIN_TOP
 10
68.078350
 20
93.926660
 40
0.000000
 41
0.000000
 42
0.000000
  0
VERTEX
  8
PIN_TOP
 10
68.378324
 20
93.926660
 40
0.000000
 41
0.000000
 42
0.000000
  0
VERTEX
  8
PIN_TOP
 10
68.378324
 20
93.626686
 40
0.000000
 41
0.000000
 42
0.000000
  0
SEQEND
  0
POLYLINE
  8
PIN_TOP
 66
1
 70
1
 40
0.000000
 41
0.000000
 39
0.000000
  0
VERTEX
  8
PIN_TOP
 10
68.578222
 20
93.626686
 40
0.000000
 41
0.000000
 42
0.000000
  0
VERTEX
  8
PIN_TOP
 10
68.578222
 20
93.926660
 40
0.000000
 41
0.000000
 42
0.000000
  0
VERTEX
  8
PIN_TOP
 10
68.878196
 20
93.926660
 40
0.000000
 41
0.000000
 42
0.000000
  0
VERTEX
  8
PIN_TOP
 10
68.878196
 20
93.626686
 40
0.000000
 41
0.000000
 42
0.000000
  0
SEQEND
  0
POLYLINE
  8
PG_NEW-SILK-TOP
 66
1
 70
0
 40
0.000000
 41
0.000000
 39
0.000000
  0
VERTEX
  8
PG_NEW-SILK-TOP
 10
67.928490
 20
93.476826
 40
0.101600
 41
0.101600
 42
0.000000
  0
VERTEX
  8
PG_NEW-SILK-TOP
 10
67.928490
 20
94.076774
 40
0.101600
 41
0.101600
 42
0.000000
  0
VERTEX
  8
PG_NEW-SILK-TOP
 10
69.028310
 20
94.076774
 40
0.101600
 41
0.101600
 42
0.000000
  0
VERTEX
  8
PG_NEW-SILK-TOP
 10
69.028310
 20
93.476826
 40
0.101600
 41
0.101600
 42
0.000000
  0
VERTEX
  8
PG_NEW-SILK-TOP
 10
67.928490
 20
93.476826
 40
0.101600
 41
0.101600
 42
0.000000
  0
SEQEND
  0
POLYLINE
  8
PIN_TOP
 66
1
 70
1
 40
0.000000
 41
0.000000
 39
0.000000
  0
VERTEX
  8
PIN_TOP
 10
76.511150
 20
91.899486
 40
0.000000
 41
0.000000
 42
0.000000
  0
VERTEX
  8
PIN_TOP
 10
76.511150
 20
92.199460
 40
0.000000
 41
0.000000
 42
0.000000
  0
VERTEX
  8
PIN_TOP
 10
76.811124
 20
92.199460
 40
0.000000
 41
0.000000
 42
0.000000
  0
VERTEX
  8
PIN_TOP
 10
76.811124
 20
91.899486
 40
0.000000
 41
0.000000
 42
0.000000
  0
SEQEND
  0
POLYLINE
  8
PIN_TOP
 66
1
 70
1
 40
0.000000
 41
0.000000
 39
0.000000
  0
VERTEX
  8
PIN_TOP
 10
77.011022
 20
91.899486
 40
0.000000
 41
0.000000
 42
0.000000
  0
VERTEX
  8
PIN_TOP
 10
77.011022
 20
92.199460
 40
0.000000
 41
0.000000
 42
0.000000
  0
VERTEX
  8
PIN_TOP
 10
77.310996
 20
92.199460
 40
0.000000
 41
0.000000
 42
0.000000
  0
VERTEX
  8
PIN_TOP
 10
77.310996
 20
91.899486
 40
0.000000
 41
0.000000
 42
0.000000
  0
SEQEND
  0
POLYLINE
  8
PG_NEW-SILK-TOP
 66
1
 70
0
 40
0.000000
 41
0.000000
 39
0.000000
  0
VERTEX
  8
PG_NEW-SILK-TOP
 10
76.361290
 20
91.749626
 40
0.101600
 41
0.101600
 42
0.000000
  0
VERTEX
  8
PG_NEW-SILK-TOP
 10
76.361290
 20
92.349574
 40
0.101600
 41
0.101600
 42
0.000000
  0
VERTEX
  8
PG_NEW-SILK-TOP
 10
77.461110
 20
92.349574
 40
0.101600
 41
0.101600
 42
0.000000
  0
VERTEX
  8
PG_NEW-SILK-TOP
 10
77.461110
 20
91.749626
 40
0.101600
 41
0.101600
 42
0.000000
  0
VERTEX
  8
PG_NEW-SILK-TOP
 10
76.361290
 20
91.749626
 40
0.101600
 41
0.101600
 42
0.000000
  0
SEQEND
  0
POLYLINE
  8
PIN_TOP
 66
1
 70
1
 40
0.000000
 41
0.000000
 39
0.000000
  0
VERTEX
  8
PIN_TOP
 10
74.119613
 20
93.871923
 40
0.000000
 41
0.000000
 42
0.000000
  0
VERTEX
  8
PIN_TOP
 10
74.419587
 20
93.871923
 40
0.000000
 41
0.000000
 42
0.000000
  0
VERTEX
  8
PIN_TOP
 10
74.419587
 20
93.571949
 40
0.000000
 41
0.000000
 42
0.000000
  0
VERTEX
  8
PIN_TOP
 10
74.119613
 20
93.571949
 40
0.000000
 41
0.000000
 42
0.000000
  0
SEQEND
  0
POLYLINE
  8
PIN_TOP
 66
1
 70
1
 40
0.000000
 41
0.000000
 39
0.000000
  0
VERTEX
  8
PIN_TOP
 10
74.119613
 20
93.372051
 40
0.000000
 41
0.000000
 42
0.000000
  0
VERTEX
  8
PIN_TOP
 10
74.419587
 20
93.372051
 40
0.000000
 41
0.000000
 42
0.000000
  0
VERTEX
  8
PIN_TOP
 10
74.419587
 20
93.072077
 40
0.000000
 41
0.000000
 42
0.000000
  0
VERTEX
  8
PIN_TOP
 10
74.119613
 20
93.072077
 40
0.000000
 41
0.000000
 42
0.000000
  0
SEQEND
  0
POLYLINE
  8
PG_NEW-SILK-TOP
 66
1
 70
0
 40
0.000000
 41
0.000000
 39
0.000000
  0
VERTEX
  8
PG_NEW-SILK-TOP
 10
73.969626
 20
94.021910
 40
0.101600
 41
0.101600
 42
0.000000
  0
VERTEX
  8
PG_NEW-SILK-TOP
 10
74.569574
 20
94.021910
 40
0.101600
 41
0.101600
 42
0.000000
  0
VERTEX
  8
PG_NEW-SILK-TOP
 10
74.569574
 20
92.922090
 40
0.101600
 41
0.101600
 42
0.000000
  0
VERTEX
  8
PG_NEW-SILK-TOP
 10
73.969626
 20
92.922090
 40
0.101600
 41
0.101600
 42
0.000000
  0
VERTEX
  8
PG_NEW-SILK-TOP
 10
73.969626
 20
94.021910
 40
0.101600
 41
0.101600
 42
0.000000
  0
SEQEND
  0
POLYLINE
  8
PIN_TOP
 66
1
 70
1
 40
0.000000
 41
0.000000
 39
0.000000
  0
VERTEX
  8
PIN_TOP
 10
74.932413
 20
93.871923
 40
0.000000
 41
0.000000
 42
0.000000
  0
VERTEX
  8
PIN_TOP
 10
75.232387
 20
93.871923
 40
0.000000
 41
0.000000
 42
0.000000
  0
VERTEX
  8
PIN_TOP
 10
75.232387
 20
93.571949
 40
0.000000
 41
0.000000
 42
0.000000
  0
VERTEX
  8
PIN_TOP
 10
74.932413
 20
93.571949
 40
0.000000
 41
0.000000
 42
0.000000
  0
SEQEND
  0
POLYLINE
  8
PIN_TOP
 66
1
 70
1
 40
0.000000
 41
0.000000
 39
0.000000
  0
VERTEX
  8
PIN_TOP
 10
74.932413
 20
93.372051
 40
0.000000
 41
0.000000
 42
0.000000
  0
VERTEX
  8
PIN_TOP
 10
75.232387
 20
93.372051
 40
0.000000
 41
0.000000
 42
0.000000
  0
VERTEX
  8
PIN_TOP
 10
75.232387
 20
93.072077
 40
0.000000
 41
0.000000
 42
0.000000
  0
VERTEX
  8
PIN_TOP
 10
74.932413
 20
93.072077
 40
0.000000
 41
0.000000
 42
0.000000
  0
SEQEND
  0
POLYLINE
  8
PG_NEW-SILK-TOP
 66
1
 70
0
 40
0.000000
 41
0.000000
 39
0.000000
  0
VERTEX
  8
PG_NEW-SILK-TOP
 10
74.782426
 20
94.021910
 40
0.101600
 41
0.101600
 42
0.000000
  0
VERTEX
  8
PG_NEW-SILK-TOP
 10
75.382374
 20
94.021910
 40
0.101600
 41
0.101600
 42
0.000000
  0
VERTEX
  8
PG_NEW-SILK-TOP
 10
75.382374
 20
92.922090
 40
0.101600
 41
0.101600
 42
0.000000
  0
VERTEX
  8
PG_NEW-SILK-TOP
 10
74.782426
 20
92.922090
 40
0.101600
 41
0.101600
 42
0.000000
  0
VERTEX
  8
PG_NEW-SILK-TOP
 10
74.782426
 20
94.021910
 40
0.101600
 41
0.101600
 42
0.000000
  0
SEQEND
  0
POLYLINE
  8
PIN_TOP
 66
1
 70
1
 40
0.000000
 41
0.000000
 39
0.000000
  0
VERTEX
  8
PIN_TOP
 10
75.643613
 20
93.871923
 40
0.000000
 41
0.000000
 42
0.000000
  0
VERTEX
  8
PIN_TOP
 10
75.943587
 20
93.871923
 40
0.000000
 41
0.000000
 42
0.000000
  0
VERTEX
  8
PIN_TOP
 10
75.943587
 20
93.571949
 40
0.000000
 41
0.000000
 42
0.000000
  0
VERTEX
  8
PIN_TOP
 10
75.643613
 20
93.571949
 40
0.000000
 41
0.000000
 42
0.000000
  0
SEQEND
  0
POLYLINE
  8
PIN_TOP
 66
1
 70
1
 40
0.000000
 41
0.000000
 39
0.000000
  0
VERTEX
  8
PIN_TOP
 10
75.643613
 20
93.372051
 40
0.000000
 41
0.000000
 42
0.000000
  0
VERTEX
  8
PIN_TOP
 10
75.943587
 20
93.372051
 40
0.000000
 41
0.000000
 42
0.000000
  0
VERTEX
  8
PIN_TOP
 10
75.943587
 20
93.072077
 40
0.000000
 41
0.000000
 42
0.000000
  0
VERTEX
  8
PIN_TOP
 10
75.643613
 20
93.072077
 40
0.000000
 41
0.000000
 42
0.000000
  0
SEQEND
  0
POLYLINE
  8
PG_NEW-SILK-TOP
 66
1
 70
0
 40
0.000000
 41
0.000000
 39
0.000000
  0
VERTEX
  8
PG_NEW-SILK-TOP
 10
75.493626
 20
94.021910
 40
0.101600
 41
0.101600
 42
0.000000
  0
VERTEX
  8
PG_NEW-SILK-TOP
 10
76.093574
 20
94.021910
 40
0.101600
 41
0.101600
 42
0.000000
  0
VERTEX
  8
PG_NEW-SILK-TOP
 10
76.093574
 20
92.922090
 40
0.101600
 41
0.101600
 42
0.000000
  0
VERTEX
  8
PG_NEW-SILK-TOP
 10
75.493626
 20
92.922090
 40
0.101600
 41
0.101600
 42
0.000000
  0
VERTEX
  8
PG_NEW-SILK-TOP
 10
75.493626
 20
94.021910
 40
0.101600
 41
0.101600
 42
0.000000
  0
SEQEND
  0
POLYLINE
  8
PIN_TOP
 66
1
 70
1
 40
0.000000
 41
0.000000
 39
0.000000
  0
VERTEX
  8
PIN_TOP
 10
78.530323
 20
92.199587
 40
0.000000
 41
0.000000
 42
0.000000
  0
VERTEX
  8
PIN_TOP
 10
78.530323
 20
91.899613
 40
0.000000
 41
0.000000
 42
0.000000
  0
VERTEX
  8
PIN_TOP
 10
78.230349
 20
91.899613
 40
0.000000
 41
0.000000
 42
0.000000
  0
VERTEX
  8
PIN_TOP
 10
78.230349
 20
92.199587
 40
0.000000
 41
0.000000
 42
0.000000
  0
SEQEND
  0
POLYLINE
  8
PIN_TOP
 66
1
 70
1
 40
0.000000
 41
0.000000
 39
0.000000
  0
VERTEX
  8
PIN_TOP
 10
78.030451
 20
92.199587
 40
0.000000
 41
0.000000
 42
0.000000
  0
VERTEX
  8
PIN_TOP
 10
78.030451
 20
91.899613
 40
0.000000
 41
0.000000
 42
0.000000
  0
VERTEX
  8
PIN_TOP
 10
77.730477
 20
91.899613
 40
0.000000
 41
0.000000
 42
0.000000
  0
VERTEX
  8
PIN_TOP
 10
77.730477
 20
92.199587
 40
0.000000
 41
0.000000
 42
0.000000
  0
SEQEND
  0
POLYLINE
  8
PG_NEW-SILK-TOP
 66
1
 70
0
 40
0.000000
 41
0.000000
 39
0.000000
  0
VERTEX
  8
PG_NEW-SILK-TOP
 10
78.680310
 20
92.349574
 40
0.101600
 41
0.101600
 42
0.000000
  0
VERTEX
  8
PG_NEW-SILK-TOP
 10
78.680310
 20
91.749626
 40
0.101600
 41
0.101600
 42
0.000000
  0
VERTEX
  8
PG_NEW-SILK-TOP
 10
77.580490
 20
91.749626
 40
0.101600
 41
0.101600
 42
0.000000
  0
VERTEX
  8
PG_NEW-SILK-TOP
 10
77.580490
 20
92.349574
 40
0.101600
 41
0.101600
 42
0.000000
  0
VERTEX
  8
PG_NEW-SILK-TOP
 10
78.680310
 20
92.349574
 40
0.101600
 41
0.101600
 42
0.000000
  0
SEQEND
  0
POLYLINE
  8
PIN_TOP
 66
1
 70
1
 40
0.000000
 41
0.000000
 39
0.000000
  0
VERTEX
  8
PIN_TOP
 10
71.532750
 20
94.744286
 40
0.000000
 41
0.000000
 42
0.000000
  0
VERTEX
  8
PIN_TOP
 10
71.532750
 20
95.044260
 40
0.000000
 41
0.000000
 42
0.000000
  0
VERTEX
  8
PIN_TOP
 10
71.832724
 20
95.044260
 40
0.000000
 41
0.000000
 42
0.000000
  0
VERTEX
  8
PIN_TOP
 10
71.832724
 20
94.744286
 40
0.000000
 41
0.000000
 42
0.000000
  0
SEQEND
  0
POLYLINE
  8
PIN_TOP
 66
1
 70
1
 40
0.000000
 41
0.000000
 39
0.000000
  0
VERTEX
  8
PIN_TOP
 10
72.032622
 20
94.744286
 40
0.000000
 41
0.000000
 42
0.000000
  0
VERTEX
  8
PIN_TOP
 10
72.032622
 20
95.044260
 40
0.000000
 41
0.000000
 42
0.000000
  0
VERTEX
  8
PIN_TOP
 10
72.332596
 20
95.044260
 40
0.000000
 41
0.000000
 42
0.000000
  0
VERTEX
  8
PIN_TOP
 10
72.332596
 20
94.744286
 40
0.000000
 41
0.000000
 42
0.000000
  0
SEQEND
  0
POLYLINE
  8
PG_NEW-SILK-TOP
 66
1
 70
0
 40
0.000000
 41
0.000000
 39
0.000000
  0
VERTEX
  8
PG_NEW-SILK-TOP
 10
71.382890
 20
94.594426
 40
0.101600
 41
0.101600
 42
0.000000
  0
VERTEX
  8
PG_NEW-SILK-TOP
 10
71.382890
 20
95.194374
 40
0.101600
 41
0.101600
 42
0.000000
  0
VERTEX
  8
PG_NEW-SILK-TOP
 10
72.482710
 20
95.194374
 40
0.101600
 41
0.101600
 42
0.000000
  0
VERTEX
  8
PG_NEW-SILK-TOP
 10
72.482710
 20
94.594426
 40
0.101600
 41
0.101600
 42
0.000000
  0
VERTEX
  8
PG_NEW-SILK-TOP
 10
71.382890
 20
94.594426
 40
0.101600
 41
0.101600
 42
0.000000
  0
SEQEND
  0
POLYLINE
  8
PIN_TOP
 66
1
 70
1
 40
0.000000
 41
0.000000
 39
0.000000
  0
VERTEX
  8
PIN_TOP
 10
69.399150
 20
95.252286
 40
0.000000
 41
0.000000
 42
0.000000
  0
VERTEX
  8
PIN_TOP
 10
69.399150
 20
95.552260
 40
0.000000
 41
0.000000
 42
0.000000
  0
VERTEX
  8
PIN_TOP
 10
69.699124
 20
95.552260
 40
0.000000
 41
0.000000
 42
0.000000
  0
VERTEX
  8
PIN_TOP
 10
69.699124
 20
95.252286
 40
0.000000
 41
0.000000
 42
0.000000
  0
SEQEND
  0
POLYLINE
  8
PIN_TOP
 66
1
 70
1
 40
0.000000
 41
0.000000
 39
0.000000
  0
VERTEX
  8
PIN_TOP
 10
69.899022
 20
95.252286
 40
0.000000
 41
0.000000
 42
0.000000
  0
VERTEX
  8
PIN_TOP
 10
69.899022
 20
95.552260
 40
0.000000
 41
0.000000
 42
0.000000
  0
VERTEX
  8
PIN_TOP
 10
70.198996
 20
95.552260
 40
0.000000
 41
0.000000
 42
0.000000
  0
VERTEX
  8
PIN_TOP
 10
70.198996
 20
95.252286
 40
0.000000
 41
0.000000
 42
0.000000
  0
SEQEND
  0
POLYLINE
  8
PG_NEW-SILK-TOP
 66
1
 70
0
 40
0.000000
 41
0.000000
 39
0.000000
  0
VERTEX
  8
PG_NEW-SILK-TOP
 10
69.249290
 20
95.102426
 40
0.101600
 41
0.101600
 42
0.000000
  0
VERTEX
  8
PG_NEW-SILK-TOP
 10
69.249290
 20
95.702374
 40
0.101600
 41
0.101600
 42
0.000000
  0
VERTEX
  8
PG_NEW-SILK-TOP
 10
70.349110
 20
95.702374
 40
0.101600
 41
0.101600
 42
0.000000
  0
VERTEX
  8
PG_NEW-SILK-TOP
 10
70.349110
 20
95.102426
 40
0.101600
 41
0.101600
 42
0.000000
  0
VERTEX
  8
PG_NEW-SILK-TOP
 10
69.249290
 20
95.102426
 40
0.101600
 41
0.101600
 42
0.000000
  0
SEQEND
  0
POLYLINE
  8
PIN_TOP
 66
1
 70
1
 40
0.000000
 41
0.000000
 39
0.000000
  0
VERTEX
  8
PIN_TOP
 10
72.332723
 20
96.568387
 40
0.000000
 41
0.000000
 42
0.000000
  0
VERTEX
  8
PIN_TOP
 10
72.332723
 20
96.268413
 40
0.000000
 41
0.000000
 42
0.000000
  0
VERTEX
  8
PIN_TOP
 10
72.032749
 20
96.268413
 40
0.000000
 41
0.000000
 42
0.000000
  0
VERTEX
  8
PIN_TOP
 10
72.032749
 20
96.568387
 40
0.000000
 41
0.000000
 42
0.000000
  0
SEQEND
  0
POLYLINE
  8
PIN_TOP
 66
1
 70
1
 40
0.000000
 41
0.000000
 39
0.000000
  0
VERTEX
  8
PIN_TOP
 10
71.832851
 20
96.568387
 40
0.000000
 41
0.000000
 42
0.000000
  0
VERTEX
  8
PIN_TOP
 10
71.832851
 20
96.268413
 40
0.000000
 41
0.000000
 42
0.000000
  0
VERTEX
  8
PIN_TOP
 10
71.532877
 20
96.268413
 40
0.000000
 41
0.000000
 42
0.000000
  0
VERTEX
  8
PIN_TOP
 10
71.532877
 20
96.568387
 40
0.000000
 41
0.000000
 42
0.000000
  0
SEQEND
  0
POLYLINE
  8
PG_NEW-SILK-TOP
 66
1
 70
0
 40
0.000000
 41
0.000000
 39
0.000000
  0
VERTEX
  8
PG_NEW-SILK-TOP
 10
72.482710
 20
96.718374
 40
0.101600
 41
0.101600
 42
0.000000
  0
VERTEX
  8
PG_NEW-SILK-TOP
 10
72.482710
 20
96.118426
 40
0.101600
 41
0.101600
 42
0.000000
  0
VERTEX
  8
PG_NEW-SILK-TOP
 10
71.382890
 20
96.118426
 40
0.101600
 41
0.101600
 42
0.000000
  0
VERTEX
  8
PG_NEW-SILK-TOP
 10
71.382890
 20
96.718374
 40
0.101600
 41
0.101600
 42
0.000000
  0
VERTEX
  8
PG_NEW-SILK-TOP
 10
72.482710
 20
96.718374
 40
0.101600
 41
0.101600
 42
0.000000
  0
SEQEND
  0
POLYLINE
  8
PIN_TOP
 66
1
 70
1
 40
0.000000
 41
0.000000
 39
0.000000
  0
VERTEX
  8
PIN_TOP
 10
73.408413
 20
93.871923
 40
0.000000
 41
0.000000
 42
0.000000
  0
VERTEX
  8
PIN_TOP
 10
73.708387
 20
93.871923
 40
0.000000
 41
0.000000
 42
0.000000
  0
VERTEX
  8
PIN_TOP
 10
73.708387
 20
93.571949
 40
0.000000
 41
0.000000
 42
0.000000
  0
VERTEX
  8
PIN_TOP
 10
73.408413
 20
93.571949
 40
0.000000
 41
0.000000
 42
0.000000
  0
SEQEND
  0
POLYLINE
  8
PIN_TOP
 66
1
 70
1
 40
0.000000
 41
0.000000
 39
0.000000
  0
VERTEX
  8
PIN_TOP
 10
73.408413
 20
93.372051
 40
0.000000
 41
0.000000
 42
0.000000
  0
VERTEX
  8
PIN_TOP
 10
73.708387
 20
93.372051
 40
0.000000
 41
0.000000
 42
0.000000
  0
VERTEX
  8
PIN_TOP
 10
73.708387
 20
93.072077
 40
0.000000
 41
0.000000
 42
0.000000
  0
VERTEX
  8
PIN_TOP
 10
73.408413
 20
93.072077
 40
0.000000
 41
0.000000
 42
0.000000
  0
SEQEND
  0
POLYLINE
  8
PG_NEW-SILK-TOP
 66
1
 70
0
 40
0.000000
 41
0.000000
 39
0.000000
  0
VERTEX
  8
PG_NEW-SILK-TOP
 10
73.258426
 20
94.021910
 40
0.101600
 41
0.101600
 42
0.000000
  0
VERTEX
  8
PG_NEW-SILK-TOP
 10
73.858374
 20
94.021910
 40
0.101600
 41
0.101600
 42
0.000000
  0
VERTEX
  8
PG_NEW-SILK-TOP
 10
73.858374
 20
92.922090
 40
0.101600
 41
0.101600
 42
0.000000
  0
VERTEX
  8
PG_NEW-SILK-TOP
 10
73.258426
 20
92.922090
 40
0.101600
 41
0.101600
 42
0.000000
  0
VERTEX
  8
PG_NEW-SILK-TOP
 10
73.258426
 20
94.021910
 40
0.101600
 41
0.101600
 42
0.000000
  0
SEQEND
  0
POLYLINE
  8
PIN_TOP
 66
1
 70
1
 40
0.000000
 41
0.000000
 39
0.000000
  0
VERTEX
  8
PIN_TOP
 10
57.402222
 20
65.991486
 40
0.000000
 41
0.000000
 42
0.000000
  0
VERTEX
  8
PIN_TOP
 10
57.402222
 20
66.291460
 40
0.000000
 41
0.000000
 42
0.000000
  0
VERTEX
  8
PIN_TOP
 10
57.702196
 20
66.291460
 40
0.000000
 41
0.000000
 42
0.000000
  0
VERTEX
  8
PIN_TOP
 10
57.702196
 20
65.991486
 40
0.000000
 41
0.000000
 42
0.000000
  0
SEQEND
  0
POLYLINE
  8
PIN_TOP
 66
1
 70
1
 40
0.000000
 41
0.000000
 39
0.000000
  0
VERTEX
  8
PIN_TOP
 10
56.902350
 20
65.991486
 40
0.000000
 41
0.000000
 42
0.000000
  0
VERTEX
  8
PIN_TOP
 10
56.902350
 20
66.291460
 40
0.000000
 41
0.000000
 42
0.000000
  0
VERTEX
  8
PIN_TOP
 10
57.202324
 20
66.291460
 40
0.000000
 41
0.000000
 42
0.000000
  0
VERTEX
  8
PIN_TOP
 10
57.202324
 20
65.991486
 40
0.000000
 41
0.000000
 42
0.000000
  0
SEQEND
  0
POLYLINE
  8
PG_NEW-SILK-TOP
 66
1
 70
0
 40
0.000000
 41
0.000000
 39
0.000000
  0
VERTEX
  8
PG_NEW-SILK-TOP
 10
56.752490
 20
65.841626
 40
0.101600
 41
0.101600
 42
0.000000
  0
VERTEX
  8
PG_NEW-SILK-TOP
 10
56.752490
 20
66.441574
 40
0.101600
 41
0.101600
 42
0.000000
  0
VERTEX
  8
PG_NEW-SILK-TOP
 10
57.852310
 20
66.441574
 40
0.101600
 41
0.101600
 42
0.000000
  0
VERTEX
  8
PG_NEW-SILK-TOP
 10
57.852310
 20
65.841626
 40
0.101600
 41
0.101600
 42
0.000000
  0
VERTEX
  8
PG_NEW-SILK-TOP
 10
56.752490
 20
65.841626
 40
0.101600
 41
0.101600
 42
0.000000
  0
SEQEND
  0
POLYLINE
  8
PIN_TOP
 66
1
 70
1
 40
0.000000
 41
0.000000
 39
0.000000
  0
VERTEX
  8
PIN_TOP
 10
57.511950
 20
77.675486
 40
0.000000
 41
0.000000
 42
0.000000
  0
VERTEX
  8
PIN_TOP
 10
57.511950
 20
77.975460
 40
0.000000
 41
0.000000
 42
0.000000
  0
VERTEX
  8
PIN_TOP
 10
57.811924
 20
77.975460
 40
0.000000
 41
0.000000
 42
0.000000
  0
VERTEX
  8
PIN_TOP
 10
57.811924
 20
77.675486
 40
0.000000
 41
0.000000
 42
0.000000
  0
SEQEND
  0
POLYLINE
  8
PIN_TOP
 66
1
 70
1
 40
0.000000
 41
0.000000
 39
0.000000
  0
VERTEX
  8
PIN_TOP
 10
58.011822
 20
77.675486
 40
0.000000
 41
0.000000
 42
0.000000
  0
VERTEX
  8
PIN_TOP
 10
58.011822
 20
77.975460
 40
0.000000
 41
0.000000
 42
0.000000
  0
VERTEX
  8
PIN_TOP
 10
58.311796
 20
77.975460
 40
0.000000
 41
0.000000
 42
0.000000
  0
VERTEX
  8
PIN_TOP
 10
58.311796
 20
77.675486
 40
0.000000
 41
0.000000
 42
0.000000
  0
SEQEND
  0
POLYLINE
  8
PG_NEW-SILK-TOP
 66
1
 70
0
 40
0.000000
 41
0.000000
 39
0.000000
  0
VERTEX
  8
PG_NEW-SILK-TOP
 10
57.362090
 20
77.525626
 40
0.101600
 41
0.101600
 42
0.000000
  0
VERTEX
  8
PG_NEW-SILK-TOP
 10
57.362090
 20
78.125574
 40
0.101600
 41
0.101600
 42
0.000000
  0
VERTEX
  8
PG_NEW-SILK-TOP
 10
58.461910
 20
78.125574
 40
0.101600
 41
0.101600
 42
0.000000
  0
VERTEX
  8
PG_NEW-SILK-TOP
 10
58.461910
 20
77.525626
 40
0.101600
 41
0.101600
 42
0.000000
  0
VERTEX
  8
PG_NEW-SILK-TOP
 10
57.362090
 20
77.525626
 40
0.101600
 41
0.101600
 42
0.000000
  0
SEQEND
  0
POLYLINE
  8
PIN_TOP
 66
1
 70
1
 40
0.000000
 41
0.000000
 39
0.000000
  0
VERTEX
  8
PIN_TOP
 10
56.991123
 20
77.975587
 40
0.000000
 41
0.000000
 42
0.000000
  0
VERTEX
  8
PIN_TOP
 10
56.991123
 20
77.675613
 40
0.000000
 41
0.000000
 42
0.000000
  0
VERTEX
  8
PIN_TOP
 10
56.691149
 20
77.675613
 40
0.000000
 41
0.000000
 42
0.000000
  0
VERTEX
  8
PIN_TOP
 10
56.691149
 20
77.975587
 40
0.000000
 41
0.000000
 42
0.000000
  0
SEQEND
  0
POLYLINE
  8
PIN_TOP
 66
1
 70
1
 40
0.000000
 41
0.000000
 39
0.000000
  0
VERTEX
  8
PIN_TOP
 10
56.491251
 20
77.975587
 40
0.000000
 41
0.000000
 42
0.000000
  0
VERTEX
  8
PIN_TOP
 10
56.491251
 20
77.675613
 40
0.000000
 41
0.000000
 42
0.000000
  0
VERTEX
  8
PIN_TOP
 10
56.191277
 20
77.675613
 40
0.000000
 41
0.000000
 42
0.000000
  0
VERTEX
  8
PIN_TOP
 10
56.191277
 20
77.975587
 40
0.000000
 41
0.000000
 42
0.000000
  0
SEQEND
  0
POLYLINE
  8
PG_NEW-SILK-TOP
 66
1
 70
0
 40
0.000000
 41
0.000000
 39
0.000000
  0
VERTEX
  8
PG_NEW-SILK-TOP
 10
57.141110
 20
78.125574
 40
0.101600
 41
0.101600
 42
0.000000
  0
VERTEX
  8
PG_NEW-SILK-TOP
 10
57.141110
 20
77.525626
 40
0.101600
 41
0.101600
 42
0.000000
  0
VERTEX
  8
PG_NEW-SILK-TOP
 10
56.041290
 20
77.525626
 40
0.101600
 41
0.101600
 42
0.000000
  0
VERTEX
  8
PG_NEW-SILK-TOP
 10
56.041290
 20
78.125574
 40
0.101600
 41
0.101600
 42
0.000000
  0
VERTEX
  8
PG_NEW-SILK-TOP
 10
57.141110
 20
78.125574
 40
0.101600
 41
0.101600
 42
0.000000
  0
SEQEND
  0
POLYLINE
  8
PIN_TOP
 66
1
 70
1
 40
0.000000
 41
0.000000
 39
0.000000
  0
VERTEX
  8
PIN_TOP
 10
72.290813
 20
107.283123
 40
0.000000
 41
0.000000
 42
0.000000
  0
VERTEX
  8
PIN_TOP
 10
72.590787
 20
107.283123
 40
0.000000
 41
0.000000
 42
0.000000
  0
VERTEX
  8
PIN_TOP
 10
72.590787
 20
106.983149
 40
0.000000
 41
0.000000
 42
0.000000
  0
VERTEX
  8
PIN_TOP
 10
72.290813
 20
106.983149
 40
0.000000
 41
0.000000
 42
0.000000
  0
SEQEND
  0
POLYLINE
  8
PIN_TOP
 66
1
 70
1
 40
0.000000
 41
0.000000
 39
0.000000
  0
VERTEX
  8
PIN_TOP
 10
72.290813
 20
106.783251
 40
0.000000
 41
0.000000
 42
0.000000
  0
VERTEX
  8
PIN_TOP
 10
72.590787
 20
106.783251
 40
0.000000
 41
0.000000
 42
0.000000
  0
VERTEX
  8
PIN_TOP
 10
72.590787
 20
106.483277
 40
0.000000
 41
0.000000
 42
0.000000
  0
VERTEX
  8
PIN_TOP
 10
72.290813
 20
106.483277
 40
0.000000
 41
0.000000
 42
0.000000
  0
SEQEND
  0
POLYLINE
  8
PG_NEW-SILK-TOP
 66
1
 70
0
 40
0.000000
 41
0.000000
 39
0.000000
  0
VERTEX
  8
PG_NEW-SILK-TOP
 10
72.140826
 20
107.433110
 40
0.101600
 41
0.101600
 42
0.000000
  0
VERTEX
  8
PG_NEW-SILK-TOP
 10
72.740774
 20
107.433110
 40
0.101600
 41
0.101600
 42
0.000000
  0
VERTEX
  8
PG_NEW-SILK-TOP
 10
72.740774
 20
106.333290
 40
0.101600
 41
0.101600
 42
0.000000
  0
VERTEX
  8
PG_NEW-SILK-TOP
 10
72.140826
 20
106.333290
 40
0.101600
 41
0.101600
 42
0.000000
  0
VERTEX
  8
PG_NEW-SILK-TOP
 10
72.140826
 20
107.433110
 40
0.101600
 41
0.101600
 42
0.000000
  0
SEQEND
  0
POLYLINE
  8
PIN_TOP
 66
1
 70
1
 40
0.000000
 41
0.000000
 39
0.000000
  0
VERTEX
  8
PIN_TOP
 10
72.129523
 20
101.546787
 40
0.000000
 41
0.000000
 42
0.000000
  0
VERTEX
  8
PIN_TOP
 10
72.129523
 20
101.246813
 40
0.000000
 41
0.000000
 42
0.000000
  0
VERTEX
  8
PIN_TOP
 10
71.829549
 20
101.246813
 40
0.000000
 41
0.000000
 42
0.000000
  0
VERTEX
  8
PIN_TOP
 10
71.829549
 20
101.546787
 40
0.000000
 41
0.000000
 42
0.000000
  0
SEQEND
  0
POLYLINE
  8
PIN_TOP
 66
1
 70
1
 40
0.000000
 41
0.000000
 39
0.000000
  0
VERTEX
  8
PIN_TOP
 10
71.629651
 20
101.546787
 40
0.000000
 41
0.000000
 42
0.000000
  0
VERTEX
  8
PIN_TOP
 10
71.629651
 20
101.246813
 40
0.000000
 41
0.000000
 42
0.000000
  0
VERTEX
  8
PIN_TOP
 10
71.329677
 20
101.246813
 40
0.000000
 41
0.000000
 42
0.000000
  0
VERTEX
  8
PIN_TOP
 10
71.329677
 20
101.546787
 40
0.000000
 41
0.000000
 42
0.000000
  0
SEQEND
  0
POLYLINE
  8
PG_NEW-SILK-TOP
 66
1
 70
0
 40
0.000000
 41
0.000000
 39
0.000000
  0
VERTEX
  8
PG_NEW-SILK-TOP
 10
72.279510
 20
101.696774
 40
0.101600
 41
0.101600
 42
0.000000
  0
VERTEX
  8
PG_NEW-SILK-TOP
 10
72.279510
 20
101.096826
 40
0.101600
 41
0.101600
 42
0.000000
  0
VERTEX
  8
PG_NEW-SILK-TOP
 10
71.179690
 20
101.096826
 40
0.101600
 41
0.101600
 42
0.000000
  0
VERTEX
  8
PG_NEW-SILK-TOP
 10
71.179690
 20
101.696774
 40
0.101600
 41
0.101600
 42
0.000000
  0
VERTEX
  8
PG_NEW-SILK-TOP
 10
72.279510
 20
101.696774
 40
0.101600
 41
0.101600
 42
0.000000
  0
SEQEND
  0
POLYLINE
  8
PIN_TOP
 66
1
 70
1
 40
0.000000
 41
0.000000
 39
0.000000
  0
VERTEX
  8
PIN_TOP
 10
78.585187
 20
65.327149
 40
0.000000
 41
0.000000
 42
0.000000
  0
VERTEX
  8
PIN_TOP
 10
78.285213
 20
65.327149
 40
0.000000
 41
0.000000
 42
0.000000
  0
VERTEX
  8
PIN_TOP
 10
78.285213
 20
65.627123
 40
0.000000
 41
0.000000
 42
0.000000
  0
VERTEX
  8
PIN_TOP
 10
78.585187
 20
65.627123
 40
0.000000
 41
0.000000
 42
0.000000
  0
SEQEND
  0
POLYLINE
  8
PIN_TOP
 66
1
 70
1
 40
0.000000
 41
0.000000
 39
0.000000
  0
VERTEX
  8
PIN_TOP
 10
78.585187
 20
64.827277
 40
0.000000
 41
0.000000
 42
0.000000
  0
VERTEX
  8
PIN_TOP
 10
78.285213
 20
64.827277
 40
0.000000
 41
0.000000
 42
0.000000
  0
VERTEX
  8
PIN_TOP
 10
78.285213
 20
65.127251
 40
0.000000
 41
0.000000
 42
0.000000
  0
VERTEX
  8
PIN_TOP
 10
78.585187
 20
65.127251
 40
0.000000
 41
0.000000
 42
0.000000
  0
SEQEND
  0
POLYLINE
  8
PG_NEW-SILK-TOP
 66
1
 70
0
 40
0.000000
 41
0.000000
 39
0.000000
  0
VERTEX
  8
PG_NEW-SILK-TOP
 10
78.735174
 20
64.677290
 40
0.101600
 41
0.101600
 42
0.000000
  0
VERTEX
  8
PG_NEW-SILK-TOP
 10
78.135226
 20
64.677290
 40
0.101600
 41
0.101600
 42
0.000000
  0
VERTEX
  8
PG_NEW-SILK-TOP
 10
78.135226
 20
65.777110
 40
0.101600
 41
0.101600
 42
0.000000
  0
VERTEX
  8
PG_NEW-SILK-TOP
 10
78.735174
 20
65.777110
 40
0.101600
 41
0.101600
 42
0.000000
  0
VERTEX
  8
PG_NEW-SILK-TOP
 10
78.735174
 20
64.677290
 40
0.101600
 41
0.101600
 42
0.000000
  0
SEQEND
  0
POLYLINE
  8
PIN_TOP
 66
1
 70
1
 40
0.000000
 41
0.000000
 39
0.000000
  0
VERTEX
  8
PIN_TOP
 10
65.631822
 20
64.975486
 40
0.000000
 41
0.000000
 42
0.000000
  0
VERTEX
  8
PIN_TOP
 10
65.631822
 20
65.275460
 40
0.000000
 41
0.000000
 42
0.000000
  0
VERTEX
  8
PIN_TOP
 10
65.931796
 20
65.275460
 40
0.000000
 41
0.000000
 42
0.000000
  0
VERTEX
  8
PIN_TOP
 10
65.931796
 20
64.975486
 40
0.000000
 41
0.000000
 42
0.000000
  0
SEQEND
  0
POLYLINE
  8
PIN_TOP
 66
1
 70
1
 40
0.000000
 41
0.000000
 39
0.000000
  0
VERTEX
  8
PIN_TOP
 10
65.131950
 20
64.975486
 40
0.000000
 41
0.000000
 42
0.000000
  0
VERTEX
  8
PIN_TOP
 10
65.131950
 20
65.275460
 40
0.000000
 41
0.000000
 42
0.000000
  0
VERTEX
  8
PIN_TOP
 10
65.431924
 20
65.275460
 40
0.000000
 41
0.000000
 42
0.000000
  0
VERTEX
  8
PIN_TOP
 10
65.431924
 20
64.975486
 40
0.000000
 41
0.000000
 42
0.000000
  0
SEQEND
  0
POLYLINE
  8
PG_NEW-SILK-TOP
 66
1
 70
0
 40
0.000000
 41
0.000000
 39
0.000000
  0
VERTEX
  8
PG_NEW-SILK-TOP
 10
64.982090
 20
64.825626
 40
0.101600
 41
0.101600
 42
0.000000
  0
VERTEX
  8
PG_NEW-SILK-TOP
 10
64.982090
 20
65.425574
 40
0.101600
 41
0.101600
 42
0.000000
  0
VERTEX
  8
PG_NEW-SILK-TOP
 10
66.081910
 20
65.425574
 40
0.101600
 41
0.101600
 42
0.000000
  0
VERTEX
  8
PG_NEW-SILK-TOP
 10
66.081910
 20
64.825626
 40
0.101600
 41
0.101600
 42
0.000000
  0
VERTEX
  8
PG_NEW-SILK-TOP
 10
64.982090
 20
64.825626
 40
0.101600
 41
0.101600
 42
0.000000
  0
SEQEND
  0
POLYLINE
  8
PIN_TOP
 66
1
 70
1
 40
0.000000
 41
0.000000
 39
0.000000
  0
VERTEX
  8
PIN_TOP
 10
77.574013
 20
66.346451
 40
0.000000
 41
0.000000
 42
0.000000
  0
VERTEX
  8
PIN_TOP
 10
77.873987
 20
66.346451
 40
0.000000
 41
0.000000
 42
0.000000
  0
VERTEX
  8
PIN_TOP
 10
77.873987
 20
66.046477
 40
0.000000
 41
0.000000
 42
0.000000
  0
VERTEX
  8
PIN_TOP
 10
77.574013
 20
66.046477
 40
0.000000
 41
0.000000
 42
0.000000
  0
SEQEND
  0
POLYLINE
  8
PIN_TOP
 66
1
 70
1
 40
0.000000
 41
0.000000
 39
0.000000
  0
VERTEX
  8
PIN_TOP
 10
77.574013
 20
66.846323
 40
0.000000
 41
0.000000
 42
0.000000
  0
VERTEX
  8
PIN_TOP
 10
77.873987
 20
66.846323
 40
0.000000
 41
0.000000
 42
0.000000
  0
VERTEX
  8
PIN_TOP
 10
77.873987
 20
66.546349
 40
0.000000
 41
0.000000
 42
0.000000
  0
VERTEX
  8
PIN_TOP
 10
77.574013
 20
66.546349
 40
0.000000
 41
0.000000
 42
0.000000
  0
SEQEND
  0
POLYLINE
  8
PG_NEW-SILK-TOP
 66
1
 70
0
 40
0.000000
 41
0.000000
 39
0.000000
  0
VERTEX
  8
PG_NEW-SILK-TOP
 10
77.424026
 20
66.996310
 40
0.101600
 41
0.101600
 42
0.000000
  0
VERTEX
  8
PG_NEW-SILK-TOP
 10
78.023974
 20
66.996310
 40
0.101600
 41
0.101600
 42
0.000000
  0
VERTEX
  8
PG_NEW-SILK-TOP
 10
78.023974
 20
65.896490
 40
0.101600
 41
0.101600
 42
0.000000
  0
VERTEX
  8
PG_NEW-SILK-TOP
 10
77.424026
 20
65.896490
 40
0.101600
 41
0.101600
 42
0.000000
  0
VERTEX
  8
PG_NEW-SILK-TOP
 10
77.424026
 20
66.996310
 40
0.101600
 41
0.101600
 42
0.000000
  0
SEQEND
  0
POLYLINE
  8
PIN_TOP
 66
1
 70
1
 40
0.000000
 41
0.000000
 39
0.000000
  0
VERTEX
  8
PIN_TOP
 10
57.910222
 20
47.805086
 40
0.000000
 41
0.000000
 42
0.000000
  0
VERTEX
  8
PIN_TOP
 10
57.910222
 20
48.105060
 40
0.000000
 41
0.000000
 42
0.000000
  0
VERTEX
  8
PIN_TOP
 10
58.210196
 20
48.105060
 40
0.000000
 41
0.000000
 42
0.000000
  0
VERTEX
  8
PIN_TOP
 10
58.210196
 20
47.805086
 40
0.000000
 41
0.000000
 42
0.000000
  0
SEQEND
  0
POLYLINE
  8
PIN_TOP
 66
1
 70
1
 40
0.000000
 41
0.000000
 39
0.000000
  0
VERTEX
  8
PIN_TOP
 10
57.410350
 20
47.805086
 40
0.000000
 41
0.000000
 42
0.000000
  0
VERTEX
  8
PIN_TOP
 10
57.410350
 20
48.105060
 40
0.000000
 41
0.000000
 42
0.000000
  0
VERTEX
  8
PIN_TOP
 10
57.710324
 20
48.105060
 40
0.000000
 41
0.000000
 42
0.000000
  0
VERTEX
  8
PIN_TOP
 10
57.710324
 20
47.805086
 40
0.000000
 41
0.000000
 42
0.000000
  0
SEQEND
  0
POLYLINE
  8
PG_NEW-SILK-TOP
 66
1
 70
0
 40
0.000000
 41
0.000000
 39
0.000000
  0
VERTEX
  8
PG_NEW-SILK-TOP
 10
57.260490
 20
47.655226
 40
0.101600
 41
0.101600
 42
0.000000
  0
VERTEX
  8
PG_NEW-SILK-TOP
 10
57.260490
 20
48.255174
 40
0.101600
 41
0.101600
 42
0.000000
  0
VERTEX
  8
PG_NEW-SILK-TOP
 10
58.360310
 20
48.255174
 40
0.101600
 41
0.101600
 42
0.000000
  0
VERTEX
  8
PG_NEW-SILK-TOP
 10
58.360310
 20
47.655226
 40
0.101600
 41
0.101600
 42
0.000000
  0
VERTEX
  8
PG_NEW-SILK-TOP
 10
57.260490
 20
47.655226
 40
0.101600
 41
0.101600
 42
0.000000
  0
SEQEND
  0
POLYLINE
  8
PIN_TOP
 66
1
 70
1
 40
0.000000
 41
0.000000
 39
0.000000
  0
VERTEX
  8
PIN_TOP
 10
76.862813
 20
67.667251
 40
0.000000
 41
0.000000
 42
0.000000
  0
VERTEX
  8
PIN_TOP
 10
77.162787
 20
67.667251
 40
0.000000
 41
0.000000
 42
0.000000
  0
VERTEX
  8
PIN_TOP
 10
77.162787
 20
67.367277
 40
0.000000
 41
0.000000
 42
0.000000
  0
VERTEX
  8
PIN_TOP
 10
76.862813
 20
67.367277
 40
0.000000
 41
0.000000
 42
0.000000
  0
SEQEND
  0
POLYLINE
  8
PIN_TOP
 66
1
 70
1
 40
0.000000
 41
0.000000
 39
0.000000
  0
VERTEX
  8
PIN_TOP
 10
76.862813
 20
68.167123
 40
0.000000
 41
0.000000
 42
0.000000
  0
VERTEX
  8
PIN_TOP
 10
77.162787
 20
68.167123
 40
0.000000
 41
0.000000
 42
0.000000
  0
VERTEX
  8
PIN_TOP
 10
77.162787
 20
67.867149
 40
0.000000
 41
0.000000
 42
0.000000
  0
VERTEX
  8
PIN_TOP
 10
76.862813
 20
67.867149
 40
0.000000
 41
0.000000
 42
0.000000
  0
SEQEND
  0
POLYLINE
  8
PG_NEW-SILK-TOP
 66
1
 70
0
 40
0.000000
 41
0.000000
 39
0.000000
  0
VERTEX
  8
PG_NEW-SILK-TOP
 10
76.712826
 20
68.317110
 40
0.101600
 41
0.101600
 42
0.000000
  0
VERTEX
  8
PG_NEW-SILK-TOP
 10
77.312774
 20
68.317110
 40
0.101600
 41
0.101600
 42
0.000000
  0
VERTEX
  8
PG_NEW-SILK-TOP
 10
77.312774
 20
67.217290
 40
0.101600
 41
0.101600
 42
0.000000
  0
VERTEX
  8
PG_NEW-SILK-TOP
 10
76.712826
 20
67.217290
 40
0.101600
 41
0.101600
 42
0.000000
  0
VERTEX
  8
PG_NEW-SILK-TOP
 10
76.712826
 20
68.317110
 40
0.101600
 41
0.101600
 42
0.000000
  0
SEQEND
  0
POLYLINE
  8
PIN_TOP
 66
1
 70
1
 40
0.000000
 41
0.000000
 39
0.000000
  0
VERTEX
  8
PIN_TOP
 10
78.285213
 20
67.667251
 40
0.000000
 41
0.000000
 42
0.000000
  0
VERTEX
  8
PIN_TOP
 10
78.585187
 20
67.667251
 40
0.000000
 41
0.000000
 42
0.000000
  0
VERTEX
  8
PIN_TOP
 10
78.585187
 20
67.367277
 40
0.000000
 41
0.000000
 42
0.000000
  0
VERTEX
  8
PIN_TOP
 10
78.285213
 20
67.367277
 40
0.000000
 41
0.000000
 42
0.000000
  0
SEQEND
  0
POLYLINE
  8
PIN_TOP
 66
1
 70
1
 40
0.000000
 41
0.000000
 39
0.000000
  0
VERTEX
  8
PIN_TOP
 10
78.285213
 20
68.167123
 40
0.000000
 41
0.000000
 42
0.000000
  0
VERTEX
  8
PIN_TOP
 10
78.585187
 20
68.167123
 40
0.000000
 41
0.000000
 42
0.000000
  0
VERTEX
  8
PIN_TOP
 10
78.585187
 20
67.867149
 40
0.000000
 41
0.000000
 42
0.000000
  0
VERTEX
  8
PIN_TOP
 10
78.285213
 20
67.867149
 40
0.000000
 41
0.000000
 42
0.000000
  0
SEQEND
  0
POLYLINE
  8
PG_NEW-SILK-TOP
 66
1
 70
0
 40
0.000000
 41
0.000000
 39
0.000000
  0
VERTEX
  8
PG_NEW-SILK-TOP
 10
78.135226
 20
68.317110
 40
0.101600
 41
0.101600
 42
0.000000
  0
VERTEX
  8
PG_NEW-SILK-TOP
 10
78.735174
 20
68.317110
 40
0.101600
 41
0.101600
 42
0.000000
  0
VERTEX
  8
PG_NEW-SILK-TOP
 10
78.735174
 20
67.217290
 40
0.101600
 41
0.101600
 42
0.000000
  0
VERTEX
  8
PG_NEW-SILK-TOP
 10
78.135226
 20
67.217290
 40
0.101600
 41
0.101600
 42
0.000000
  0
VERTEX
  8
PG_NEW-SILK-TOP
 10
78.135226
 20
68.317110
 40
0.101600
 41
0.101600
 42
0.000000
  0
SEQEND
  0
POLYLINE
  8
PIN_TOP
 66
1
 70
1
 40
0.000000
 41
0.000000
 39
0.000000
  0
VERTEX
  8
PIN_TOP
 10
76.862813
 20
66.346451
 40
0.000000
 41
0.000000
 42
0.000000
  0
VERTEX
  8
PIN_TOP
 10
77.162787
 20
66.346451
 40
0.000000
 41
0.000000
 42
0.000000
  0
VERTEX
  8
PIN_TOP
 10
77.162787
 20
66.046477
 40
0.000000
 41
0.000000
 42
0.000000
  0
VERTEX
  8
PIN_TOP
 10
76.862813
 20
66.046477
 40
0.000000
 41
0.000000
 42
0.000000
  0
SEQEND
  0
POLYLINE
  8
PIN_TOP
 66
1
 70
1
 40
0.000000
 41
0.000000
 39
0.000000
  0
VERTEX
  8
PIN_TOP
 10
76.862813
 20
66.846323
 40
0.000000
 41
0.000000
 42
0.000000
  0
VERTEX
  8
PIN_TOP
 10
77.162787
 20
66.846323
 40
0.000000
 41
0.000000
 42
0.000000
  0
VERTEX
  8
PIN_TOP
 10
77.162787
 20
66.546349
 40
0.000000
 41
0.000000
 42
0.000000
  0
VERTEX
  8
PIN_TOP
 10
76.862813
 20
66.546349
 40
0.000000
 41
0.000000
 42
0.000000
  0
SEQEND
  0
POLYLINE
  8
PG_NEW-SILK-TOP
 66
1
 70
0
 40
0.000000
 41
0.000000
 39
0.000000
  0
VERTEX
  8
PG_NEW-SILK-TOP
 10
76.712826
 20
66.996310
 40
0.101600
 41
0.101600
 42
0.000000
  0
VERTEX
  8
PG_NEW-SILK-TOP
 10
77.312774
 20
66.996310
 40
0.101600
 41
0.101600
 42
0.000000
  0
VERTEX
  8
PG_NEW-SILK-TOP
 10
77.312774
 20
65.896490
 40
0.101600
 41
0.101600
 42
0.000000
  0
VERTEX
  8
PG_NEW-SILK-TOP
 10
76.712826
 20
65.896490
 40
0.101600
 41
0.101600
 42
0.000000
  0
VERTEX
  8
PG_NEW-SILK-TOP
 10
76.712826
 20
66.996310
 40
0.101600
 41
0.101600
 42
0.000000
  0
SEQEND
  0
POLYLINE
  8
PIN_TOP
 66
1
 70
1
 40
0.000000
 41
0.000000
 39
0.000000
  0
VERTEX
  8
PIN_TOP
 10
78.285213
 20
66.346451
 40
0.000000
 41
0.000000
 42
0.000000
  0
VERTEX
  8
PIN_TOP
 10
78.585187
 20
66.346451
 40
0.000000
 41
0.000000
 42
0.000000
  0
VERTEX
  8
PIN_TOP
 10
78.585187
 20
66.046477
 40
0.000000
 41
0.000000
 42
0.000000
  0
VERTEX
  8
PIN_TOP
 10
78.285213
 20
66.046477
 40
0.000000
 41
0.000000
 42
0.000000
  0
SEQEND
  0
POLYLINE
  8
PIN_TOP
 66
1
 70
1
 40
0.000000
 41
0.000000
 39
0.000000
  0
VERTEX
  8
PIN_TOP
 10
78.285213
 20
66.846323
 40
0.000000
 41
0.000000
 42
0.000000
  0
VERTEX
  8
PIN_TOP
 10
78.585187
 20
66.846323
 40
0.000000
 41
0.000000
 42
0.000000
  0
VERTEX
  8
PIN_TOP
 10
78.585187
 20
66.546349
 40
0.000000
 41
0.000000
 42
0.000000
  0
VERTEX
  8
PIN_TOP
 10
78.285213
 20
66.546349
 40
0.000000
 41
0.000000
 42
0.000000
  0
SEQEND
  0
POLYLINE
  8
PG_NEW-SILK-TOP
 66
1
 70
0
 40
0.000000
 41
0.000000
 39
0.000000
  0
VERTEX
  8
PG_NEW-SILK-TOP
 10
78.135226
 20
66.996310
 40
0.101600
 41
0.101600
 42
0.000000
  0
VERTEX
  8
PG_NEW-SILK-TOP
 10
78.735174
 20
66.996310
 40
0.101600
 41
0.101600
 42
0.000000
  0
VERTEX
  8
PG_NEW-SILK-TOP
 10
78.735174
 20
65.896490
 40
0.101600
 41
0.101600
 42
0.000000
  0
VERTEX
  8
PG_NEW-SILK-TOP
 10
78.135226
 20
65.896490
 40
0.101600
 41
0.101600
 42
0.000000
  0
VERTEX
  8
PG_NEW-SILK-TOP
 10
78.135226
 20
66.996310
 40
0.101600
 41
0.101600
 42
0.000000
  0
SEQEND
  0
POLYLINE
  8
PIN_TOP
 66
1
 70
1
 40
0.000000
 41
0.000000
 39
0.000000
  0
VERTEX
  8
PIN_TOP
 10
77.574013
 20
67.667251
 40
0.000000
 41
0.000000
 42
0.000000
  0
VERTEX
  8
PIN_TOP
 10
77.873987
 20
67.667251
 40
0.000000
 41
0.000000
 42
0.000000
  0
VERTEX
  8
PIN_TOP
 10
77.873987
 20
67.367277
 40
0.000000
 41
0.000000
 42
0.000000
  0
VERTEX
  8
PIN_TOP
 10
77.574013
 20
67.367277
 40
0.000000
 41
0.000000
 42
0.000000
  0
SEQEND
  0
POLYLINE
  8
PIN_TOP
 66
1
 70
1
 40
0.000000
 41
0.000000
 39
0.000000
  0
VERTEX
  8
PIN_TOP
 10
77.574013
 20
68.167123
 40
0.000000
 41
0.000000
 42
0.000000
  0
VERTEX
  8
PIN_TOP
 10
77.873987
 20
68.167123
 40
0.000000
 41
0.000000
 42
0.000000
  0
VERTEX
  8
PIN_TOP
 10
77.873987
 20
67.867149
 40
0.000000
 41
0.000000
 42
0.000000
  0
VERTEX
  8
PIN_TOP
 10
77.574013
 20
67.867149
 40
0.000000
 41
0.000000
 42
0.000000
  0
SEQEND
  0
POLYLINE
  8
PG_NEW-SILK-TOP
 66
1
 70
0
 40
0.000000
 41
0.000000
 39
0.000000
  0
VERTEX
  8
PG_NEW-SILK-TOP
 10
77.424026
 20
68.317110
 40
0.101600
 41
0.101600
 42
0.000000
  0
VERTEX
  8
PG_NEW-SILK-TOP
 10
78.023974
 20
68.317110
 40
0.101600
 41
0.101600
 42
0.000000
  0
VERTEX
  8
PG_NEW-SILK-TOP
 10
78.023974
 20
67.217290
 40
0.101600
 41
0.101600
 42
0.000000
  0
VERTEX
  8
PG_NEW-SILK-TOP
 10
77.424026
 20
67.217290
 40
0.101600
 41
0.101600
 42
0.000000
  0
VERTEX
  8
PG_NEW-SILK-TOP
 10
77.424026
 20
68.317110
 40
0.101600
 41
0.101600
 42
0.000000
  0
SEQEND
  0
POLYLINE
  8
PIN_TOP
 66
1
 70
1
 40
0.000000
 41
0.000000
 39
0.000000
  0
VERTEX
  8
PIN_TOP
 10
77.827251
 20
52.270787
 40
0.000000
 41
0.000000
 42
0.000000
  0
VERTEX
  8
PIN_TOP
 10
77.827251
 20
51.970813
 40
0.000000
 41
0.000000
 42
0.000000
  0
VERTEX
  8
PIN_TOP
 10
77.527277
 20
51.970813
 40
0.000000
 41
0.000000
 42
0.000000
  0
VERTEX
  8
PIN_TOP
 10
77.527277
 20
52.270787
 40
0.000000
 41
0.000000
 42
0.000000
  0
SEQEND
  0
POLYLINE
  8
PIN_TOP
 66
1
 70
1
 40
0.000000
 41
0.000000
 39
0.000000
  0
VERTEX
  8
PIN_TOP
 10
78.327123
 20
52.270787
 40
0.000000
 41
0.000000
 42
0.000000
  0
VERTEX
  8
PIN_TOP
 10
78.327123
 20
51.970813
 40
0.000000
 41
0.000000
 42
0.000000
  0
VERTEX
  8
PIN_TOP
 10
78.027149
 20
51.970813
 40
0.000000
 41
0.000000
 42
0.000000
  0
VERTEX
  8
PIN_TOP
 10
78.027149
 20
52.270787
 40
0.000000
 41
0.000000
 42
0.000000
  0
SEQEND
  0
POLYLINE
  8
PG_NEW-SILK-TOP
 66
1
 70
0
 40
0.000000
 41
0.000000
 39
0.000000
  0
VERTEX
  8
PG_NEW-SILK-TOP
 10
78.477110
 20
52.420774
 40
0.101600
 41
0.101600
 42
0.000000
  0
VERTEX
  8
PG_NEW-SILK-TOP
 10
78.477110
 20
51.820826
 40
0.101600
 41
0.101600
 42
0.000000
  0
VERTEX
  8
PG_NEW-SILK-TOP
 10
77.377290
 20
51.820826
 40
0.101600
 41
0.101600
 42
0.000000
  0
VERTEX
  8
PG_NEW-SILK-TOP
 10
77.377290
 20
52.420774
 40
0.101600
 41
0.101600
 42
0.000000
  0
VERTEX
  8
PG_NEW-SILK-TOP
 10
78.477110
 20
52.420774
 40
0.101600
 41
0.101600
 42
0.000000
  0
SEQEND
  0
POLYLINE
  8
PIN_TOP
 66
1
 70
1
 40
0.000000
 41
0.000000
 39
0.000000
  0
VERTEX
  8
PIN_TOP
 10
75.896851
 20
66.291587
 40
0.000000
 41
0.000000
 42
0.000000
  0
VERTEX
  8
PIN_TOP
 10
75.896851
 20
65.991613
 40
0.000000
 41
0.000000
 42
0.000000
  0
VERTEX
  8
PIN_TOP
 10
75.596877
 20
65.991613
 40
0.000000
 41
0.000000
 42
0.000000
  0
VERTEX
  8
PIN_TOP
 10
75.596877
 20
66.291587
 40
0.000000
 41
0.000000
 42
0.000000
  0
SEQEND
  0
POLYLINE
  8
PIN_TOP
 66
1
 70
1
 40
0.000000
 41
0.000000
 39
0.000000
  0
VERTEX
  8
PIN_TOP
 10
76.396723
 20
66.291587
 40
0.000000
 41
0.000000
 42
0.000000
  0
VERTEX
  8
PIN_TOP
 10
76.396723
 20
65.991613
 40
0.000000
 41
0.000000
 42
0.000000
  0
VERTEX
  8
PIN_TOP
 10
76.096749
 20
65.991613
 40
0.000000
 41
0.000000
 42
0.000000
  0
VERTEX
  8
PIN_TOP
 10
76.096749
 20
66.291587
 40
0.000000
 41
0.000000
 42
0.000000
  0
SEQEND
  0
POLYLINE
  8
PG_NEW-SILK-TOP
 66
1
 70
0
 40
0.000000
 41
0.000000
 39
0.000000
  0
VERTEX
  8
PG_NEW-SILK-TOP
 10
76.546710
 20
66.441574
 40
0.101600
 41
0.101600
 42
0.000000
  0
VERTEX
  8
PG_NEW-SILK-TOP
 10
76.546710
 20
65.841626
 40
0.101600
 41
0.101600
 42
0.000000
  0
VERTEX
  8
PG_NEW-SILK-TOP
 10
75.446890
 20
65.841626
 40
0.101600
 41
0.101600
 42
0.000000
  0
VERTEX
  8
PG_NEW-SILK-TOP
 10
75.446890
 20
66.441574
 40
0.101600
 41
0.101600
 42
0.000000
  0
VERTEX
  8
PG_NEW-SILK-TOP
 10
76.546710
 20
66.441574
 40
0.101600
 41
0.101600
 42
0.000000
  0
SEQEND
  0
POLYLINE
  8
PIN_TOP
 66
1
 70
1
 40
0.000000
 41
0.000000
 39
0.000000
  0
VERTEX
  8
PIN_TOP
 10
78.027022
 20
52.885086
 40
0.000000
 41
0.000000
 42
0.000000
  0
VERTEX
  8
PIN_TOP
 10
78.027022
 20
53.185060
 40
0.000000
 41
0.000000
 42
0.000000
  0
VERTEX
  8
PIN_TOP
 10
78.326996
 20
53.185060
 40
0.000000
 41
0.000000
 42
0.000000
  0
VERTEX
  8
PIN_TOP
 10
78.326996
 20
52.885086
 40
0.000000
 41
0.000000
 42
0.000000
  0
SEQEND
  0
POLYLINE
  8
PIN_TOP
 66
1
 70
1
 40
0.000000
 41
0.000000
 39
0.000000
  0
VERTEX
  8
PIN_TOP
 10
77.527150
 20
52.885086
 40
0.000000
 41
0.000000
 42
0.000000
  0
VERTEX
  8
PIN_TOP
 10
77.527150
 20
53.185060
 40
0.000000
 41
0.000000
 42
0.000000
  0
VERTEX
  8
PIN_TOP
 10
77.827124
 20
53.185060
 40
0.000000
 41
0.000000
 42
0.000000
  0
VERTEX
  8
PIN_TOP
 10
77.827124
 20
52.885086
 40
0.000000
 41
0.000000
 42
0.000000
  0
SEQEND
  0
POLYLINE
  8
PG_NEW-SILK-TOP
 66
1
 70
0
 40
0.000000
 41
0.000000
 39
0.000000
  0
VERTEX
  8
PG_NEW-SILK-TOP
 10
77.377290
 20
52.735226
 40
0.101600
 41
0.101600
 42
0.000000
  0
VERTEX
  8
PG_NEW-SILK-TOP
 10
77.377290
 20
53.335174
 40
0.101600
 41
0.101600
 42
0.000000
  0
VERTEX
  8
PG_NEW-SILK-TOP
 10
78.477110
 20
53.335174
 40
0.101600
 41
0.101600
 42
0.000000
  0
VERTEX
  8
PG_NEW-SILK-TOP
 10
78.477110
 20
52.735226
 40
0.101600
 41
0.101600
 42
0.000000
  0
VERTEX
  8
PG_NEW-SILK-TOP
 10
77.377290
 20
52.735226
 40
0.101600
 41
0.101600
 42
0.000000
  0
SEQEND
  0
POLYLINE
  8
PIN_TOP
 66
1
 70
1
 40
0.000000
 41
0.000000
 39
0.000000
  0
VERTEX
  8
PIN_TOP
 10
73.306813
 20
62.485651
 40
0.000000
 41
0.000000
 42
0.000000
  0
VERTEX
  8
PIN_TOP
 10
73.606787
 20
62.485651
 40
0.000000
 41
0.000000
 42
0.000000
  0
VERTEX
  8
PIN_TOP
 10
73.606787
 20
62.185677
 40
0.000000
 41
0.000000
 42
0.000000
  0
VERTEX
  8
PIN_TOP
 10
73.306813
 20
62.185677
 40
0.000000
 41
0.000000
 42
0.000000
  0
SEQEND
  0
POLYLINE
  8
PIN_TOP
 66
1
 70
1
 40
0.000000
 41
0.000000
 39
0.000000
  0
VERTEX
  8
PIN_TOP
 10
73.306813
 20
62.985523
 40
0.000000
 41
0.000000
 42
0.000000
  0
VERTEX
  8
PIN_TOP
 10
73.606787
 20
62.985523
 40
0.000000
 41
0.000000
 42
0.000000
  0
VERTEX
  8
PIN_TOP
 10
73.606787
 20
62.685549
 40
0.000000
 41
0.000000
 42
0.000000
  0
VERTEX
  8
PIN_TOP
 10
73.306813
 20
62.685549
 40
0.000000
 41
0.000000
 42
0.000000
  0
SEQEND
  0
POLYLINE
  8
PG_NEW-SILK-TOP
 66
1
 70
0
 40
0.000000
 41
0.000000
 39
0.000000
  0
VERTEX
  8
PG_NEW-SILK-TOP
 10
73.156826
 20
63.135510
 40
0.101600
 41
0.101600
 42
0.000000
  0
VERTEX
  8
PG_NEW-SILK-TOP
 10
73.756774
 20
63.135510
 40
0.101600
 41
0.101600
 42
0.000000
  0
VERTEX
  8
PG_NEW-SILK-TOP
 10
73.756774
 20
62.035690
 40
0.101600
 41
0.101600
 42
0.000000
  0
VERTEX
  8
PG_NEW-SILK-TOP
 10
73.156826
 20
62.035690
 40
0.101600
 41
0.101600
 42
0.000000
  0
VERTEX
  8
PG_NEW-SILK-TOP
 10
73.156826
 20
63.135510
 40
0.101600
 41
0.101600
 42
0.000000
  0
SEQEND
  0
POLYLINE
  8
PIN_TOP
 66
1
 70
1
 40
0.000000
 41
0.000000
 39
0.000000
  0
VERTEX
  8
PIN_TOP
 10
75.693651
 20
72.895587
 40
0.000000
 41
0.000000
 42
0.000000
  0
VERTEX
  8
PIN_TOP
 10
75.693651
 20
72.595613
 40
0.000000
 41
0.000000
 42
0.000000
  0
VERTEX
  8
PIN_TOP
 10
75.393677
 20
72.595613
 40
0.000000
 41
0.000000
 42
0.000000
  0
VERTEX
  8
PIN_TOP
 10
75.393677
 20
72.895587
 40
0.000000
 41
0.000000
 42
0.000000
  0
SEQEND
  0
POLYLINE
  8
PIN_TOP
 66
1
 70
1
 40
0.000000
 41
0.000000
 39
0.000000
  0
VERTEX
  8
PIN_TOP
 10
76.193523
 20
72.895587
 40
0.000000
 41
0.000000
 42
0.000000
  0
VERTEX
  8
PIN_TOP
 10
76.193523
 20
72.595613
 40
0.000000
 41
0.000000
 42
0.000000
  0
VERTEX
  8
PIN_TOP
 10
75.893549
 20
72.595613
 40
0.000000
 41
0.000000
 42
0.000000
  0
VERTEX
  8
PIN_TOP
 10
75.893549
 20
72.895587
 40
0.000000
 41
0.000000
 42
0.000000
  0
SEQEND
  0
POLYLINE
  8
PG_NEW-SILK-TOP
 66
1
 70
0
 40
0.000000
 41
0.000000
 39
0.000000
  0
VERTEX
  8
PG_NEW-SILK-TOP
 10
76.343510
 20
73.045574
 40
0.101600
 41
0.101600
 42
0.000000
  0
VERTEX
  8
PG_NEW-SILK-TOP
 10
76.343510
 20
72.445626
 40
0.101600
 41
0.101600
 42
0.000000
  0
VERTEX
  8
PG_NEW-SILK-TOP
 10
75.243690
 20
72.445626
 40
0.101600
 41
0.101600
 42
0.000000
  0
VERTEX
  8
PG_NEW-SILK-TOP
 10
75.243690
 20
73.045574
 40
0.101600
 41
0.101600
 42
0.000000
  0
VERTEX
  8
PG_NEW-SILK-TOP
 10
76.343510
 20
73.045574
 40
0.101600
 41
0.101600
 42
0.000000
  0
SEQEND
  0
POLYLINE
  8
PIN_TOP
 66
1
 70
1
 40
0.000000
 41
0.000000
 39
0.000000
  0
VERTEX
  8
PIN_TOP
 10
57.405651
 20
49.324387
 40
0.000000
 41
0.000000
 42
0.000000
  0
VERTEX
  8
PIN_TOP
 10
57.405651
 20
49.024413
 40
0.000000
 41
0.000000
 42
0.000000
  0
VERTEX
  8
PIN_TOP
 10
57.105677
 20
49.024413
 40
0.000000
 41
0.000000
 42
0.000000
  0
VERTEX
  8
PIN_TOP
 10
57.105677
 20
49.324387
 40
0.000000
 41
0.000000
 42
0.000000
  0
SEQEND
  0
POLYLINE
  8
PIN_TOP
 66
1
 70
1
 40
0.000000
 41
0.000000
 39
0.000000
  0
VERTEX
  8
PIN_TOP
 10
57.905523
 20
49.324387
 40
0.000000
 41
0.000000
 42
0.000000
  0
VERTEX
  8
PIN_TOP
 10
57.905523
 20
49.024413
 40
0.000000
 41
0.000000
 42
0.000000
  0
VERTEX
  8
PIN_TOP
 10
57.605549
 20
49.024413
 40
0.000000
 41
0.000000
 42
0.000000
  0
VERTEX
  8
PIN_TOP
 10
57.605549
 20
49.324387
 40
0.000000
 41
0.000000
 42
0.000000
  0
SEQEND
  0
POLYLINE
  8
PG_NEW-SILK-TOP
 66
1
 70
0
 40
0.000000
 41
0.000000
 39
0.000000
  0
VERTEX
  8
PG_NEW-SILK-TOP
 10
58.055510
 20
49.474374
 40
0.101600
 41
0.101600
 42
0.000000
  0
VERTEX
  8
PG_NEW-SILK-TOP
 10
58.055510
 20
48.874426
 40
0.101600
 41
0.101600
 42
0.000000
  0
VERTEX
  8
PG_NEW-SILK-TOP
 10
56.955690
 20
48.874426
 40
0.101600
 41
0.101600
 42
0.000000
  0
VERTEX
  8
PG_NEW-SILK-TOP
 10
56.955690
 20
49.474374
 40
0.101600
 41
0.101600
 42
0.000000
  0
VERTEX
  8
PG_NEW-SILK-TOP
 10
58.055510
 20
49.474374
 40
0.101600
 41
0.101600
 42
0.000000
  0
SEQEND
  0
POLYLINE
  8
PIN_TOP
 66
1
 70
1
 40
0.000000
 41
0.000000
 39
0.000000
  0
VERTEX
  8
PIN_TOP
 10
62.180851
 20
49.730787
 40
0.000000
 41
0.000000
 42
0.000000
  0
VERTEX
  8
PIN_TOP
 10
62.180851
 20
49.430813
 40
0.000000
 41
0.000000
 42
0.000000
  0
VERTEX
  8
PIN_TOP
 10
61.880877
 20
49.430813
 40
0.000000
 41
0.000000
 42
0.000000
  0
VERTEX
  8
PIN_TOP
 10
61.880877
 20
49.730787
 40
0.000000
 41
0.000000
 42
0.000000
  0
SEQEND
  0
POLYLINE
  8
PIN_TOP
 66
1
 70
1
 40
0.000000
 41
0.000000
 39
0.000000
  0
VERTEX
  8
PIN_TOP
 10
62.680723
 20
49.730787
 40
0.000000
 41
0.000000
 42
0.000000
  0
VERTEX
  8
PIN_TOP
 10
62.680723
 20
49.430813
 40
0.000000
 41
0.000000
 42
0.000000
  0
VERTEX
  8
PIN_TOP
 10
62.380749
 20
49.430813
 40
0.000000
 41
0.000000
 42
0.000000
  0
VERTEX
  8
PIN_TOP
 10
62.380749
 20
49.730787
 40
0.000000
 41
0.000000
 42
0.000000
  0
SEQEND
  0
POLYLINE
  8
PG_NEW-SILK-TOP
 66
1
 70
0
 40
0.000000
 41
0.000000
 39
0.000000
  0
VERTEX
  8
PG_NEW-SILK-TOP
 10
62.830710
 20
49.880774
 40
0.101600
 41
0.101600
 42
0.000000
  0
VERTEX
  8
PG_NEW-SILK-TOP
 10
62.830710
 20
49.280826
 40
0.101600
 41
0.101600
 42
0.000000
  0
VERTEX
  8
PG_NEW-SILK-TOP
 10
61.730890
 20
49.280826
 40
0.101600
 41
0.101600
 42
0.000000
  0
VERTEX
  8
PG_NEW-SILK-TOP
 10
61.730890
 20
49.880774
 40
0.101600
 41
0.101600
 42
0.000000
  0
VERTEX
  8
PG_NEW-SILK-TOP
 10
62.830710
 20
49.880774
 40
0.101600
 41
0.101600
 42
0.000000
  0
SEQEND
  0
POLYLINE
  8
PIN_TOP
 66
1
 70
1
 40
0.000000
 41
0.000000
 39
0.000000
  0
VERTEX
  8
PIN_TOP
 10
59.332622
 20
69.547486
 40
0.000000
 41
0.000000
 42
0.000000
  0
VERTEX
  8
PIN_TOP
 10
59.332622
 20
69.847460
 40
0.000000
 41
0.000000
 42
0.000000
  0
VERTEX
  8
PIN_TOP
 10
59.632596
 20
69.847460
 40
0.000000
 41
0.000000
 42
0.000000
  0
VERTEX
  8
PIN_TOP
 10
59.632596
 20
69.547486
 40
0.000000
 41
0.000000
 42
0.000000
  0
SEQEND
  0
POLYLINE
  8
PIN_TOP
 66
1
 70
1
 40
0.000000
 41
0.000000
 39
0.000000
  0
VERTEX
  8
PIN_TOP
 10
58.832750
 20
69.547486
 40
0.000000
 41
0.000000
 42
0.000000
  0
VERTEX
  8
PIN_TOP
 10
58.832750
 20
69.847460
 40
0.000000
 41
0.000000
 42
0.000000
  0
VERTEX
  8
PIN_TOP
 10
59.132724
 20
69.847460
 40
0.000000
 41
0.000000
 42
0.000000
  0
VERTEX
  8
PIN_TOP
 10
59.132724
 20
69.547486
 40
0.000000
 41
0.000000
 42
0.000000
  0
SEQEND
  0
POLYLINE
  8
PG_NEW-SILK-TOP
 66
1
 70
0
 40
0.000000
 41
0.000000
 39
0.000000
  0
VERTEX
  8
PG_NEW-SILK-TOP
 10
58.682890
 20
69.397626
 40
0.101600
 41
0.101600
 42
0.000000
  0
VERTEX
  8
PG_NEW-SILK-TOP
 10
58.682890
 20
69.997574
 40
0.101600
 41
0.101600
 42
0.000000
  0
VERTEX
  8
PG_NEW-SILK-TOP
 10
59.782710
 20
69.997574
 40
0.101600
 41
0.101600
 42
0.000000
  0
VERTEX
  8
PG_NEW-SILK-TOP
 10
59.782710
 20
69.397626
 40
0.101600
 41
0.101600
 42
0.000000
  0
VERTEX
  8
PG_NEW-SILK-TOP
 10
58.682890
 20
69.397626
 40
0.101600
 41
0.101600
 42
0.000000
  0
SEQEND
  0
POLYLINE
  8
PIN_TOP
 66
1
 70
1
 40
0.000000
 41
0.000000
 39
0.000000
  0
VERTEX
  8
PIN_TOP
 10
59.332622
 20
68.836286
 40
0.000000
 41
0.000000
 42
0.000000
  0
VERTEX
  8
PIN_TOP
 10
59.332622
 20
69.136260
 40
0.000000
 41
0.000000
 42
0.000000
  0
VERTEX
  8
PIN_TOP
 10
59.632596
 20
69.136260
 40
0.000000
 41
0.000000
 42
0.000000
  0
VERTEX
  8
PIN_TOP
 10
59.632596
 20
68.836286
 40
0.000000
 41
0.000000
 42
0.000000
  0
SEQEND
  0
POLYLINE
  8
PIN_TOP
 66
1
 70
1
 40
0.000000
 41
0.000000
 39
0.000000
  0
VERTEX
  8
PIN_TOP
 10
58.832750
 20
68.836286
 40
0.000000
 41
0.000000
 42
0.000000
  0
VERTEX
  8
PIN_TOP
 10
58.832750
 20
69.136260
 40
0.000000
 41
0.000000
 42
0.000000
  0
VERTEX
  8
PIN_TOP
 10
59.132724
 20
69.136260
 40
0.000000
 41
0.000000
 42
0.000000
  0
VERTEX
  8
PIN_TOP
 10
59.132724
 20
68.836286
 40
0.000000
 41
0.000000
 42
0.000000
  0
SEQEND
  0
POLYLINE
  8
PG_NEW-SILK-TOP
 66
1
 70
0
 40
0.000000
 41
0.000000
 39
0.000000
  0
VERTEX
  8
PG_NEW-SILK-TOP
 10
58.682890
 20
68.686426
 40
0.101600
 41
0.101600
 42
0.000000
  0
VERTEX
  8
PG_NEW-SILK-TOP
 10
58.682890
 20
69.286374
 40
0.101600
 41
0.101600
 42
0.000000
  0
VERTEX
  8
PG_NEW-SILK-TOP
 10
59.782710
 20
69.286374
 40
0.101600
 41
0.101600
 42
0.000000
  0
VERTEX
  8
PG_NEW-SILK-TOP
 10
59.782710
 20
68.686426
 40
0.101600
 41
0.101600
 42
0.000000
  0
VERTEX
  8
PG_NEW-SILK-TOP
 10
58.682890
 20
68.686426
 40
0.101600
 41
0.101600
 42
0.000000
  0
SEQEND
  0
POLYLINE
  8
PIN_TOP
 66
1
 70
1
 40
0.000000
 41
0.000000
 39
0.000000
  0
VERTEX
  8
PIN_TOP
 10
75.896851
 20
65.580387
 40
0.000000
 41
0.000000
 42
0.000000
  0
VERTEX
  8
PIN_TOP
 10
75.896851
 20
65.280413
 40
0.000000
 41
0.000000
 42
0.000000
  0
VERTEX
  8
PIN_TOP
 10
75.596877
 20
65.280413
 40
0.000000
 41
0.000000
 42
0.000000
  0
VERTEX
  8
PIN_TOP
 10
75.596877
 20
65.580387
 40
0.000000
 41
0.000000
 42
0.000000
  0
SEQEND
  0
POLYLINE
  8
PIN_TOP
 66
1
 70
1
 40
0.000000
 41
0.000000
 39
0.000000
  0
VERTEX
  8
PIN_TOP
 10
76.396723
 20
65.580387
 40
0.000000
 41
0.000000
 42
0.000000
  0
VERTEX
  8
PIN_TOP
 10
76.396723
 20
65.280413
 40
0.000000
 41
0.000000
 42
0.000000
  0
VERTEX
  8
PIN_TOP
 10
76.096749
 20
65.280413
 40
0.000000
 41
0.000000
 42
0.000000
  0
VERTEX
  8
PIN_TOP
 10
76.096749
 20
65.580387
 40
0.000000
 41
0.000000
 42
0.000000
  0
SEQEND
  0
POLYLINE
  8
PG_NEW-SILK-TOP
 66
1
 70
0
 40
0.000000
 41
0.000000
 39
0.000000
  0
VERTEX
  8
PG_NEW-SILK-TOP
 10
76.546710
 20
65.730374
 40
0.101600
 41
0.101600
 42
0.000000
  0
VERTEX
  8
PG_NEW-SILK-TOP
 10
76.546710
 20
65.130426
 40
0.101600
 41
0.101600
 42
0.000000
  0
VERTEX
  8
PG_NEW-SILK-TOP
 10
75.446890
 20
65.130426
 40
0.101600
 41
0.101600
 42
0.000000
  0
VERTEX
  8
PG_NEW-SILK-TOP
 10
75.446890
 20
65.730374
 40
0.101600
 41
0.101600
 42
0.000000
  0
VERTEX
  8
PG_NEW-SILK-TOP
 10
76.546710
 20
65.730374
 40
0.101600
 41
0.101600
 42
0.000000
  0
SEQEND
  0
POLYLINE
  8
PIN_TOP
 66
1
 70
1
 40
0.000000
 41
0.000000
 39
0.000000
  0
VERTEX
  8
PIN_TOP
 10
65.635251
 20
50.441987
 40
0.000000
 41
0.000000
 42
0.000000
  0
VERTEX
  8
PIN_TOP
 10
65.635251
 20
50.142013
 40
0.000000
 41
0.000000
 42
0.000000
  0
VERTEX
  8
PIN_TOP
 10
65.335277
 20
50.142013
 40
0.000000
 41
0.000000
 42
0.000000
  0
VERTEX
  8
PIN_TOP
 10
65.335277
 20
50.441987
 40
0.000000
 41
0.000000
 42
0.000000
  0
SEQEND
  0
POLYLINE
  8
PIN_TOP
 66
1
 70
1
 40
0.000000
 41
0.000000
 39
0.000000
  0
VERTEX
  8
PIN_TOP
 10
66.135123
 20
50.441987
 40
0.000000
 41
0.000000
 42
0.000000
  0
VERTEX
  8
PIN_TOP
 10
66.135123
 20
50.142013
 40
0.000000
 41
0.000000
 42
0.000000
  0
VERTEX
  8
PIN_TOP
 10
65.835149
 20
50.142013
 40
0.000000
 41
0.000000
 42
0.000000
  0
VERTEX
  8
PIN_TOP
 10
65.835149
 20
50.441987
 40
0.000000
 41
0.000000
 42
0.000000
  0
SEQEND
  0
POLYLINE
  8
PG_NEW-SILK-TOP
 66
1
 70
0
 40
0.000000
 41
0.000000
 39
0.000000
  0
VERTEX
  8
PG_NEW-SILK-TOP
 10
66.285110
 20
50.591974
 40
0.101600
 41
0.101600
 42
0.000000
  0
VERTEX
  8
PG_NEW-SILK-TOP
 10
66.285110
 20
49.992026
 40
0.101600
 41
0.101600
 42
0.000000
  0
VERTEX
  8
PG_NEW-SILK-TOP
 10
65.185290
 20
49.992026
 40
0.101600
 41
0.101600
 42
0.000000
  0
VERTEX
  8
PG_NEW-SILK-TOP
 10
65.185290
 20
50.591974
 40
0.101600
 41
0.101600
 42
0.000000
  0
VERTEX
  8
PG_NEW-SILK-TOP
 10
66.285110
 20
50.591974
 40
0.101600
 41
0.101600
 42
0.000000
  0
SEQEND
  0
POLYLINE
  8
PIN_TOP
 66
1
 70
1
 40
0.000000
 41
0.000000
 39
0.000000
  0
VERTEX
  8
PIN_TOP
 10
77.417422
 20
65.280286
 40
0.000000
 41
0.000000
 42
0.000000
  0
VERTEX
  8
PIN_TOP
 10
77.417422
 20
65.580260
 40
0.000000
 41
0.000000
 42
0.000000
  0
VERTEX
  8
PIN_TOP
 10
77.717396
 20
65.580260
 40
0.000000
 41
0.000000
 42
0.000000
  0
VERTEX
  8
PIN_TOP
 10
77.717396
 20
65.280286
 40
0.000000
 41
0.000000
 42
0.000000
  0
SEQEND
  0
POLYLINE
  8
PIN_TOP
 66
1
 70
1
 40
0.000000
 41
0.000000
 39
0.000000
  0
VERTEX
  8
PIN_TOP
 10
76.917550
 20
65.280286
 40
0.000000
 41
0.000000
 42
0.000000
  0
VERTEX
  8
PIN_TOP
 10
76.917550
 20
65.580260
 40
0.000000
 41
0.000000
 42
0.000000
  0
VERTEX
  8
PIN_TOP
 10
77.217524
 20
65.580260
 40
0.000000
 41
0.000000
 42
0.000000
  0
VERTEX
  8
PIN_TOP
 10
77.217524
 20
65.280286
 40
0.000000
 41
0.000000
 42
0.000000
  0
SEQEND
  0
POLYLINE
  8
PG_NEW-SILK-TOP
 66
1
 70
0
 40
0.000000
 41
0.000000
 39
0.000000
  0
VERTEX
  8
PG_NEW-SILK-TOP
 10
76.767690
 20
65.130426
 40
0.101600
 41
0.101600
 42
0.000000
  0
VERTEX
  8
PG_NEW-SILK-TOP
 10
76.767690
 20
65.730374
 40
0.101600
 41
0.101600
 42
0.000000
  0
VERTEX
  8
PG_NEW-SILK-TOP
 10
77.867510
 20
65.730374
 40
0.101600
 41
0.101600
 42
0.000000
  0
VERTEX
  8
PG_NEW-SILK-TOP
 10
77.867510
 20
65.130426
 40
0.101600
 41
0.101600
 42
0.000000
  0
VERTEX
  8
PG_NEW-SILK-TOP
 10
76.767690
 20
65.130426
 40
0.101600
 41
0.101600
 42
0.000000
  0
SEQEND
  0
POLYLINE
  8
PIN_TOP
 66
1
 70
1
 40
0.000000
 41
0.000000
 39
0.000000
  0
VERTEX
  8
PIN_TOP
 10
77.217651
 20
64.869187
 40
0.000000
 41
0.000000
 42
0.000000
  0
VERTEX
  8
PIN_TOP
 10
77.217651
 20
64.569213
 40
0.000000
 41
0.000000
 42
0.000000
  0
VERTEX
  8
PIN_TOP
 10
76.917677
 20
64.569213
 40
0.000000
 41
0.000000
 42
0.000000
  0
VERTEX
  8
PIN_TOP
 10
76.917677
 20
64.869187
 40
0.000000
 41
0.000000
 42
0.000000
  0
SEQEND
  0
POLYLINE
  8
PIN_TOP
 66
1
 70
1
 40
0.000000
 41
0.000000
 39
0.000000
  0
VERTEX
  8
PIN_TOP
 10
77.717523
 20
64.869187
 40
0.000000
 41
0.000000
 42
0.000000
  0
VERTEX
  8
PIN_TOP
 10
77.717523
 20
64.569213
 40
0.000000
 41
0.000000
 42
0.000000
  0
VERTEX
  8
PIN_TOP
 10
77.417549
 20
64.569213
 40
0.000000
 41
0.000000
 42
0.000000
  0
VERTEX
  8
PIN_TOP
 10
77.417549
 20
64.869187
 40
0.000000
 41
0.000000
 42
0.000000
  0
SEQEND
  0
POLYLINE
  8
PG_NEW-SILK-TOP
 66
1
 70
0
 40
0.000000
 41
0.000000
 39
0.000000
  0
VERTEX
  8
PG_NEW-SILK-TOP
 10
77.867510
 20
65.019174
 40
0.101600
 41
0.101600
 42
0.000000
  0
VERTEX
  8
PG_NEW-SILK-TOP
 10
77.867510
 20
64.419226
 40
0.101600
 41
0.101600
 42
0.000000
  0
VERTEX
  8
PG_NEW-SILK-TOP
 10
76.767690
 20
64.419226
 40
0.101600
 41
0.101600
 42
0.000000
  0
VERTEX
  8
PG_NEW-SILK-TOP
 10
76.767690
 20
65.019174
 40
0.101600
 41
0.101600
 42
0.000000
  0
VERTEX
  8
PG_NEW-SILK-TOP
 10
77.867510
 20
65.019174
 40
0.101600
 41
0.101600
 42
0.000000
  0
SEQEND
  0
POLYLINE
  8
PIN_TOP
 66
1
 70
1
 40
0.000000
 41
0.000000
 39
0.000000
  0
VERTEX
  8
PIN_TOP
 10
56.436387
 20
68.070349
 40
0.000000
 41
0.000000
 42
0.000000
  0
VERTEX
  8
PIN_TOP
 10
56.136413
 20
68.070349
 40
0.000000
 41
0.000000
 42
0.000000
  0
VERTEX
  8
PIN_TOP
 10
56.136413
 20
68.370323
 40
0.000000
 41
0.000000
 42
0.000000
  0
VERTEX
  8
PIN_TOP
 10
56.436387
 20
68.370323
 40
0.000000
 41
0.000000
 42
0.000000
  0
SEQEND
  0
POLYLINE
  8
PIN_TOP
 66
1
 70
1
 40
0.000000
 41
0.000000
 39
0.000000
  0
VERTEX
  8
PIN_TOP
 10
56.436387
 20
67.570477
 40
0.000000
 41
0.000000
 42
0.000000
  0
VERTEX
  8
PIN_TOP
 10
56.136413
 20
67.570477
 40
0.000000
 41
0.000000
 42
0.000000
  0
VERTEX
  8
PIN_TOP
 10
56.136413
 20
67.870451
 40
0.000000
 41
0.000000
 42
0.000000
  0
VERTEX
  8
PIN_TOP
 10
56.436387
 20
67.870451
 40
0.000000
 41
0.000000
 42
0.000000
  0
SEQEND
  0
POLYLINE
  8
PG_NEW-SILK-TOP
 66
1
 70
0
 40
0.000000
 41
0.000000
 39
0.000000
  0
VERTEX
  8
PG_NEW-SILK-TOP
 10
56.586374
 20
67.420490
 40
0.101600
 41
0.101600
 42
0.000000
  0
VERTEX
  8
PG_NEW-SILK-TOP
 10
55.986426
 20
67.420490
 40
0.101600
 41
0.101600
 42
0.000000
  0
VERTEX
  8
PG_NEW-SILK-TOP
 10
55.986426
 20
68.520310
 40
0.101600
 41
0.101600
 42
0.000000
  0
VERTEX
  8
PG_NEW-SILK-TOP
 10
56.586374
 20
68.520310
 40
0.101600
 41
0.101600
 42
0.000000
  0
VERTEX
  8
PG_NEW-SILK-TOP
 10
56.586374
 20
67.420490
 40
0.101600
 41
0.101600
 42
0.000000
  0
SEQEND
  0
POLYLINE
  8
PIN_TOP
 66
1
 70
1
 40
0.000000
 41
0.000000
 39
0.000000
  0
VERTEX
  8
PIN_TOP
 10
56.436387
 20
69.289549
 40
0.000000
 41
0.000000
 42
0.000000
  0
VERTEX
  8
PIN_TOP
 10
56.136413
 20
69.289549
 40
0.000000
 41
0.000000
 42
0.000000
  0
VERTEX
  8
PIN_TOP
 10
56.136413
 20
69.589523
 40
0.000000
 41
0.000000
 42
0.000000
  0
VERTEX
  8
PIN_TOP
 10
56.436387
 20
69.589523
 40
0.000000
 41
0.000000
 42
0.000000
  0
SEQEND
  0
POLYLINE
  8
PIN_TOP
 66
1
 70
1
 40
0.000000
 41
0.000000
 39
0.000000
  0
VERTEX
  8
PIN_TOP
 10
56.436387
 20
68.789677
 40
0.000000
 41
0.000000
 42
0.000000
  0
VERTEX
  8
PIN_TOP
 10
56.136413
 20
68.789677
 40
0.000000
 41
0.000000
 42
0.000000
  0
VERTEX
  8
PIN_TOP
 10
56.136413
 20
69.089651
 40
0.000000
 41
0.000000
 42
0.000000
  0
VERTEX
  8
PIN_TOP
 10
56.436387
 20
69.089651
 40
0.000000
 41
0.000000
 42
0.000000
  0
SEQEND
  0
POLYLINE
  8
PG_NEW-SILK-TOP
 66
1
 70
0
 40
0.000000
 41
0.000000
 39
0.000000
  0
VERTEX
  8
PG_NEW-SILK-TOP
 10
56.586374
 20
68.639690
 40
0.101600
 41
0.101600
 42
0.000000
  0
VERTEX
  8
PG_NEW-SILK-TOP
 10
55.986426
 20
68.639690
 40
0.101600
 41
0.101600
 42
0.000000
  0
VERTEX
  8
PG_NEW-SILK-TOP
 10
55.986426
 20
69.739510
 40
0.101600
 41
0.101600
 42
0.000000
  0
VERTEX
  8
PG_NEW-SILK-TOP
 10
56.586374
 20
69.739510
 40
0.101600
 41
0.101600
 42
0.000000
  0
VERTEX
  8
PG_NEW-SILK-TOP
 10
56.586374
 20
68.639690
 40
0.101600
 41
0.101600
 42
0.000000
  0
SEQEND
  0
POLYLINE
  8
PIN_TOP
 66
1
 70
1
 40
0.000000
 41
0.000000
 39
0.000000
  0
VERTEX
  8
PIN_TOP
 10
75.896851
 20
67.002787
 40
0.000000
 41
0.000000
 42
0.000000
  0
VERTEX
  8
PIN_TOP
 10
75.896851
 20
66.702813
 40
0.000000
 41
0.000000
 42
0.000000
  0
VERTEX
  8
PIN_TOP
 10
75.596877
 20
66.702813
 40
0.000000
 41
0.000000
 42
0.000000
  0
VERTEX
  8
PIN_TOP
 10
75.596877
 20
67.002787
 40
0.000000
 41
0.000000
 42
0.000000
  0
SEQEND
  0
POLYLINE
  8
PIN_TOP
 66
1
 70
1
 40
0.000000
 41
0.000000
 39
0.000000
  0
VERTEX
  8
PIN_TOP
 10
76.396723
 20
67.002787
 40
0.000000
 41
0.000000
 42
0.000000
  0
VERTEX
  8
PIN_TOP
 10
76.396723
 20
66.702813
 40
0.000000
 41
0.000000
 42
0.000000
  0
VERTEX
  8
PIN_TOP
 10
76.096749
 20
66.702813
 40
0.000000
 41
0.000000
 42
0.000000
  0
VERTEX
  8
PIN_TOP
 10
76.096749
 20
67.002787
 40
0.000000
 41
0.000000
 42
0.000000
  0
SEQEND
  0
POLYLINE
  8
PG_NEW-SILK-TOP
 66
1
 70
0
 40
0.000000
 41
0.000000
 39
0.000000
  0
VERTEX
  8
PG_NEW-SILK-TOP
 10
76.546710
 20
67.152774
 40
0.101600
 41
0.101600
 42
0.000000
  0
VERTEX
  8
PG_NEW-SILK-TOP
 10
76.546710
 20
66.552826
 40
0.101600
 41
0.101600
 42
0.000000
  0
VERTEX
  8
PG_NEW-SILK-TOP
 10
75.446890
 20
66.552826
 40
0.101600
 41
0.101600
 42
0.000000
  0
VERTEX
  8
PG_NEW-SILK-TOP
 10
75.446890
 20
67.152774
 40
0.101600
 41
0.101600
 42
0.000000
  0
VERTEX
  8
PG_NEW-SILK-TOP
 10
76.546710
 20
67.152774
 40
0.101600
 41
0.101600
 42
0.000000
  0
SEQEND
  0
POLYLINE
  8
PIN_TOP
 66
1
 70
1
 40
0.000000
 41
0.000000
 39
0.000000
  0
VERTEX
  8
PIN_TOP
 10
77.417422
 20
63.857886
 40
0.000000
 41
0.000000
 42
0.000000
  0
VERTEX
  8
PIN_TOP
 10
77.417422
 20
64.157860
 40
0.000000
 41
0.000000
 42
0.000000
  0
VERTEX
  8
PIN_TOP
 10
77.717396
 20
64.157860
 40
0.000000
 41
0.000000
 42
0.000000
  0
VERTEX
  8
PIN_TOP
 10
77.717396
 20
63.857886
 40
0.000000
 41
0.000000
 42
0.000000
  0
SEQEND
  0
POLYLINE
  8
PIN_TOP
 66
1
 70
1
 40
0.000000
 41
0.000000
 39
0.000000
  0
VERTEX
  8
PIN_TOP
 10
76.917550
 20
63.857886
 40
0.000000
 41
0.000000
 42
0.000000
  0
VERTEX
  8
PIN_TOP
 10
76.917550
 20
64.157860
 40
0.000000
 41
0.000000
 42
0.000000
  0
VERTEX
  8
PIN_TOP
 10
77.217524
 20
64.157860
 40
0.000000
 41
0.000000
 42
0.000000
  0
VERTEX
  8
PIN_TOP
 10
77.217524
 20
63.857886
 40
0.000000
 41
0.000000
 42
0.000000
  0
SEQEND
  0
POLYLINE
  8
PG_NEW-SILK-TOP
 66
1
 70
0
 40
0.000000
 41
0.000000
 39
0.000000
  0
VERTEX
  8
PG_NEW-SILK-TOP
 10
76.767690
 20
63.708026
 40
0.101600
 41
0.101600
 42
0.000000
  0
VERTEX
  8
PG_NEW-SILK-TOP
 10
76.767690
 20
64.307974
 40
0.101600
 41
0.101600
 42
0.000000
  0
VERTEX
  8
PG_NEW-SILK-TOP
 10
77.867510
 20
64.307974
 40
0.101600
 41
0.101600
 42
0.000000
  0
VERTEX
  8
PG_NEW-SILK-TOP
 10
77.867510
 20
63.708026
 40
0.101600
 41
0.101600
 42
0.000000
  0
VERTEX
  8
PG_NEW-SILK-TOP
 10
76.767690
 20
63.708026
 40
0.101600
 41
0.101600
 42
0.000000
  0
SEQEND
  0
POLYLINE
  8
PIN_TOP
 66
1
 70
1
 40
0.000000
 41
0.000000
 39
0.000000
  0
VERTEX
  8
PIN_TOP
 10
57.655587
 20
67.308349
 40
0.000000
 41
0.000000
 42
0.000000
  0
VERTEX
  8
PIN_TOP
 10
57.355613
 20
67.308349
 40
0.000000
 41
0.000000
 42
0.000000
  0
VERTEX
  8
PIN_TOP
 10
57.355613
 20
67.608323
 40
0.000000
 41
0.000000
 42
0.000000
  0
VERTEX
  8
PIN_TOP
 10
57.655587
 20
67.608323
 40
0.000000
 41
0.000000
 42
0.000000
  0
SEQEND
  0
POLYLINE
  8
PIN_TOP
 66
1
 70
1
 40
0.000000
 41
0.000000
 39
0.000000
  0
VERTEX
  8
PIN_TOP
 10
57.655587
 20
66.808477
 40
0.000000
 41
0.000000
 42
0.000000
  0
VERTEX
  8
PIN_TOP
 10
57.355613
 20
66.808477
 40
0.000000
 41
0.000000
 42
0.000000
  0
VERTEX
  8
PIN_TOP
 10
57.355613
 20
67.108451
 40
0.000000
 41
0.000000
 42
0.000000
  0
VERTEX
  8
PIN_TOP
 10
57.655587
 20
67.108451
 40
0.000000
 41
0.000000
 42
0.000000
  0
SEQEND
  0
POLYLINE
  8
PG_NEW-SILK-TOP
 66
1
 70
0
 40
0.000000
 41
0.000000
 39
0.000000
  0
VERTEX
  8
PG_NEW-SILK-TOP
 10
57.805574
 20
66.658490
 40
0.101600
 41
0.101600
 42
0.000000
  0
VERTEX
  8
PG_NEW-SILK-TOP
 10
57.205626
 20
66.658490
 40
0.101600
 41
0.101600
 42
0.000000
  0
VERTEX
  8
PG_NEW-SILK-TOP
 10
57.205626
 20
67.758310
 40
0.101600
 41
0.101600
 42
0.000000
  0
VERTEX
  8
PG_NEW-SILK-TOP
 10
57.805574
 20
67.758310
 40
0.101600
 41
0.101600
 42
0.000000
  0
VERTEX
  8
PG_NEW-SILK-TOP
 10
57.805574
 20
66.658490
 40
0.101600
 41
0.101600
 42
0.000000
  0
SEQEND
  0
POLYLINE
  8
PIN_TOP
 66
1
 70
1
 40
0.000000
 41
0.000000
 39
0.000000
  0
VERTEX
  8
PIN_TOP
 10
58.519822
 20
68.023486
 40
0.000000
 41
0.000000
 42
0.000000
  0
VERTEX
  8
PIN_TOP
 10
58.519822
 20
68.323460
 40
0.000000
 41
0.000000
 42
0.000000
  0
VERTEX
  8
PIN_TOP
 10
58.819796
 20
68.323460
 40
0.000000
 41
0.000000
 42
0.000000
  0
VERTEX
  8
PIN_TOP
 10
58.819796
 20
68.023486
 40
0.000000
 41
0.000000
 42
0.000000
  0
SEQEND
  0
POLYLINE
  8
PIN_TOP
 66
1
 70
1
 40
0.000000
 41
0.000000
 39
0.000000
  0
VERTEX
  8
PIN_TOP
 10
58.019950
 20
68.023486
 40
0.000000
 41
0.000000
 42
0.000000
  0
VERTEX
  8
PIN_TOP
 10
58.019950
 20
68.323460
 40
0.000000
 41
0.000000
 42
0.000000
  0
VERTEX
  8
PIN_TOP
 10
58.319924
 20
68.323460
 40
0.000000
 41
0.000000
 42
0.000000
  0
VERTEX
  8
PIN_TOP
 10
58.319924
 20
68.023486
 40
0.000000
 41
0.000000
 42
0.000000
  0
SEQEND
  0
POLYLINE
  8
PG_NEW-SILK-TOP
 66
1
 70
0
 40
0.000000
 41
0.000000
 39
0.000000
  0
VERTEX
  8
PG_NEW-SILK-TOP
 10
57.870090
 20
67.873626
 40
0.101600
 41
0.101600
 42
0.000000
  0
VERTEX
  8
PG_NEW-SILK-TOP
 10
57.870090
 20
68.473574
 40
0.101600
 41
0.101600
 42
0.000000
  0
VERTEX
  8
PG_NEW-SILK-TOP
 10
58.969910
 20
68.473574
 40
0.101600
 41
0.101600
 42
0.000000
  0
VERTEX
  8
PG_NEW-SILK-TOP
 10
58.969910
 20
67.873626
 40
0.101600
 41
0.101600
 42
0.000000
  0
VERTEX
  8
PG_NEW-SILK-TOP
 10
57.870090
 20
67.873626
 40
0.101600
 41
0.101600
 42
0.000000
  0
SEQEND
  0
POLYLINE
  8
PIN_TOP
 66
1
 70
1
 40
0.000000
 41
0.000000
 39
0.000000
  0
VERTEX
  8
PIN_TOP
 10
57.100851
 20
68.323587
 40
0.000000
 41
0.000000
 42
0.000000
  0
VERTEX
  8
PIN_TOP
 10
57.100851
 20
68.023613
 40
0.000000
 41
0.000000
 42
0.000000
  0
VERTEX
  8
PIN_TOP
 10
56.800877
 20
68.023613
 40
0.000000
 41
0.000000
 42
0.000000
  0
VERTEX
  8
PIN_TOP
 10
56.800877
 20
68.323587
 40
0.000000
 41
0.000000
 42
0.000000
  0
SEQEND
  0
POLYLINE
  8
PIN_TOP
 66
1
 70
1
 40
0.000000
 41
0.000000
 39
0.000000
  0
VERTEX
  8
PIN_TOP
 10
57.600723
 20
68.323587
 40
0.000000
 41
0.000000
 42
0.000000
  0
VERTEX
  8
PIN_TOP
 10
57.600723
 20
68.023613
 40
0.000000
 41
0.000000
 42
0.000000
  0
VERTEX
  8
PIN_TOP
 10
57.300749
 20
68.023613
 40
0.000000
 41
0.000000
 42
0.000000
  0
VERTEX
  8
PIN_TOP
 10
57.300749
 20
68.323587
 40
0.000000
 41
0.000000
 42
0.000000
  0
SEQEND
  0
POLYLINE
  8
PG_NEW-SILK-TOP
 66
1
 70
0
 40
0.000000
 41
0.000000
 39
0.000000
  0
VERTEX
  8
PG_NEW-SILK-TOP
 10
57.750710
 20
68.473574
 40
0.101600
 41
0.101600
 42
0.000000
  0
VERTEX
  8
PG_NEW-SILK-TOP
 10
57.750710
 20
67.873626
 40
0.101600
 41
0.101600
 42
0.000000
  0
VERTEX
  8
PG_NEW-SILK-TOP
 10
56.650890
 20
67.873626
 40
0.101600
 41
0.101600
 42
0.000000
  0
VERTEX
  8
PG_NEW-SILK-TOP
 10
56.650890
 20
68.473574
 40
0.101600
 41
0.101600
 42
0.000000
  0
VERTEX
  8
PG_NEW-SILK-TOP
 10
57.750710
 20
68.473574
 40
0.101600
 41
0.101600
 42
0.000000
  0
SEQEND
  0
POLYLINE
  8
PIN_TOP
 66
1
 70
1
 40
0.000000
 41
0.000000
 39
0.000000
  0
VERTEX
  8
PIN_TOP
 10
57.357137
 20
81.040605
 40
0.000000
 41
0.000000
 42
0.000000
  0
VERTEX
  8
PIN_TOP
 10
57.857263
 20
81.040605
 40
0.000000
 41
0.000000
 42
0.000000
  0
VERTEX
  8
PIN_TOP
 10
57.857263
 20
80.540479
 40
0.000000
 41
0.000000
 42
0.000000
  0
VERTEX
  8
PIN_TOP
 10
57.357137
 20
80.540479
 40
0.000000
 41
0.000000
 42
0.000000
  0
SEQEND
  0
POLYLINE
  8
PIN_TOP
 66
1
 70
1
 40
0.000000
 41
0.000000
 39
0.000000
  0
VERTEX
  8
PIN_TOP
 10
57.357137
 20
80.190721
 40
0.000000
 41
0.000000
 42
0.000000
  0
VERTEX
  8
PIN_TOP
 10
57.857263
 20
80.190721
 40
0.000000
 41
0.000000
 42
0.000000
  0
VERTEX
  8
PIN_TOP
 10
57.857263
 20
79.690595
 40
0.000000
 41
0.000000
 42
0.000000
  0
VERTEX
  8
PIN_TOP
 10
57.357137
 20
79.690595
 40
0.000000
 41
0.000000
 42
0.000000
  0
SEQEND
  0
POLYLINE
  8
PG_NEW-SILK-TOP
 66
1
 70
0
 40
0.000000
 41
0.000000
 39
0.000000
  0
VERTEX
  8
PG_NEW-SILK-TOP
 10
57.207150
 20
81.265522
 40
0.101600
 41
0.101600
 42
0.000000
  0
VERTEX
  8
PG_NEW-SILK-TOP
 10
58.007250
 20
81.265522
 40
0.101600
 41
0.101600
 42
0.000000
  0
VERTEX
  8
PG_NEW-SILK-TOP
 10
58.007250
 20
79.465678
 40
0.101600
 41
0.101600
 42
0.000000
  0
VERTEX
  8
PG_NEW-SILK-TOP
 10
57.207150
 20
79.465678
 40
0.101600
 41
0.101600
 42
0.000000
  0
VERTEX
  8
PG_NEW-SILK-TOP
 10
57.207150
 20
81.265522
 40
0.101600
 41
0.101600
 42
0.000000
  0
SEQEND
  0
POLYLINE
  8
PIN_TOP
 66
1
 70
1
 40
0.000000
 41
0.000000
 39
0.000000
  0
VERTEX
  8
PIN_TOP
 10
56.942863
 20
93.914595
 40
0.000000
 41
0.000000
 42
0.000000
  0
VERTEX
  8
PIN_TOP
 10
56.442737
 20
93.914595
 40
0.000000
 41
0.000000
 42
0.000000
  0
VERTEX
  8
PIN_TOP
 10
56.442737
 20
94.414721
 40
0.000000
 41
0.000000
 42
0.000000
  0
VERTEX
  8
PIN_TOP
 10
56.942863
 20
94.414721
 40
0.000000
 41
0.000000
 42
0.000000
  0
SEQEND
  0
POLYLINE
  8
PIN_TOP
 66
1
 70
1
 40
0.000000
 41
0.000000
 39
0.000000
  0
VERTEX
  8
PIN_TOP
 10
56.942863
 20
94.764479
 40
0.000000
 41
0.000000
 42
0.000000
  0
VERTEX
  8
PIN_TOP
 10
56.442737
 20
94.764479
 40
0.000000
 41
0.000000
 42
0.000000
  0
VERTEX
  8
PIN_TOP
 10
56.442737
 20
95.264605
 40
0.000000
 41
0.000000
 42
0.000000
  0
VERTEX
  8
PIN_TOP
 10
56.942863
 20
95.264605
 40
0.000000
 41
0.000000
 42
0.000000
  0
SEQEND
  0
POLYLINE
  8
PG_NEW-SILK-TOP
 66
1
 70
0
 40
0.000000
 41
0.000000
 39
0.000000
  0
VERTEX
  8
PG_NEW-SILK-TOP
 10
57.092850
 20
93.689678
 40
0.101600
 41
0.101600
 42
0.000000
  0
VERTEX
  8
PG_NEW-SILK-TOP
 10
56.292750
 20
93.689678
 40
0.101600
 41
0.101600
 42
0.000000
  0
VERTEX
  8
PG_NEW-SILK-TOP
 10
56.292750
 20
95.489522
 40
0.101600
 41
0.101600
 42
0.000000
  0
VERTEX
  8
PG_NEW-SILK-TOP
 10
57.092850
 20
95.489522
 40
0.101600
 41
0.101600
 42
0.000000
  0
VERTEX
  8
PG_NEW-SILK-TOP
 10
57.092850
 20
93.689678
 40
0.101600
 41
0.101600
 42
0.000000
  0
SEQEND
  0
POLYLINE
  8
PIN_TOP
 66
1
 70
1
 40
0.000000
 41
0.000000
 39
0.000000
  0
VERTEX
  8
PIN_TOP
 10
56.442737
 20
81.040605
 40
0.000000
 41
0.000000
 42
0.000000
  0
VERTEX
  8
PIN_TOP
 10
56.942863
 20
81.040605
 40
0.000000
 41
0.000000
 42
0.000000
  0
VERTEX
  8
PIN_TOP
 10
56.942863
 20
80.540479
 40
0.000000
 41
0.000000
 42
0.000000
  0
VERTEX
  8
PIN_TOP
 10
56.442737
 20
80.540479
 40
0.000000
 41
0.000000
 42
0.000000
  0
SEQEND
  0
POLYLINE
  8
PIN_TOP
 66
1
 70
1
 40
0.000000
 41
0.000000
 39
0.000000
  0
VERTEX
  8
PIN_TOP
 10
56.442737
 20
80.190721
 40
0.000000
 41
0.000000
 42
0.000000
  0
VERTEX
  8
PIN_TOP
 10
56.942863
 20
80.190721
 40
0.000000
 41
0.000000
 42
0.000000
  0
VERTEX
  8
PIN_TOP
 10
56.942863
 20
79.690595
 40
0.000000
 41
0.000000
 42
0.000000
  0
VERTEX
  8
PIN_TOP
 10
56.442737
 20
79.690595
 40
0.000000
 41
0.000000
 42
0.000000
  0
SEQEND
  0
POLYLINE
  8
PG_NEW-SILK-TOP
 66
1
 70
0
 40
0.000000
 41
0.000000
 39
0.000000
  0
VERTEX
  8
PG_NEW-SILK-TOP
 10
56.292750
 20
81.265522
 40
0.101600
 41
0.101600
 42
0.000000
  0
VERTEX
  8
PG_NEW-SILK-TOP
 10
57.092850
 20
81.265522
 40
0.101600
 41
0.101600
 42
0.000000
  0
VERTEX
  8
PG_NEW-SILK-TOP
 10
57.092850
 20
79.465678
 40
0.101600
 41
0.101600
 42
0.000000
  0
VERTEX
  8
PG_NEW-SILK-TOP
 10
56.292750
 20
79.465678
 40
0.101600
 41
0.101600
 42
0.000000
  0
VERTEX
  8
PG_NEW-SILK-TOP
 10
56.292750
 20
81.265522
 40
0.101600
 41
0.101600
 42
0.000000
  0
SEQEND
  0
POLYLINE
  8
PIN_TOP
 66
1
 70
1
 40
0.000000
 41
0.000000
 39
0.000000
  0
VERTEX
  8
PIN_TOP
 10
57.984263
 20
93.914595
 40
0.000000
 41
0.000000
 42
0.000000
  0
VERTEX
  8
PIN_TOP
 10
57.484137
 20
93.914595
 40
0.000000
 41
0.000000
 42
0.000000
  0
VERTEX
  8
PIN_TOP
 10
57.484137
 20
94.414721
 40
0.000000
 41
0.000000
 42
0.000000
  0
VERTEX
  8
PIN_TOP
 10
57.984263
 20
94.414721
 40
0.000000
 41
0.000000
 42
0.000000
  0
SEQEND
  0
POLYLINE
  8
PIN_TOP
 66
1
 70
1
 40
0.000000
 41
0.000000
 39
0.000000
  0
VERTEX
  8
PIN_TOP
 10
57.984263
 20
94.764479
 40
0.000000
 41
0.000000
 42
0.000000
  0
VERTEX
  8
PIN_TOP
 10
57.484137
 20
94.764479
 40
0.000000
 41
0.000000
 42
0.000000
  0
VERTEX
  8
PIN_TOP
 10
57.484137
 20
95.264605
 40
0.000000
 41
0.000000
 42
0.000000
  0
VERTEX
  8
PIN_TOP
 10
57.984263
 20
95.264605
 40
0.000000
 41
0.000000
 42
0.000000
  0
SEQEND
  0
POLYLINE
  8
PG_NEW-SILK-TOP
 66
1
 70
0
 40
0.000000
 41
0.000000
 39
0.000000
  0
VERTEX
  8
PG_NEW-SILK-TOP
 10
58.134250
 20
93.689678
 40
0.101600
 41
0.101600
 42
0.000000
  0
VERTEX
  8
PG_NEW-SILK-TOP
 10
57.334150
 20
93.689678
 40
0.101600
 41
0.101600
 42
0.000000
  0
VERTEX
  8
PG_NEW-SILK-TOP
 10
57.334150
 20
95.489522
 40
0.101600
 41
0.101600
 42
0.000000
  0
VERTEX
  8
PG_NEW-SILK-TOP
 10
58.134250
 20
95.489522
 40
0.101600
 41
0.101600
 42
0.000000
  0
VERTEX
  8
PG_NEW-SILK-TOP
 10
58.134250
 20
93.689678
 40
0.101600
 41
0.101600
 42
0.000000
  0
SEQEND
  0
POLYLINE
  8
PIN_TOP
 66
1
 70
1
 40
0.000000
 41
0.000000
 39
0.000000
  0
VERTEX
  8
PIN_TOP
 10
75.916663
 20
79.893795
 40
0.000000
 41
0.000000
 42
0.000000
  0
VERTEX
  8
PIN_TOP
 10
75.416537
 20
79.893795
 40
0.000000
 41
0.000000
 42
0.000000
  0
VERTEX
  8
PIN_TOP
 10
75.416537
 20
80.393921
 40
0.000000
 41
0.000000
 42
0.000000
  0
VERTEX
  8
PIN_TOP
 10
75.916663
 20
80.393921
 40
0.000000
 41
0.000000
 42
0.000000
  0
SEQEND
  0
POLYLINE
  8
PIN_TOP
 66
1
 70
1
 40
0.000000
 41
0.000000
 39
0.000000
  0
VERTEX
  8
PIN_TOP
 10
75.916663
 20
80.743679
 40
0.000000
 41
0.000000
 42
0.000000
  0
VERTEX
  8
PIN_TOP
 10
75.416537
 20
80.743679
 40
0.000000
 41
0.000000
 42
0.000000
  0
VERTEX
  8
PIN_TOP
 10
75.416537
 20
81.243805
 40
0.000000
 41
0.000000
 42
0.000000
  0
VERTEX
  8
PIN_TOP
 10
75.916663
 20
81.243805
 40
0.000000
 41
0.000000
 42
0.000000
  0
SEQEND
  0
POLYLINE
  8
PG_NEW-SILK-TOP
 66
1
 70
0
 40
0.000000
 41
0.000000
 39
0.000000
  0
VERTEX
  8
PG_NEW-SILK-TOP
 10
76.066650
 20
79.668878
 40
0.101600
 41
0.101600
 42
0.000000
  0
VERTEX
  8
PG_NEW-SILK-TOP
 10
75.266550
 20
79.668878
 40
0.101600
 41
0.101600
 42
0.000000
  0
VERTEX
  8
PG_NEW-SILK-TOP
 10
75.266550
 20
81.468722
 40
0.101600
 41
0.101600
 42
0.000000
  0
VERTEX
  8
PG_NEW-SILK-TOP
 10
76.066650
 20
81.468722
 40
0.101600
 41
0.101600
 42
0.000000
  0
VERTEX
  8
PG_NEW-SILK-TOP
 10
76.066650
 20
79.668878
 40
0.101600
 41
0.101600
 42
0.000000
  0
SEQEND
  0
POLYLINE
  8
PIN_TOP
 66
1
 70
1
 40
0.000000
 41
0.000000
 39
0.000000
  0
VERTEX
  8
PIN_TOP
 10
76.805663
 20
79.893795
 40
0.000000
 41
0.000000
 42
0.000000
  0
VERTEX
  8
PIN_TOP
 10
76.305537
 20
79.893795
 40
0.000000
 41
0.000000
 42
0.000000
  0
VERTEX
  8
PIN_TOP
 10
76.305537
 20
80.393921
 40
0.000000
 41
0.000000
 42
0.000000
  0
VERTEX
  8
PIN_TOP
 10
76.805663
 20
80.393921
 40
0.000000
 41
0.000000
 42
0.000000
  0
SEQEND
  0
POLYLINE
  8
PIN_TOP
 66
1
 70
1
 40
0.000000
 41
0.000000
 39
0.000000
  0
VERTEX
  8
PIN_TOP
 10
76.805663
 20
80.743679
 40
0.000000
 41
0.000000
 42
0.000000
  0
VERTEX
  8
PIN_TOP
 10
76.305537
 20
80.743679
 40
0.000000
 41
0.000000
 42
0.000000
  0
VERTEX
  8
PIN_TOP
 10
76.305537
 20
81.243805
 40
0.000000
 41
0.000000
 42
0.000000
  0
VERTEX
  8
PIN_TOP
 10
76.805663
 20
81.243805
 40
0.000000
 41
0.000000
 42
0.000000
  0
SEQEND
  0
POLYLINE
  8
PG_NEW-SILK-TOP
 66
1
 70
0
 40
0.000000
 41
0.000000
 39
0.000000
  0
VERTEX
  8
PG_NEW-SILK-TOP
 10
76.955650
 20
79.668878
 40
0.101600
 41
0.101600
 42
0.000000
  0
VERTEX
  8
PG_NEW-SILK-TOP
 10
76.155550
 20
79.668878
 40
0.101600
 41
0.101600
 42
0.000000
  0
VERTEX
  8
PG_NEW-SILK-TOP
 10
76.155550
 20
81.468722
 40
0.101600
 41
0.101600
 42
0.000000
  0
VERTEX
  8
PG_NEW-SILK-TOP
 10
76.955650
 20
81.468722
 40
0.101600
 41
0.101600
 42
0.000000
  0
VERTEX
  8
PG_NEW-SILK-TOP
 10
76.955650
 20
79.668878
 40
0.101600
 41
0.101600
 42
0.000000
  0
SEQEND
  0
POLYLINE
  8
PIN_TOP
 66
1
 70
1
 40
0.000000
 41
0.000000
 39
0.000000
  0
VERTEX
  8
PIN_TOP
 10
78.101063
 20
79.792195
 40
0.000000
 41
0.000000
 42
0.000000
  0
VERTEX
  8
PIN_TOP
 10
77.600937
 20
79.792195
 40
0.000000
 41
0.000000
 42
0.000000
  0
VERTEX
  8
PIN_TOP
 10
77.600937
 20
80.292321
 40
0.000000
 41
0.000000
 42
0.000000
  0
VERTEX
  8
PIN_TOP
 10
78.101063
 20
80.292321
 40
0.000000
 41
0.000000
 42
0.000000
  0
SEQEND
  0
POLYLINE
  8
PIN_TOP
 66
1
 70
1
 40
0.000000
 41
0.000000
 39
0.000000
  0
VERTEX
  8
PIN_TOP
 10
78.101063
 20
80.642079
 40
0.000000
 41
0.000000
 42
0.000000
  0
VERTEX
  8
PIN_TOP
 10
77.600937
 20
80.642079
 40
0.000000
 41
0.000000
 42
0.000000
  0
VERTEX
  8
PIN_TOP
 10
77.600937
 20
81.142205
 40
0.000000
 41
0.000000
 42
0.000000
  0
VERTEX
  8
PIN_TOP
 10
78.101063
 20
81.142205
 40
0.000000
 41
0.000000
 42
0.000000
  0
SEQEND
  0
POLYLINE
  8
PG_NEW-SILK-TOP
 66
1
 70
0
 40
0.000000
 41
0.000000
 39
0.000000
  0
VERTEX
  8
PG_NEW-SILK-TOP
 10
78.251050
 20
79.567278
 40
0.101600
 41
0.101600
 42
0.000000
  0
VERTEX
  8
PG_NEW-SILK-TOP
 10
77.450950
 20
79.567278
 40
0.101600
 41
0.101600
 42
0.000000
  0
VERTEX
  8
PG_NEW-SILK-TOP
 10
77.450950
 20
81.367122
 40
0.101600
 41
0.101600
 42
0.000000
  0
VERTEX
  8
PG_NEW-SILK-TOP
 10
78.251050
 20
81.367122
 40
0.101600
 41
0.101600
 42
0.000000
  0
VERTEX
  8
PG_NEW-SILK-TOP
 10
78.251050
 20
79.567278
 40
0.101600
 41
0.101600
 42
0.000000
  0
SEQEND
  0
POLYLINE
  8
PIN_TOP
 66
1
 70
1
 40
0.000000
 41
0.000000
 39
0.000000
  0
VERTEX
  8
PIN_TOP
 10
79.015463
 20
79.792195
 40
0.000000
 41
0.000000
 42
0.000000
  0
VERTEX
  8
PIN_TOP
 10
78.515337
 20
79.792195
 40
0.000000
 41
0.000000
 42
0.000000
  0
VERTEX
  8
PIN_TOP
 10
78.515337
 20
80.292321
 40
0.000000
 41
0.000000
 42
0.000000
  0
VERTEX
  8
PIN_TOP
 10
79.015463
 20
80.292321
 40
0.000000
 41
0.000000
 42
0.000000
  0
SEQEND
  0
POLYLINE
  8
PIN_TOP
 66
1
 70
1
 40
0.000000
 41
0.000000
 39
0.000000
  0
VERTEX
  8
PIN_TOP
 10
79.015463
 20
80.642079
 40
0.000000
 41
0.000000
 42
0.000000
  0
VERTEX
  8
PIN_TOP
 10
78.515337
 20
80.642079
 40
0.000000
 41
0.000000
 42
0.000000
  0
VERTEX
  8
PIN_TOP
 10
78.515337
 20
81.142205
 40
0.000000
 41
0.000000
 42
0.000000
  0
VERTEX
  8
PIN_TOP
 10
79.015463
 20
81.142205
 40
0.000000
 41
0.000000
 42
0.000000
  0
SEQEND
  0
POLYLINE
  8
PG_NEW-SILK-TOP
 66
1
 70
0
 40
0.000000
 41
0.000000
 39
0.000000
  0
VERTEX
  8
PG_NEW-SILK-TOP
 10
79.165450
 20
79.567278
 40
0.101600
 41
0.101600
 42
0.000000
  0
VERTEX
  8
PG_NEW-SILK-TOP
 10
78.365350
 20
79.567278
 40
0.101600
 41
0.101600
 42
0.000000
  0
VERTEX
  8
PG_NEW-SILK-TOP
 10
78.365350
 20
81.367122
 40
0.101600
 41
0.101600
 42
0.000000
  0
VERTEX
  8
PG_NEW-SILK-TOP
 10
79.165450
 20
81.367122
 40
0.101600
 41
0.101600
 42
0.000000
  0
VERTEX
  8
PG_NEW-SILK-TOP
 10
79.165450
 20
79.567278
 40
0.101600
 41
0.101600
 42
0.000000
  0
SEQEND
  0
POLYLINE
  8
PIN_TOP
 66
1
 70
1
 40
0.000000
 41
0.000000
 39
0.000000
  0
VERTEX
  8
PIN_TOP
 10
70.372605
 20
106.015663
 40
0.000000
 41
0.000000
 42
0.000000
  0
VERTEX
  8
PIN_TOP
 10
70.372605
 20
105.515537
 40
0.000000
 41
0.000000
 42
0.000000
  0
VERTEX
  8
PIN_TOP
 10
69.872479
 20
105.515537
 40
0.000000
 41
0.000000
 42
0.000000
  0
VERTEX
  8
PIN_TOP
 10
69.872479
 20
106.015663
 40
0.000000
 41
0.000000
 42
0.000000
  0
SEQEND
  0
POLYLINE
  8
PIN_TOP
 66
1
 70
1
 40
0.000000
 41
0.000000
 39
0.000000
  0
VERTEX
  8
PIN_TOP
 10
69.522721
 20
106.015663
 40
0.000000
 41
0.000000
 42
0.000000
  0
VERTEX
  8
PIN_TOP
 10
69.522721
 20
105.515537
 40
0.000000
 41
0.000000
 42
0.000000
  0
VERTEX
  8
PIN_TOP
 10
69.022595
 20
105.515537
 40
0.000000
 41
0.000000
 42
0.000000
  0
VERTEX
  8
PIN_TOP
 10
69.022595
 20
106.015663
 40
0.000000
 41
0.000000
 42
0.000000
  0
SEQEND
  0
POLYLINE
  8
PG_NEW-SILK-TOP
 66
1
 70
0
 40
0.000000
 41
0.000000
 39
0.000000
  0
VERTEX
  8
PG_NEW-SILK-TOP
 10
70.597522
 20
106.165650
 40
0.101600
 41
0.101600
 42
0.000000
  0
VERTEX
  8
PG_NEW-SILK-TOP
 10
70.597522
 20
105.365550
 40
0.101600
 41
0.101600
 42
0.000000
  0
VERTEX
  8
PG_NEW-SILK-TOP
 10
68.797678
 20
105.365550
 40
0.101600
 41
0.101600
 42
0.000000
  0
VERTEX
  8
PG_NEW-SILK-TOP
 10
68.797678
 20
106.165650
 40
0.101600
 41
0.101600
 42
0.000000
  0
VERTEX
  8
PG_NEW-SILK-TOP
 10
70.597522
 20
106.165650
 40
0.101600
 41
0.101600
 42
0.000000
  0
SEQEND
  0
POLYLINE
  8
PIN_TOP
 66
1
 70
1
 40
0.000000
 41
0.000000
 39
0.000000
  0
VERTEX
  8
PIN_TOP
 10
72.201405
 20
100.732463
 40
0.000000
 41
0.000000
 42
0.000000
  0
VERTEX
  8
PIN_TOP
 10
72.201405
 20
100.232337
 40
0.000000
 41
0.000000
 42
0.000000
  0
VERTEX
  8
PIN_TOP
 10
71.701279
 20
100.232337
 40
0.000000
 41
0.000000
 42
0.000000
  0
VERTEX
  8
PIN_TOP
 10
71.701279
 20
100.732463
 40
0.000000
 41
0.000000
 42
0.000000
  0
SEQEND
  0
POLYLINE
  8
PIN_TOP
 66
1
 70
1
 40
0.000000
 41
0.000000
 39
0.000000
  0
VERTEX
  8
PIN_TOP
 10
71.351521
 20
100.732463
 40
0.000000
 41
0.000000
 42
0.000000
  0
VERTEX
  8
PIN_TOP
 10
71.351521
 20
100.232337
 40
0.000000
 41
0.000000
 42
0.000000
  0
VERTEX
  8
PIN_TOP
 10
70.851395
 20
100.232337
 40
0.000000
 41
0.000000
 42
0.000000
  0
VERTEX
  8
PIN_TOP
 10
70.851395
 20
100.732463
 40
0.000000
 41
0.000000
 42
0.000000
  0
SEQEND
  0
POLYLINE
  8
PG_NEW-SILK-TOP
 66
1
 70
0
 40
0.000000
 41
0.000000
 39
0.000000
  0
VERTEX
  8
PG_NEW-SILK-TOP
 10
72.426322
 20
100.882450
 40
0.101600
 41
0.101600
 42
0.000000
  0
VERTEX
  8
PG_NEW-SILK-TOP
 10
72.426322
 20
100.082350
 40
0.101600
 41
0.101600
 42
0.000000
  0
VERTEX
  8
PG_NEW-SILK-TOP
 10
70.626478
 20
100.082350
 40
0.101600
 41
0.101600
 42
0.000000
  0
VERTEX
  8
PG_NEW-SILK-TOP
 10
70.626478
 20
100.882450
 40
0.101600
 41
0.101600
 42
0.000000
  0
VERTEX
  8
PG_NEW-SILK-TOP
 10
72.426322
 20
100.882450
 40
0.101600
 41
0.101600
 42
0.000000
  0
SEQEND
  0
POLYLINE
  8
PIN_TOP
 66
1
 70
1
 40
0.000000
 41
0.000000
 39
0.000000
  0
VERTEX
  8
PIN_TOP
 10
59.610752
 20
47.705010
 40
0.000000
 41
0.000000
 42
0.000000
  0
VERTEX
  8
PIN_TOP
 10
59.610752
 20
48.205136
 40
0.000000
 41
0.000000
 42
0.000000
  0
VERTEX
  8
PIN_TOP
 10
60.110878
 20
48.205136
 40
0.000000
 41
0.000000
 42
0.000000
  0
VERTEX
  8
PIN_TOP
 10
60.110878
 20
47.705010
 40
0.000000
 41
0.000000
 42
0.000000
  0
SEQEND
  0
POLYLINE
  8
PIN_TOP
 66
1
 70
1
 40
0.000000
 41
0.000000
 39
0.000000
  0
VERTEX
  8
PIN_TOP
 10
58.760868
 20
47.705010
 40
0.000000
 41
0.000000
 42
0.000000
  0
VERTEX
  8
PIN_TOP
 10
58.760868
 20
48.205136
 40
0.000000
 41
0.000000
 42
0.000000
  0
VERTEX
  8
PIN_TOP
 10
59.260994
 20
48.205136
 40
0.000000
 41
0.000000
 42
0.000000
  0
VERTEX
  8
PIN_TOP
 10
59.260994
 20
47.705010
 40
0.000000
 41
0.000000
 42
0.000000
  0
SEQEND
  0
POLYLINE
  8
PG_NEW-SILK-TOP
 66
1
 70
0
 40
0.000000
 41
0.000000
 39
0.000000
  0
VERTEX
  8
PG_NEW-SILK-TOP
 10
58.536078
 20
47.555150
 40
0.101600
 41
0.101600
 42
0.000000
  0
VERTEX
  8
PG_NEW-SILK-TOP
 10
58.536078
 20
48.355250
 40
0.101600
 41
0.101600
 42
0.000000
  0
VERTEX
  8
PG_NEW-SILK-TOP
 10
60.335922
 20
48.355250
 40
0.101600
 41
0.101600
 42
0.000000
  0
VERTEX
  8
PG_NEW-SILK-TOP
 10
60.335922
 20
47.555150
 40
0.101600
 41
0.101600
 42
0.000000
  0
VERTEX
  8
PG_NEW-SILK-TOP
 10
58.536078
 20
47.555150
 40
0.101600
 41
0.101600
 42
0.000000
  0
SEQEND
  0
POLYLINE
  8
PIN_TOP
 66
1
 70
1
 40
0.000000
 41
0.000000
 39
0.000000
  0
VERTEX
  8
PIN_TOP
 10
59.915552
 20
46.790610
 40
0.000000
 41
0.000000
 42
0.000000
  0
VERTEX
  8
PIN_TOP
 10
59.915552
 20
47.290736
 40
0.000000
 41
0.000000
 42
0.000000
  0
VERTEX
  8
PIN_TOP
 10
60.415678
 20
47.290736
 40
0.000000
 41
0.000000
 42
0.000000
  0
VERTEX
  8
PIN_TOP
 10
60.415678
 20
46.790610
 40
0.000000
 41
0.000000
 42
0.000000
  0
SEQEND
  0
POLYLINE
  8
PIN_TOP
 66
1
 70
1
 40
0.000000
 41
0.000000
 39
0.000000
  0
VERTEX
  8
PIN_TOP
 10
59.065668
 20
46.790610
 40
0.000000
 41
0.000000
 42
0.000000
  0
VERTEX
  8
PIN_TOP
 10
59.065668
 20
47.290736
 40
0.000000
 41
0.000000
 42
0.000000
  0
VERTEX
  8
PIN_TOP
 10
59.565794
 20
47.290736
 40
0.000000
 41
0.000000
 42
0.000000
  0
VERTEX
  8
PIN_TOP
 10
59.565794
 20
46.790610
 40
0.000000
 41
0.000000
 42
0.000000
  0
SEQEND
  0
POLYLINE
  8
PG_NEW-SILK-TOP
 66
1
 70
0
 40
0.000000
 41
0.000000
 39
0.000000
  0
VERTEX
  8
PG_NEW-SILK-TOP
 10
58.840878
 20
46.640750
 40
0.101600
 41
0.101600
 42
0.000000
  0
VERTEX
  8
PG_NEW-SILK-TOP
 10
58.840878
 20
47.440850
 40
0.101600
 41
0.101600
 42
0.000000
  0
VERTEX
  8
PG_NEW-SILK-TOP
 10
60.640722
 20
47.440850
 40
0.101600
 41
0.101600
 42
0.000000
  0
VERTEX
  8
PG_NEW-SILK-TOP
 10
60.640722
 20
46.640750
 40
0.101600
 41
0.101600
 42
0.000000
  0
VERTEX
  8
PG_NEW-SILK-TOP
 10
58.840878
 20
46.640750
 40
0.101600
 41
0.101600
 42
0.000000
  0
SEQEND
  0
POLYLINE
  8
PIN_TOP
 66
1
 70
1
 40
0.000000
 41
0.000000
 39
0.000000
  0
VERTEX
  8
PIN_TOP
 10
58.651521
 20
67.610863
 40
0.000000
 41
0.000000
 42
0.000000
  0
VERTEX
  8
PIN_TOP
 10
58.651521
 20
67.110737
 40
0.000000
 41
0.000000
 42
0.000000
  0
VERTEX
  8
PIN_TOP
 10
58.151395
 20
67.110737
 40
0.000000
 41
0.000000
 42
0.000000
  0
VERTEX
  8
PIN_TOP
 10
58.151395
 20
67.610863
 40
0.000000
 41
0.000000
 42
0.000000
  0
SEQEND
  0
POLYLINE
  8
PIN_TOP
 66
1
 70
1
 40
0.000000
 41
0.000000
 39
0.000000
  0
VERTEX
  8
PIN_TOP
 10
59.501405
 20
67.610863
 40
0.000000
 41
0.000000
 42
0.000000
  0
VERTEX
  8
PIN_TOP
 10
59.501405
 20
67.110737
 40
0.000000
 41
0.000000
 42
0.000000
  0
VERTEX
  8
PIN_TOP
 10
59.001279
 20
67.110737
 40
0.000000
 41
0.000000
 42
0.000000
  0
VERTEX
  8
PIN_TOP
 10
59.001279
 20
67.610863
 40
0.000000
 41
0.000000
 42
0.000000
  0
SEQEND
  0
POLYLINE
  8
PG_NEW-SILK-TOP
 66
1
 70
0
 40
0.000000
 41
0.000000
 39
0.000000
  0
VERTEX
  8
PG_NEW-SILK-TOP
 10
59.726322
 20
67.760850
 40
0.101600
 41
0.101600
 42
0.000000
  0
VERTEX
  8
PG_NEW-SILK-TOP
 10
59.726322
 20
66.960750
 40
0.101600
 41
0.101600
 42
0.000000
  0
VERTEX
  8
PG_NEW-SILK-TOP
 10
57.926478
 20
66.960750
 40
0.101600
 41
0.101600
 42
0.000000
  0
VERTEX
  8
PG_NEW-SILK-TOP
 10
57.926478
 20
67.760850
 40
0.101600
 41
0.101600
 42
0.000000
  0
VERTEX
  8
PG_NEW-SILK-TOP
 10
59.726322
 20
67.760850
 40
0.101600
 41
0.101600
 42
0.000000
  0
SEQEND
  0
POLYLINE
  8
PIN_TOP
 66
1
 70
1
 40
0.000000
 41
0.000000
 39
0.000000
  0
VERTEX
  8
PIN_TOP
 10
58.779537
 20
72.164321
 40
0.000000
 41
0.000000
 42
0.000000
  0
VERTEX
  8
PIN_TOP
 10
59.279663
 20
72.164321
 40
0.000000
 41
0.000000
 42
0.000000
  0
VERTEX
  8
PIN_TOP
 10
59.279663
 20
71.664195
 40
0.000000
 41
0.000000
 42
0.000000
  0
VERTEX
  8
PIN_TOP
 10
58.779537
 20
71.664195
 40
0.000000
 41
0.000000
 42
0.000000
  0
SEQEND
  0
POLYLINE
  8
PIN_TOP
 66
1
 70
1
 40
0.000000
 41
0.000000
 39
0.000000
  0
VERTEX
  8
PIN_TOP
 10
58.779537
 20
73.014205
 40
0.000000
 41
0.000000
 42
0.000000
  0
VERTEX
  8
PIN_TOP
 10
59.279663
 20
73.014205
 40
0.000000
 41
0.000000
 42
0.000000
  0
VERTEX
  8
PIN_TOP
 10
59.279663
 20
72.514079
 40
0.000000
 41
0.000000
 42
0.000000
  0
VERTEX
  8
PIN_TOP
 10
58.779537
 20
72.514079
 40
0.000000
 41
0.000000
 42
0.000000
  0
SEQEND
  0
POLYLINE
  8
PG_NEW-SILK-TOP
 66
1
 70
0
 40
0.000000
 41
0.000000
 39
0.000000
  0
VERTEX
  8
PG_NEW-SILK-TOP
 10
58.629550
 20
73.239122
 40
0.101600
 41
0.101600
 42
0.000000
  0
VERTEX
  8
PG_NEW-SILK-TOP
 10
59.429650
 20
73.239122
 40
0.101600
 41
0.101600
 42
0.000000
  0
VERTEX
  8
PG_NEW-SILK-TOP
 10
59.429650
 20
71.439278
 40
0.101600
 41
0.101600
 42
0.000000
  0
VERTEX
  8
PG_NEW-SILK-TOP
 10
58.629550
 20
71.439278
 40
0.101600
 41
0.101600
 42
0.000000
  0
VERTEX
  8
PG_NEW-SILK-TOP
 10
58.629550
 20
73.239122
 40
0.101600
 41
0.101600
 42
0.000000
  0
SEQEND
  0
POLYLINE
  8
PIN_TOP
 66
1
 70
1
 40
0.000000
 41
0.000000
 39
0.000000
  0
VERTEX
  8
PIN_TOP
 10
58.982737
 20
65.458721
 40
0.000000
 41
0.000000
 42
0.000000
  0
VERTEX
  8
PIN_TOP
 10
59.482863
 20
65.458721
 40
0.000000
 41
0.000000
 42
0.000000
  0
VERTEX
  8
PIN_TOP
 10
59.482863
 20
64.958595
 40
0.000000
 41
0.000000
 42
0.000000
  0
VERTEX
  8
PIN_TOP
 10
58.982737
 20
64.958595
 40
0.000000
 41
0.000000
 42
0.000000
  0
SEQEND
  0
POLYLINE
  8
PIN_TOP
 66
1
 70
1
 40
0.000000
 41
0.000000
 39
0.000000
  0
VERTEX
  8
PIN_TOP
 10
58.982737
 20
66.308605
 40
0.000000
 41
0.000000
 42
0.000000
  0
VERTEX
  8
PIN_TOP
 10
59.482863
 20
66.308605
 40
0.000000
 41
0.000000
 42
0.000000
  0
VERTEX
  8
PIN_TOP
 10
59.482863
 20
65.808479
 40
0.000000
 41
0.000000
 42
0.000000
  0
VERTEX
  8
PIN_TOP
 10
58.982737
 20
65.808479
 40
0.000000
 41
0.000000
 42
0.000000
  0
SEQEND
  0
POLYLINE
  8
PG_NEW-SILK-TOP
 66
1
 70
0
 40
0.000000
 41
0.000000
 39
0.000000
  0
VERTEX
  8
PG_NEW-SILK-TOP
 10
58.832750
 20
66.533522
 40
0.101600
 41
0.101600
 42
0.000000
  0
VERTEX
  8
PG_NEW-SILK-TOP
 10
59.632850
 20
66.533522
 40
0.101600
 41
0.101600
 42
0.000000
  0
VERTEX
  8
PG_NEW-SILK-TOP
 10
59.632850
 20
64.733678
 40
0.101600
 41
0.101600
 42
0.000000
  0
VERTEX
  8
PG_NEW-SILK-TOP
 10
58.832750
 20
64.733678
 40
0.101600
 41
0.101600
 42
0.000000
  0
VERTEX
  8
PG_NEW-SILK-TOP
 10
58.832750
 20
66.533522
 40
0.101600
 41
0.101600
 42
0.000000
  0
SEQEND
  0
POLYLINE
  8
PIN_TOP
 66
1
 70
1
 40
0.000000
 41
0.000000
 39
0.000000
  0
VERTEX
  8
PIN_TOP
 10
58.068337
 20
65.458721
 40
0.000000
 41
0.000000
 42
0.000000
  0
VERTEX
  8
PIN_TOP
 10
58.568463
 20
65.458721
 40
0.000000
 41
0.000000
 42
0.000000
  0
VERTEX
  8
PIN_TOP
 10
58.568463
 20
64.958595
 40
0.000000
 41
0.000000
 42
0.000000
  0
VERTEX
  8
PIN_TOP
 10
58.068337
 20
64.958595
 40
0.000000
 41
0.000000
 42
0.000000
  0
SEQEND
  0
POLYLINE
  8
PIN_TOP
 66
1
 70
1
 40
0.000000
 41
0.000000
 39
0.000000
  0
VERTEX
  8
PIN_TOP
 10
58.068337
 20
66.308605
 40
0.000000
 41
0.000000
 42
0.000000
  0
VERTEX
  8
PIN_TOP
 10
58.568463
 20
66.308605
 40
0.000000
 41
0.000000
 42
0.000000
  0
VERTEX
  8
PIN_TOP
 10
58.568463
 20
65.808479
 40
0.000000
 41
0.000000
 42
0.000000
  0
VERTEX
  8
PIN_TOP
 10
58.068337
 20
65.808479
 40
0.000000
 41
0.000000
 42
0.000000
  0
SEQEND
  0
POLYLINE
  8
PG_NEW-SILK-TOP
 66
1
 70
0
 40
0.000000
 41
0.000000
 39
0.000000
  0
VERTEX
  8
PG_NEW-SILK-TOP
 10
57.918350
 20
66.533522
 40
0.101600
 41
0.101600
 42
0.000000
  0
VERTEX
  8
PG_NEW-SILK-TOP
 10
58.718450
 20
66.533522
 40
0.101600
 41
0.101600
 42
0.000000
  0
VERTEX
  8
PG_NEW-SILK-TOP
 10
58.718450
 20
64.733678
 40
0.101600
 41
0.101600
 42
0.000000
  0
VERTEX
  8
PG_NEW-SILK-TOP
 10
57.918350
 20
64.733678
 40
0.101600
 41
0.101600
 42
0.000000
  0
VERTEX
  8
PG_NEW-SILK-TOP
 10
57.918350
 20
66.533522
 40
0.101600
 41
0.101600
 42
0.000000
  0
SEQEND
  0
POLYLINE
  8
PIN_TOP
 66
1
 70
1
 40
0.000000
 41
0.000000
 39
0.000000
  0
VERTEX
  8
PIN_TOP
 10
75.974321
 20
73.960863
 40
0.000000
 41
0.000000
 42
0.000000
  0
VERTEX
  8
PIN_TOP
 10
75.974321
 20
73.460737
 40
0.000000
 41
0.000000
 42
0.000000
  0
VERTEX
  8
PIN_TOP
 10
75.474195
 20
73.460737
 40
0.000000
 41
0.000000
 42
0.000000
  0
VERTEX
  8
PIN_TOP
 10
75.474195
 20
73.960863
 40
0.000000
 41
0.000000
 42
0.000000
  0
SEQEND
  0
POLYLINE
  8
PIN_TOP
 66
1
 70
1
 40
0.000000
 41
0.000000
 39
0.000000
  0
VERTEX
  8
PIN_TOP
 10
76.824205
 20
73.960863
 40
0.000000
 41
0.000000
 42
0.000000
  0
VERTEX
  8
PIN_TOP
 10
76.824205
 20
73.460737
 40
0.000000
 41
0.000000
 42
0.000000
  0
VERTEX
  8
PIN_TOP
 10
76.324079
 20
73.460737
 40
0.000000
 41
0.000000
 42
0.000000
  0
VERTEX
  8
PIN_TOP
 10
76.324079
 20
73.960863
 40
0.000000
 41
0.000000
 42
0.000000
  0
SEQEND
  0
POLYLINE
  8
PG_NEW-SILK-TOP
 66
1
 70
0
 40
0.000000
 41
0.000000
 39
0.000000
  0
VERTEX
  8
PG_NEW-SILK-TOP
 10
77.049122
 20
74.110850
 40
0.101600
 41
0.101600
 42
0.000000
  0
VERTEX
  8
PG_NEW-SILK-TOP
 10
77.049122
 20
73.310750
 40
0.101600
 41
0.101600
 42
0.000000
  0
VERTEX
  8
PG_NEW-SILK-TOP
 10
75.249278
 20
73.310750
 40
0.101600
 41
0.101600
 42
0.000000
  0
VERTEX
  8
PG_NEW-SILK-TOP
 10
75.249278
 20
74.110850
 40
0.101600
 41
0.101600
 42
0.000000
  0
VERTEX
  8
PG_NEW-SILK-TOP
 10
77.049122
 20
74.110850
 40
0.101600
 41
0.101600
 42
0.000000
  0
SEQEND
  0
POLYLINE
  8
PIN_TOP
 66
1
 70
1
 40
0.000000
 41
0.000000
 39
0.000000
  0
VERTEX
  8
PIN_TOP
 10
77.853921
 20
73.986263
 40
0.000000
 41
0.000000
 42
0.000000
  0
VERTEX
  8
PIN_TOP
 10
77.853921
 20
73.486137
 40
0.000000
 41
0.000000
 42
0.000000
  0
VERTEX
  8
PIN_TOP
 10
77.353795
 20
73.486137
 40
0.000000
 41
0.000000
 42
0.000000
  0
VERTEX
  8
PIN_TOP
 10
77.353795
 20
73.986263
 40
0.000000
 41
0.000000
 42
0.000000
  0
SEQEND
  0
POLYLINE
  8
PIN_TOP
 66
1
 70
1
 40
0.000000
 41
0.000000
 39
0.000000
  0
VERTEX
  8
PIN_TOP
 10
78.703805
 20
73.986263
 40
0.000000
 41
0.000000
 42
0.000000
  0
VERTEX
  8
PIN_TOP
 10
78.703805
 20
73.486137
 40
0.000000
 41
0.000000
 42
0.000000
  0
VERTEX
  8
PIN_TOP
 10
78.203679
 20
73.486137
 40
0.000000
 41
0.000000
 42
0.000000
  0
VERTEX
  8
PIN_TOP
 10
78.203679
 20
73.986263
 40
0.000000
 41
0.000000
 42
0.000000
  0
SEQEND
  0
POLYLINE
  8
PG_NEW-SILK-TOP
 66
1
 70
0
 40
0.000000
 41
0.000000
 39
0.000000
  0
VERTEX
  8
PG_NEW-SILK-TOP
 10
78.928722
 20
74.136250
 40
0.101600
 41
0.101600
 42
0.000000
  0
VERTEX
  8
PG_NEW-SILK-TOP
 10
78.928722
 20
73.336150
 40
0.101600
 41
0.101600
 42
0.000000
  0
VERTEX
  8
PG_NEW-SILK-TOP
 10
77.128878
 20
73.336150
 40
0.101600
 41
0.101600
 42
0.000000
  0
VERTEX
  8
PG_NEW-SILK-TOP
 10
77.128878
 20
74.136250
 40
0.101600
 41
0.101600
 42
0.000000
  0
VERTEX
  8
PG_NEW-SILK-TOP
 10
78.928722
 20
74.136250
 40
0.101600
 41
0.101600
 42
0.000000
  0
SEQEND
  0
POLYLINE
  8
PIN_TOP
 66
1
 70
1
 40
0.000000
 41
0.000000
 39
0.000000
  0
VERTEX
  8
PIN_TOP
 10
64.081152
 20
64.875410
 40
0.000000
 41
0.000000
 42
0.000000
  0
VERTEX
  8
PIN_TOP
 10
64.081152
 20
65.375536
 40
0.000000
 41
0.000000
 42
0.000000
  0
VERTEX
  8
PIN_TOP
 10
64.581278
 20
65.375536
 40
0.000000
 41
0.000000
 42
0.000000
  0
VERTEX
  8
PIN_TOP
 10
64.581278
 20
64.875410
 40
0.000000
 41
0.000000
 42
0.000000
  0
SEQEND
  0
POLYLINE
  8
PIN_TOP
 66
1
 70
1
 40
0.000000
 41
0.000000
 39
0.000000
  0
VERTEX
  8
PIN_TOP
 10
63.231268
 20
64.875410
 40
0.000000
 41
0.000000
 42
0.000000
  0
VERTEX
  8
PIN_TOP
 10
63.231268
 20
65.375536
 40
0.000000
 41
0.000000
 42
0.000000
  0
VERTEX
  8
PIN_TOP
 10
63.731394
 20
65.375536
 40
0.000000
 41
0.000000
 42
0.000000
  0
VERTEX
  8
PIN_TOP
 10
63.731394
 20
64.875410
 40
0.000000
 41
0.000000
 42
0.000000
  0
SEQEND
  0
POLYLINE
  8
PG_NEW-SILK-TOP
 66
1
 70
0
 40
0.000000
 41
0.000000
 39
0.000000
  0
VERTEX
  8
PG_NEW-SILK-TOP
 10
63.006478
 20
64.725550
 40
0.101600
 41
0.101600
 42
0.000000
  0
VERTEX
  8
PG_NEW-SILK-TOP
 10
63.006478
 20
65.525650
 40
0.101600
 41
0.101600
 42
0.000000
  0
VERTEX
  8
PG_NEW-SILK-TOP
 10
64.806322
 20
65.525650
 40
0.101600
 41
0.101600
 42
0.000000
  0
VERTEX
  8
PG_NEW-SILK-TOP
 10
64.806322
 20
64.725550
 40
0.101600
 41
0.101600
 42
0.000000
  0
VERTEX
  8
PG_NEW-SILK-TOP
 10
63.006478
 20
64.725550
 40
0.101600
 41
0.101600
 42
0.000000
  0
SEQEND
  0
POLYLINE
  8
PG_SILKSCREEN_TOP
 66
1
 70
0
 40
0.000000
 41
0.000000
 39
0.000000
  0
VERTEX
  8
PG_SILKSCREEN_TOP
 10
70.430390
 20
60.227210
 40
0.119888
 41
0.119888
 42
0.000000
  0
VERTEX
  8
PG_SILKSCREEN_TOP
 10
70.430390
 20
59.977274
 40
0.119888
 41
0.119888
 42
0.000000
  0
VERTEX
  8
PG_SILKSCREEN_TOP
 10
70.440296
 20
59.977274
 40
0.119888
 41
0.119888
 42
0.000000
  0
VERTEX
  8
PG_SILKSCREEN_TOP
 10
70.590410
 20
60.127388
 40
0.119888
 41
0.119888
 42
0.000000
  0
VERTEX
  8
PG_SILKSCREEN_TOP
 10
70.590410
 20
60.157360
 40
0.119888
 41
0.119888
 42
0.000000
  0
VERTEX
  8
PG_SILKSCREEN_TOP
 10
70.430390
 20
60.317380
 40
0.119888
 41
0.119888
 42
0.000000
  0
VERTEX
  8
PG_SILKSCREEN_TOP
 10
70.430390
 20
60.207144
 40
0.119888
 41
0.119888
 42
0.000000
  0
VERTEX
  8
PG_SILKSCREEN_TOP
 10
70.510400
 20
60.127388
 40
0.119888
 41
0.119888
 42
0.000000
  0
VERTEX
  8
PG_SILKSCREEN_TOP
 10
70.510400
 20
60.067190
 40
0.119888
 41
0.119888
 42
0.000000
  0
SEQEND
  0
POLYLINE
  8
PG_SILKSCREEN_TOP
 66
1
 70
0
 40
0.000000
 41
0.000000
 39
0.000000
  0
VERTEX
  8
PG_SILKSCREEN_TOP
 10
70.227190
 20
57.484010
 40
0.119888
 41
0.119888
 42
0.000000
  0
VERTEX
  8
PG_SILKSCREEN_TOP
 10
70.227190
 20
57.234074
 40
0.119888
 41
0.119888
 42
0.000000
  0
VERTEX
  8
PG_SILKSCREEN_TOP
 10
70.237096
 20
57.234074
 40
0.119888
 41
0.119888
 42
0.000000
  0
VERTEX
  8
PG_SILKSCREEN_TOP
 10
70.387210
 20
57.384188
 40
0.119888
 41
0.119888
 42
0.000000
  0
VERTEX
  8
PG_SILKSCREEN_TOP
 10
70.387210
 20
57.414160
 40
0.119888
 41
0.119888
 42
0.000000
  0
VERTEX
  8
PG_SILKSCREEN_TOP
 10
70.227190
 20
57.574180
 40
0.119888
 41
0.119888
 42
0.000000
  0
VERTEX
  8
PG_SILKSCREEN_TOP
 10
70.227190
 20
57.463944
 40
0.119888
 41
0.119888
 42
0.000000
  0
VERTEX
  8
PG_SILKSCREEN_TOP
 10
70.307200
 20
57.384188
 40
0.119888
 41
0.119888
 42
0.000000
  0
VERTEX
  8
PG_SILKSCREEN_TOP
 10
70.307200
 20
57.323990
 40
0.119888
 41
0.119888
 42
0.000000
  0
SEQEND
  0
POLYLINE
  8
PG_SILKSCREEN_TOP
 66
1
 70
0
 40
0.000000
 41
0.000000
 39
0.000000
  0
VERTEX
  8
PG_SILKSCREEN_TOP
 10
55.901590
 20
70.793356
 40
0.119888
 41
0.119888
 42
0.000000
  0
VERTEX
  8
PG_SILKSCREEN_TOP
 10
55.901590
 20
70.543420
 40
0.119888
 41
0.119888
 42
0.000000
  0
VERTEX
  8
PG_SILKSCREEN_TOP
 10
55.911496
 20
70.543420
 40
0.119888
 41
0.119888
 42
0.000000
  0
VERTEX
  8
PG_SILKSCREEN_TOP
 10
56.061610
 20
70.693534
 40
0.119888
 41
0.119888
 42
0.000000
  0
VERTEX
  8
PG_SILKSCREEN_TOP
 10
56.061610
 20
70.723506
 40
0.119888
 41
0.119888
 42
0.000000
  0
VERTEX
  8
PG_SILKSCREEN_TOP
 10
55.901590
 20
70.883526
 40
0.119888
 41
0.119888
 42
0.000000
  0
VERTEX
  8
PG_SILKSCREEN_TOP
 10
55.901590
 20
70.773290
 40
0.119888
 41
0.119888
 42
0.000000
  0
VERTEX
  8
PG_SILKSCREEN_TOP
 10
55.981600
 20
70.693534
 40
0.119888
 41
0.119888
 42
0.000000
  0
VERTEX
  8
PG_SILKSCREEN_TOP
 10
55.981600
 20
70.633336
 40
0.119888
 41
0.119888
 42
0.000000
  0
SEQEND
  0
POLYLINE
  8
PG_SILKSCREEN_TOP
 66
1
 70
0
 40
0.000000
 41
0.000000
 39
0.000000
  0
VERTEX
  8
PG_SILKSCREEN_TOP
 10
58.592212
 20
74.006456
 40
0.119888
 41
0.119888
 42
0.000000
  0
VERTEX
  8
PG_SILKSCREEN_TOP
 10
58.768996
 20
74.183240
 40
0.119888
 41
0.119888
 42
0.000000
  0
VERTEX
  8
PG_SILKSCREEN_TOP
 10
58.762138
 20
74.190098
 40
0.119888
 41
0.119888
 42
0.000000
  0
VERTEX
  8
PG_SILKSCREEN_TOP
 10
58.549794
 20
74.190098
 40
0.119888
 41
0.119888
 42
0.000000
  0
VERTEX
  8
PG_SILKSCREEN_TOP
 10
58.528458
 20
74.169016
 40
0.119888
 41
0.119888
 42
0.000000
  0
VERTEX
  8
PG_SILKSCREEN_TOP
 10
58.528458
 20
73.942702
 40
0.119888
 41
0.119888
 42
0.000000
  0
VERTEX
  8
PG_SILKSCREEN_TOP
 10
58.606436
 20
74.020680
 40
0.119888
 41
0.119888
 42
0.000000
  0
VERTEX
  8
PG_SILKSCREEN_TOP
 10
58.606436
 20
74.133456
 40
0.119888
 41
0.119888
 42
0.000000
  0
VERTEX
  8
PG_SILKSCREEN_TOP
 10
58.648854
 20
74.176128
 40
0.119888
 41
0.119888
 42
0.000000
  0
SEQEND
  0
POLYLINE
  8
PG_SILKSCREEN_TOP
 66
1
 70
1
 40
0.000000
 41
0.000000
 39
0.000000
  0
VERTEX
  8
PG_SILKSCREEN_TOP
 10
74.371200
 20
65.024000
 40
0.000000
 41
0.000000
 42
0.000000
  0
VERTEX
  8
PG_SILKSCREEN_TOP
 10
75.184000
 20
65.024000
 40
0.000000
 41
0.000000
 42
0.000000
  0
VERTEX
  8
PG_SILKSCREEN_TOP
 10
74.777854
 20
65.734946
 40
0.000000
 41
0.000000
 42
0.000000
  0
SEQEND
  0
POLYLINE
  8
PG_SILKSCREEN_TOP
 66
1
 70
1
 40
0.000000
 41
0.000000
 39
0.000000
  0
VERTEX
  8
PG_SILKSCREEN_TOP
 10
69.864478
 20
49.867566
 40
0.000000
 41
0.000000
 42
0.000000
  0
VERTEX
  8
PG_SILKSCREEN_TOP
 10
69.124322
 20
49.867566
 40
0.000000
 41
0.000000
 42
0.000000
  0
VERTEX
  8
PG_SILKSCREEN_TOP
 10
69.494400
 20
49.497488
 40
0.000000
 41
0.000000
 42
0.000000
  0
SEQEND
  0
POLYLINE
  8
PG_SILKSCREEN_TOP
 66
1
 70
1
 40
0.000000
 41
0.000000
 39
0.000000
  0
VERTEX
  8
PG_SILKSCREEN_TOP
 10
64.784478
 20
49.968912
 40
0.000000
 41
0.000000
 42
0.000000
  0
VERTEX
  8
PG_SILKSCREEN_TOP
 10
64.044322
 20
49.968912
 40
0.000000
 41
0.000000
 42
0.000000
  0
VERTEX
  8
PG_SILKSCREEN_TOP
 10
64.414400
 20
49.598834
 40
0.000000
 41
0.000000
 42
0.000000
  0
SEQEND
  0
POLYLINE
  8
PG_SILKSCREEN_TOP
 66
1
 70
1
 40
0.000000
 41
0.000000
 39
0.000000
  0
VERTEX
  8
PG_SILKSCREEN_TOP
 10
78.307946
 20
78.928722
 40
0.000000
 41
0.000000
 42
0.000000
  0
VERTEX
  8
PG_SILKSCREEN_TOP
 10
78.873858
 20
78.928722
 40
0.000000
 41
0.000000
 42
0.000000
  0
VERTEX
  8
PG_SILKSCREEN_TOP
 10
78.590902
 20
79.211678
 40
0.000000
 41
0.000000
 42
0.000000
  0
SEQEND
  0
POLYLINE
  8
PG_SILKSCREEN_TOP
 66
1
 70
1
 40
0.000000
 41
0.000000
 39
0.000000
  0
VERTEX
  8
PG_SILKSCREEN_TOP
 10
76.174346
 20
78.928722
 40
0.000000
 41
0.000000
 42
0.000000
  0
VERTEX
  8
PG_SILKSCREEN_TOP
 10
76.740258
 20
78.928722
 40
0.000000
 41
0.000000
 42
0.000000
  0
VERTEX
  8
PG_SILKSCREEN_TOP
 10
76.457302
 20
79.211678
 40
0.000000
 41
0.000000
 42
0.000000
  0
SEQEND
  0
POLYLINE
  8
PG_SILKSCREEN_TOP
 66
1
 70
1
 40
0.000000
 41
0.000000
 39
0.000000
  0
VERTEX
  8
PG_SILKSCREEN_TOP
 10
72.542400
 20
59.853576
 40
0.000000
 41
0.000000
 42
0.000000
  0
VERTEX
  8
PG_SILKSCREEN_TOP
 10
72.542400
 20
59.113420
 40
0.000000
 41
0.000000
 42
0.000000
  0
VERTEX
  8
PG_SILKSCREEN_TOP
 10
72.912478
 20
59.483498
 40
0.000000
 41
0.000000
 42
0.000000
  0
SEQEND
  0
POLYLINE
  8
BG_OUTLINE
 66
1
 70
1
 40
0.000000
 41
0.000000
 39
0.000000
  0
VERTEX
  8
BG_OUTLINE
 10
54.629558
 20
106.677206
 40
0.000000
 41
0.000000
 42
1.000000
  0
VERTEX
  8
BG_OUTLINE
 10
51.809771
 20
106.677066
 40
0.000000
 41
0.000000
 42
1.000000
  0
SEQEND
  0
POLYLINE
  8
BG_OUTLINE
 66
1
 70
1
 40
0.000000
 41
0.000000
 39
0.000000
  0
VERTEX
  8
BG_OUTLINE
 10
77.529690
 20
106.677206
 40
0.000000
 41
0.000000
 42
1.000000
  0
VERTEX
  8
BG_OUTLINE
 10
74.709903
 20
106.677066
 40
0.000000
 41
0.000000
 42
1.000000
  0
SEQEND
  0
POLYLINE
  8
BG_OUTLINE
 66
1
 70
1
 40
0.000000
 41
0.000000
 39
0.000000
  0
VERTEX
  8
BG_OUTLINE
 10
77.529690
 20
48.827182
 40
0.000000
 41
0.000000
 42
1.000000
  0
VERTEX
  8
BG_OUTLINE
 10
74.709903
 20
48.827042
 40
0.000000
 41
0.000000
 42
1.000000
  0
SEQEND
  0
POLYLINE
  8
BG_OUTLINE
 66
1
 70
1
 40
0.000000
 41
0.000000
 39
0.000000
  0
VERTEX
  8
BG_OUTLINE
 10
54.679596
 20
48.877220
 40
0.000000
 41
0.000000
 42
1.000000
  0
VERTEX
  8
BG_OUTLINE
 10
51.859809
 20
48.877080
 40
0.000000
 41
0.000000
 42
1.000000
  0
SEQEND
  0
POLYLINE
  8
BG_OUTLINE
 66
1
 70
1
 40
0.000000
 41
0.000000
 39
0.000000
  0
VERTEX
  8
BG_OUTLINE
 10
49.714150
 20
107.799378
 40
0.000000
 41
0.000000
 42
-0.414244
  0
VERTEX
  8
BG_OUTLINE
 10
52.193952
 20
110.278926
 40
0.000000
 41
0.000000
 42
0.000000
  0
VERTEX
  8
BG_OUTLINE
 10
77.254354
 20
110.278926
 40
0.000000
 41
0.000000
 42
-0.414214
  0
VERTEX
  8
BG_OUTLINE
 10
79.719678
 20
107.813602
 40
0.000000
 41
0.000000
 42
0.000000
  0
VERTEX
  8
BG_OUTLINE
 10
79.719678
 20
47.804578
 40
0.000000
 41
0.000000
 42
-0.444754
  0
VERTEX
  8
BG_OUTLINE
 10
76.917296
 20
45.277278
 40
0.000000
 41
0.000000
 42
0.000000
  0
VERTEX
  8
BG_OUTLINE
 10
52.171854
 20
45.277278
 40
0.000000
 41
0.000000
 42
-0.414183
  0
VERTEX
  8
BG_OUTLINE
 10
49.714150
 20
47.734728
 40
0.000000
 41
0.000000
 42
0.000000
  0
SEQEND
  0
TEXT
  8
BG_SILKSCREEN_TOP
 10
60.921900
 20
81.779618
 11
0.000000
 21
0.000000
 40
0.635000
 41
0.760000
 50
0.000000
  7
STANDARD
 71
0
 72
0
  1
Cubie A7Z V1.10
 73
0
  0
ENDSEC
  0
EOF
